/apps/brussel/RL8/zen4/software/SciPy-bundle/2024.05-gfbf-2024a/lib/python3.12/site-packages/numpy/__init__.py
Sat May 24 16:33:27 2025

                            ===========================================
                            ==              C I N D E S              ==
                            ==  An Inverse Molecular Design Program  ==
                            ==      written by Jos L. Teunissen      ==
                            ===========================================

name of input-file:INPUT_FINAL

                                     **************************
                                     **  BEFORE: read_input  **
                                     **************************

funcstr: lambda tdenergy_S,tdenergy_T: tdenergy_S[0] - 2 * tdenergy_T[0] 

SYMMETRY ACTIVATED!
underscore appended to identify
    nch3 keyword is deprecated!
ARRAY:
site 0:  |  CNOO  |  CCN  |  CCFFF  |  CCl  |  CF  |  CBFF  |  CBHH  |  CH  |  CCHHH  |  CSH  |  COCHHH  |  COH  |  CNHH  |  CSiHHH  |  CNMeMe  | 
site 1:  |  CNOO  |  CCN  |  CCFFF  |  CCl  |  CF  |  CBFF  |  CBHH  |  CH  |  CSiHHH  |  CCHHH  |  CSH  |  COCHHH  |  COH  |  CNHH  |  CNMeMe  | 
site 2:  |  CNOO  |  CCN  |  CCFFF  |  CCl  |  CF  |  CBFF  |  CBHH  |  CH  |  CSiHHH  |  CCHHH  |  CSH  |  COCHHH  |  COH  |  CNHH  |  CNMeMe  | 
corresp: {7: 1, 11: 4, 15: 6, 19: 5, 23: 3, 27: 1}
----- END FORMATTING & SPLITTING -----
pyyaml not installed

                                     **************************
                                     **   AFTER: read_input  **
                                     **************************

BaseRun object with the following attributes:
TZmat               =
{'active': [[['C', '1', '1.54000000', '2', '121.24868733', '4', '-0.01049854', '0'],
             ['H', '7', '1.07000000', '1', '109.47120255', '2', '60.00458328', '0'],
             ['H', '7', '1.07000000', '1', '109.47123134', '2', '-59.99540932', '0'],
             ['H', '7', '1.07000000', '1', '109.47120255', '2', '-179.99540192', '0']],
            [['C', '4', '1.54000000', '2', '124.44443622', '1', '-0.02578060', '0'],
             ['H', '11', '1.07000000', '4', '109.47120255', '2', '-59.97659721', '0'],
             ['H', '11', '1.07000000', '4', '109.47120255', '2', '60.02341758', '0'],
             ['H', '11', '1.07000000', '4', '109.47123134', '2', '-179.97658982', '0']],
            [['C', '6', '1.54000000', '4', '126.40421635', '2', '-179.99309324', '0'],
             ['H', '15', '1.07000000', '6', '109.47120255', '4', '-60.00776330', '0'],
             ['H', '15', '1.07000000', '6', '109.47120255', '4', '59.99225149', '0'],
             ['H', '15', '1.07000000', '6', '109.47123134', '4', '179.99224410', '0']],
            [['C', '1', '1.54000000', '2', '121.26293358', '4', '179.96729492', '0'],
             ['H', '27', '1.07000000', '1', '109.47120255', '2', '-59.99939400', '0'],
             ['H', '27', '1.07000000', '1', '109.47120255', '2', '60.00062080', '0'],
             ['H', '27', '1.07000000', '1', '109.47123134', '2', '-179.99938660', '0']],
            [['C', '3', '1.54000000', '2', '124.41629128', '1', '0.03318900', '0'],
             ['H', '23', '1.07000000', '3', '109.47120255', '2', '-60.23356137', '0'],
             ['H', '23', '1.07000000', '3', '109.47120255', '2', '59.76645342', '0'],
             ['H', '23', '1.07000000', '3', '109.47123134', '2', '179.76644602', '0']],
            [['C', '5', '1.54000000', '3', '126.42680237', '2', '-179.99829384', '0'],
             ['H', '19', '1.07000000', '5', '109.47120255', '3', '-60.00000740', '0'],
             ['H', '19', '1.07000000', '5', '109.47120255', '3', '60.00000740', '0'],
             ['H', '19', '1.07000000', '5', '109.47123134', '3', '180.00000000', '0']]],
 'core': [['C'],
          ['C', '1', '1.33650930'],
          ['C', '2', '1.47383518', '1', '126.86135988'],
          ['C', '2', '1.47351672', '1', '127.00354677', '3', '-179.98088737', '0'],
          ['C', '3', '1.34664774', '2', '107.87001302', '1', '-179.98919089', '0'],
          ['C', '4', '1.34667519', '2', '107.86166754', '1', '179.96183244', '0']],
 'passive': []}
assign_geom         = True
calcs               =
[{'geom': 'ZMAT_fulvene',
  'identify': 'id_fulvene_',
  'jobs': [{'charge': '0', 'hotline': '# opt=calcfc freq M062X/6-311+G(d,p)', 'info': {'g_fulvene', 'xyz_fulvene', 'hasimagfreq'}, 'mult': '1'}],
  'nosub': 0,
  'nprocs': 16,
  'path': '/vscmnt/brussel_pixiu_data/_data_brussel/101/vsc10196/testing_program/CINDES/CALC',
  'program': 'gaussian',
  'walltimelimit': '48h'},
 [{'geom': '_fulvene',
   'identify': 'id_fulvene_1_',
   'jobs': [{'charge': '0', 'hotline': '# M062X/6-311+G(d,p) td=(singlets,nstates=3)', 'info': {'tdenergy_S', 'etenergies_S'}, 'mult': '1'}],
   'nosub': 0,
   'nprocs': 16,
   'path': '/vscmnt/brussel_pixiu_data/_data_brussel/101/vsc10196/testing_program/CINDES/CALC',
   'program': 'gaussian',
   'walltimelimit': '8h'},
  {'geom': '_fulvene',
   'identify': 'id_fulvene_2_',
   'jobs': [{'charge': '0', 'hotline': '# M062X/6-311+G(d,p) td=(triplets,nstates=3)', 'info': {'tdenergy_T', 'etenergies_T'}, 'mult': '1'}],
   'nosub': 0,
   'nprocs': 16,
   'path': '/vscmnt/brussel_pixiu_data/_data_brussel/101/vsc10196/testing_program/CINDES/CALC',
   'program': 'gaussian',
   'walltimelimit': '8h'}]]
corresp             = {7: 1, 11: 4, 15: 6, 19: 5, 23: 3, 27: 1}
debug               = True
directory           = /vscmnt/brussel_pixiu_data/_data_brussel/101/vsc10196/testing_program/CINDES
extension           = .com
extrawaittime       = 10.0
func_args           = {'tdenergy_S', 'tdenergy_T'}
function            =lambda function: tdenergy_S[0] - 2 * tdenergy_T[0]
hasimagfreq         = True
identify            = id_fulvene_
logging             = 20
maxiter             = 10
ncore               = 6
nlinks              = 3
node                = node600.hydra.os
nprocs              = 8
nrandsites          = 2
nsites              = 3
optimum             = maximum
path                = /vscmnt/brussel_pixiu_data/_data_brussel/101/vsc10196/testing_program/CINDES/CALC
pid                 = 3568495
ppid                = 3567843
procedure           = bfs
program             = gaussian
property            = func
props               = {'tdenergy_S', 'tdenergy_T'}
readtable           = True
script              = ID_gauss
seed                = 23
sequence            = [1, 0, 2]
sequences           = [[1, 0, 2]]
sites               = [7, 11, 15, 27, 23, 19]
startind            = CNMeMe_CSiHHH_CNHH
starttime           = 1748097207.2080605
symlinks            = [[1, 4], [2, 5], [3, 6]]
tablename           = table.json
test_ready          = 2
timelimit           = 250000
timestep            = 300
try_ready           = 1
workdir             = /vscmnt/brussel_pixiu_data/_data_brussel/101/vsc10196/testing_program/CINDES
write               = True
zmatrixfile         = ZMAT_fulvene
empty attributes    =
 adjust_dihedrals     batchsize            bc                   cutoff               defaultgroups       
 difmodel             extra_props          extrajobs            geom2                ignore              
 jobs                 ml                   montecarlo           no1sub               norandom            
 nosub                optga                predictions          prejobs              regression          
 restart              restrictions         secret_file          stab                 stabjobs            
 threading            worker              
loaded json database with 303 molecules
required properties: {'tdenergy_S', 'tdenergy_T'}
made a table with 303 molecules that have the required properties
---------------------------
  Global Iteration No.: 1  
---------------------------
SEQUENCE: [1, 0, 2]
================================
  k(site)= 1 l(nsite)= 0 (c=1)  
================================
random start molecule: 
startconf read from input
startconf:'CNMeMe_CSiHHH_CNHH'
pybel not installed
QML not imported!
15 molecules are already in database
|      NEW POPULATION CONSTRUCTED:
|   mols_todo:
|      -
|   mols_nodo:
|      Molecule: CNMeMe_CNOO_CNHH
|      Molecule: CNMeMe_CCN_CNHH
|      Molecule: CNMeMe_CCFFF_CNHH
|      Molecule: CNMeMe_CCl_CNHH
|      Molecule: CNMeMe_CF_CNHH
|      Molecule: CNMeMe_CBFF_CNHH
|      Molecule: CNMeMe_CBHH_CNHH
|      Molecule: CNMeMe_CH_CNHH
|      Molecule: CNMeMe_CSiHHH_CNHH
|      Molecule: CNMeMe_CCHHH_CNHH
|      Molecule: CNMeMe_CSH_CNHH
|      Molecule: CNMeMe_COCHHH_CNHH
|      Molecule: CNMeMe_COH_CNHH
|      Molecule: CNMeMe_CNHH_CNHH
|      Molecule: CNMeMe_CNMeMe_CNHH

                                     *************************
                                     **  BEFORE: predictor  **
                                     *************************

    no predictions will be made    len(table)=303

                                     *************************
                                     **   AFTER: predictor  **
                                     *************************

| n_indices_tocal: 0
|    n_data_nocal: 15
kwargs: {'tdenergy_S': [2.3609391962662554, 3.515809453685949, 3.804802010958693], 'tdenergy_T': [1.5019613184209721, 2.2916409809755938, 3.0201222196371638]}
kwargs: {'tdenergy_S': [3.4336115706139094, 3.8530007696457043, 4.358187759037365], 'tdenergy_T': [2.131845096365959, 2.7169300280624378, 4.153293035905238]}
kwargs: {'tdenergy_S': [3.5525085085368477, 4.1069942282868, 4.302589190925376], 'tdenergy_T': [2.2415422712200073, 3.1349192631489666, 4.205491691578722]}
kwargs: {'tdenergy_S': [3.6299065152251186, 3.847000924165994, 4.135493494315428], 'tdenergy_T': [2.4691364097503756, 2.7614288820369604, 4.097894462642572]}
kwargs: {'tdenergy_S': [3.6753053460215983, 3.932998709375184, 4.063195356284911], 'tdenergy_T': [2.6980305148013484, 2.77492853436631, 3.851100818577129]}
kwargs: {'tdenergy_S': [2.9999227398554704, 3.8959996622502997, 3.977497563349706], 'tdenergy_T': [1.735255310157066, 2.680330970636201, 3.9503982612663453]}
kwargs: {'tdenergy_S': [2.350439466676761, 3.4333115783399233, 3.865100458029788], 'tdenergy_T': [1.3498652355103, 2.038147509457806, 3.375613064310037]}
kwargs: {'tdenergy_S': [3.865700442577759, 3.906799384113779, 3.938098578032938], 'tdenergy_T': [2.4002381841583618, 2.8971253873030895, 3.933198704224507]}
kwargs: {'tdenergy_S': [3.5307090699605643, 3.697804766570515, 3.9994969967753127], 'tdenergy_T': [2.113445570228179, 2.7754285214896197, 3.9881972877885237]}
kwargs: {'tdenergy_S': [3.546008675933828, 3.81820166586338, 3.8466009344673457], 'tdenergy_T': [2.421137645912688, 2.7077302649935477, 3.8152017431235254]}
kwargs: {'tdenergy_S': [3.645206121198382, 3.8213015860278983, 3.9114992630728858], 'tdenergy_T': [2.2556419080973282, 2.9070251323446126, 3.8911997858665304]}
kwargs: {'tdenergy_S': [3.4934100305616953, 3.867000409098363, 3.997297053432752], 'tdenergy_T': [2.5566341563294936, 2.6355321243876926, 3.8155017353975107]}
kwargs: {'tdenergy_S': [3.072220877885987, 3.5798078054695326, 4.041895904831936], 'tdenergy_T': [2.2048432163691087, 2.5865333863033864, 3.5278091446453717]}
kwargs: {'tdenergy_S': [3.166418451917449, 3.496609948150874, 3.8314013259187454], 'tdenergy_T': [2.3585392580743707, 2.455536759996364, 3.4840102726434816]}
kwargs: {'tdenergy_S': [3.5566084029479836, 3.8322013053160395, 3.8382011507957507], 'tdenergy_T': [2.441937110242353, 2.736329528446836, 3.811101848712389]}

                                      ************************
                                      **  BEFORE: loggings  **
                                      ************************

dumped table in table.json with 303 of the 303 molecules
first molecule: CNMeMe_CNOO_CNHH
AutoMD         : False
Cores          : 16
Mem            : 32GB
CalcLine       : # M062X/6-311+G(d,p) td=(triplets,nstates=3)
g_fulvene      : -1019.523951
hasimagfreq    : False
xyz_fulvene    : 
[ [1.360711, 0.00446, 0.001788],
  [-0.067406, 0.001626, -0.000373],
  [-0.949493, 1.115566, 0.118789],
  [-0.941045, -1.118826, -0.119631],
  [-2.291916, 0.69391, 0.072549],
  [-2.286547, -0.707735, -0.071976],
  [2.051636, -0.805844, 0.822909],
  [3.298595, -1.43521, 0.40521],
  [3.523485, -1.165889, -0.623968],
  [4.129787, -1.144068, 1.05306],
  [3.161593, -2.518621, 0.455033],
  [1.432716, -1.416582, 1.990934],
  [2.181367, -1.470178, 2.784479],
  [0.596571, -0.808215, 2.32696],
  [1.089054, -2.429934, 1.76226],
  [-0.543662, -2.44247, -0.438887],
  [0.630281, -2.66575, -0.708549],
  [-1.401705, -3.319254, -0.423928],
  [-3.448787, -1.44695, -0.222193],
  [-3.304304, -2.445006, -0.158167],
  [-4.207637, -1.120484, 0.362954],
  [2.051917, 0.815798, -0.81724],
  [3.302055, 1.439655, -0.401049],
  [3.527797, 1.168132, 0.627339],
  [4.130827, 1.145788, -1.050739],
  [3.169472, 2.523619, -0.449728],
  [1.432543, 1.431177, -1.982451],
  [2.180889, 1.488682, -2.775955],
  [0.596547, 0.823826, -2.32071],
  [1.087992, 2.442926, -1.748396],
  [-0.56181, 2.442823, 0.433568],
  [0.612486, 2.676954, 0.692691],
  [-1.427603, 3.312072, 0.424819],
  [-3.459952, 1.424153, 0.221625],
  [-4.21509, 1.093079, -0.365753],
  [-3.322684, 2.423359, 0.159865]]
atomnos_fulvene: 
[6, 6, 6, 6, 6, 6, 7, 6, 1, 1, 1, 6, 1, 1, 1, 7, 8, 8, 7, 1, 1, 7, 6, 1, 1, 1, 6, 1, 1, 1, 7, 8, 8, 7, 1, 1]
etenergies_S   : -1019.76500495
tdenergy_S     : [2.3609391962662554, 3.515809453685949, 3.804802010958693]
etenergies_T   : -1019.76500495
tdenergy_T     : [1.5019613184209721, 2.2916409809755938, 3.0201222196371638]
+------------------------------------------------------------------------------------------------------------+
| index               pred?   function        AutoMD          CalcLine        Cores           Mem            |
}------------------------------------------------------------------------------------------------------------{
| CNMeMe_CNOO_CNHH    False     -0.64298344           False # M062X/6-311+G(d,p) td=(triplets,nstates=3)              16            32GB  |
| CNMeMe_CCN_CNHH     False     -0.83007862           False # M062X/6-311+G(d,p) td=(triplets,nstates=3)              16            32GB  |
| CNMeMe_CCFFF_CNHH   False     -0.93057603           False # M062X/6-311+G(d,p) td=(triplets,nstates=3)              16            32GB  |
| CNMeMe_CCl_CNHH     False     -1.30836630           False # M062X/6-311+G(d,p) td=(triplets,nstates=3)              16            32GB  |
| CNMeMe_CF_CNHH      False     -1.72075568           False # M062X/6-311+G(d,p) td=(triplets,nstates=3)              16            32GB  |
| CNMeMe_CBFF_CNHH    False     -0.47058788           False # M062X/6-311+G(d,p) td=(triplets,nstates=3)              16            32GB  |
+ CNMeMe_CBHH_CNHH    False     -0.34929100           False # M062X/6-311+G(d,p) td=(triplets,nstates=3)              16            32GB  |
| CNMeMe_CH_CNHH      False     -0.93477593           False # M062X/6-311+G(d,p) td=(triplets,nstates=3)              16            32GB  |
| CNMeMe_CSiHHH_CNHH  False     -0.69618207           False # M062X/6-311+G(d,p) td=(triplets,nstates=3)              16            32GB  |
| CNMeMe_CCHHH_CNHH   False     -1.29626662           False # M062X/6-311+G(d,p) td=(triplets,nstates=3)              16            32GB  |
| CNMeMe_CSH_CNHH     False     -0.86607769           False # M062X/6-311+G(d,p) td=(triplets,nstates=3)              16            32GB  |
| CNMeMe_COCHHH_CNHH  False     -1.61985828           False # M062X/6-311+G(d,p) td=(triplets,nstates=3)              16            32GB  |
| CNMeMe_COH_CNHH     False     -1.33746555           False # M062X/6-311+G(d,p) td=(triplets,nstates=3)              16            32GB  |
| CNMeMe_CNHH_CNHH    False     -1.55066006           False # M062X/6-311+G(d,p) td=(triplets,nstates=3)              16            32GB  |
| CNMeMe_CNMeMe_CNHH  False     -1.32726582           False # M062X/6-311+G(d,p) td=(triplets,nstates=3)              16            32GB  |
+------------------------------------------------------------------------------------------------------------+
    &
+--------------------------------------------------------------------------------------------+
| index               pred?   etenergies_S    etenergies_T    g_fulvene       hasimagfreq    |
}--------------------------------------------------------------------------------------------{
| CNMeMe_CNOO_CNHH    False  -1019.76500495  -1019.76500495  -1019.52395100           False  |
| CNMeMe_CCN_CNHH     False   -795.26376959   -795.26376959   -795.02968600           False  |
| CNMeMe_CCFFF_CNHH   False  -1284.87366406  -1284.87366406  -1284.63269400           False  |
| CNMeMe_CCl_CNHH     False  -1529.96129563  -1529.96129563  -1529.74443200           False  |
| CNMeMe_CF_CNHH      False   -809.22578374   -809.22578374   -809.00517100           False  |
| CNMeMe_CBFF_CNHH    False  -1058.93797661  -1058.93797661  -1058.70386600           False  |
+ CNMeMe_CBHH_CNHH    False   -661.64411262   -661.64411262   -661.38284900           False  |
| CNMeMe_CH_CNHH      False   -610.75102873   -610.75102873   -610.51225900           False  |
| CNMeMe_CSiHHH_CNHH  False  -1192.11215555  -1192.11215555  -1191.84665700           False  |
| CNMeMe_CCHHH_CNHH   False   -689.36306540   -689.36306540   -689.07084500           False  |
| CNMeMe_CSH_CNHH     False  -1407.13533139  -1407.13533139  -1406.90102100           False  |
| CNMeMe_COCHHH_CNHH  False   -839.76794160   -839.76794160   -839.46910200           False  |
| CNMeMe_COH_CNHH     False   -761.18816951   -761.18816951   -760.94295800           False  |
| CNMeMe_CNHH_CNHH    False   -721.44787133   -721.44787133   -721.17825100           False  |
| CNMeMe_CNMeMe_CNHH  False   -878.62387057   -878.62387057   -878.24899600           False  |
+--------------------------------------------------------------------------------------------+
TIME:24 May 2025 16:33:27

                                      ************************
                                      **   AFTER: loggings  **
                                      ************************

BCOK:1
--- 0.3054227828979492 seconds ---
optsite:Molecule: CNMeMe_CBHH_CNHH
================================
  k(site)= 0 l(nsite)= 1 (c=1)  
================================
2 molecules are already in database
|      NEW POPULATION CONSTRUCTED:
|   mols_todo:
|      Molecule: CCN_CBHH_CNHH
|      Molecule: CCFFF_CBHH_CNHH
|      Molecule: CCl_CBHH_CNHH
|      Molecule: CF_CBHH_CNHH
|      Molecule: CBFF_CBHH_CNHH
|      Molecule: CBHH_CBHH_CNHH
|      Molecule: CH_CBHH_CNHH
|      Molecule: CCHHH_CBHH_CNHH
|      Molecule: CSH_CBHH_CNHH
|      Molecule: COCHHH_CBHH_CNHH
|      Molecule: COH_CBHH_CNHH
|      Molecule: CNHH_CBHH_CNHH
|      Molecule: CSiHHH_CBHH_CNHH
|   mols_nodo:
|      Molecule: CNOO_CBHH_CNHH
|      Molecule: CNMeMe_CBHH_CNHH

                                     *************************
                                     **  BEFORE: predictor  **
                                     *************************

    no predictions will be made    len(table)=303

                                     *************************
                                     **   AFTER: predictor  **
                                     *************************

| n_indices_tocal: 13
|    n_data_nocal: 2

                                     **************************
                                     **  BEFORE: geom_maker  **
                                     **************************

symmetry will be applied | 
1
4
[['B', '4', '1.54000000', '2', '124.44443622', '1', '-0.02578060', '0'], ['H', '11', '1.07000000', '4', '109.47120255', '2', '-59.97659721', '0'], ['H', '11', '1.07000000', '4', '109.47120255', '2', '60.02341758', '0']]
9
9
9
6
[['N', '6', '1.54000000', '4', '126.40421635', '2', '-179.99309324', '0'], ['H', '15', '1.07000000', '6', '109.47120255', '4', '-60.00776330', '0'], ['H', '15', '1.07000000', '6', '109.47120255', '4', '59.99225149', '0']]
1
3
[['B', '3', '1.54000000', '2', '124.41629128', '1', '0.03318900', '0'], ['H', '23', '1.07000000', '3', '109.47120255', '2', '-60.23356137', '0'], ['H', '23', '1.07000000', '3', '109.47120255', '2', '59.76645342', '0']]
17
17
17
5
[['N', '5', '1.54000000', '3', '126.42680237', '2', '-179.99829384', '0'], ['H', '19', '1.07000000', '5', '109.47120255', '3', '-60.00000740', '0'], ['H', '19', '1.07000000', '5', '109.47120255', '3', '60.00000740', '0']]
1
[['C', '1', '1.54000000', '2', '121.24868733', '4', '-0.01049854', '0'], ['H', '7', '1.07000000', '1', '109.47120255', '2', '60.00458328', '0'], ['H', '7', '1.07000000', '1', '109.47123134', '2', '-59.99540932', '0'], ['H', '7', '1.07000000', '1', '109.47120255', '2', '-179.99540192', '0']]
4
[['B', '4', '1.54000000', '2', '124.44443622', '1', '-0.02578060', '0'], ['H', '11', '1.07000000', '4', '109.47120255', '2', '-59.97659721', '0'], ['H', '11', '1.07000000', '4', '109.47120255', '2', '60.02341758', '0']]
11
11
11
6
[['N', '6', '1.54000000', '4', '126.40421635', '2', '-179.99309324', '0'], ['H', '15', '1.07000000', '6', '109.47120255', '4', '-60.00776330', '0'], ['H', '15', '1.07000000', '6', '109.47120255', '4', '59.99225149', '0']]
1
[['C', '1', '1.54000000', '2', '121.26293358', '4', '179.96729492', '0'], ['H', '27', '1.07000000', '1', '109.47120255', '2', '-59.99939400', '0'], ['H', '27', '1.07000000', '1', '109.47120255', '2', '60.00062080', '0'], ['H', '27', '1.07000000', '1', '109.47123134', '2', '-179.99938660', '0']]
3
[['B', '3', '1.54000000', '2', '124.41629128', '1', '0.03318900', '0'], ['H', '23', '1.07000000', '3', '109.47120255', '2', '-60.23356137', '0'], ['H', '23', '1.07000000', '3', '109.47120255', '2', '59.76645342', '0']]
21
21
21
5
[['N', '5', '1.54000000', '3', '126.42680237', '2', '-179.99829384', '0'], ['H', '19', '1.07000000', '5', '109.47120255', '3', '-60.00000740', '0'], ['H', '19', '1.07000000', '5', '109.47120255', '3', '60.00000740', '0']]
1
4
[['B', '4', '1.54000000', '2', '124.44443622', '1', '-0.02578060', '0'], ['H', '11', '1.07000000', '4', '109.47120255', '2', '-59.97659721', '0'], ['H', '11', '1.07000000', '4', '109.47120255', '2', '60.02341758', '0']]
8
8
8
6
[['N', '6', '1.54000000', '4', '126.40421635', '2', '-179.99309324', '0'], ['H', '15', '1.07000000', '6', '109.47120255', '4', '-60.00776330', '0'], ['H', '15', '1.07000000', '6', '109.47120255', '4', '59.99225149', '0']]
1
3
[['B', '3', '1.54000000', '2', '124.41629128', '1', '0.03318900', '0'], ['H', '23', '1.07000000', '3', '109.47120255', '2', '-60.23356137', '0'], ['H', '23', '1.07000000', '3', '109.47120255', '2', '59.76645342', '0']]
15
15
15
5
[['N', '5', '1.54000000', '3', '126.42680237', '2', '-179.99829384', '0'], ['H', '19', '1.07000000', '5', '109.47120255', '3', '-60.00000740', '0'], ['H', '19', '1.07000000', '5', '109.47120255', '3', '60.00000740', '0']]
1
4
[['B', '4', '1.54000000', '2', '124.44443622', '1', '-0.02578060', '0'], ['H', '11', '1.07000000', '4', '109.47120255', '2', '-59.97659721', '0'], ['H', '11', '1.07000000', '4', '109.47120255', '2', '60.02341758', '0']]
8
8
8
6
[['N', '6', '1.54000000', '4', '126.40421635', '2', '-179.99309324', '0'], ['H', '15', '1.07000000', '6', '109.47120255', '4', '-60.00776330', '0'], ['H', '15', '1.07000000', '6', '109.47120255', '4', '59.99225149', '0']]
1
3
[['B', '3', '1.54000000', '2', '124.41629128', '1', '0.03318900', '0'], ['H', '23', '1.07000000', '3', '109.47120255', '2', '-60.23356137', '0'], ['H', '23', '1.07000000', '3', '109.47120255', '2', '59.76645342', '0']]
15
15
15
5
[['N', '5', '1.54000000', '3', '126.42680237', '2', '-179.99829384', '0'], ['H', '19', '1.07000000', '5', '109.47120255', '3', '-60.00000740', '0'], ['H', '19', '1.07000000', '5', '109.47120255', '3', '60.00000740', '0']]
1
[['B', '1', '1.54000000', '2', '121.24868733', '4', '-0.01049854', '0'], ['F', '7', '1.07000000', '1', '109.47120255', '2', '60.00458328', '0'], ['F', '7', '1.07000000', '1', '109.47123134', '2', '-59.99540932', '0']]
7
7
7
4
[['B', '4', '1.54000000', '2', '124.44443622', '1', '-0.02578060', '0'], ['H', '11', '1.07000000', '4', '109.47120255', '2', '-59.97659721', '0'], ['H', '11', '1.07000000', '4', '109.47120255', '2', '60.02341758', '0']]
10
10
10
6
[['N', '6', '1.54000000', '4', '126.40421635', '2', '-179.99309324', '0'], ['H', '15', '1.07000000', '6', '109.47120255', '4', '-60.00776330', '0'], ['H', '15', '1.07000000', '6', '109.47120255', '4', '59.99225149', '0']]
1
[['B', '1', '1.54000000', '2', '121.26293358', '4', '179.96729492', '0'], ['F', '27', '1.07000000', '1', '109.47120255', '2', '-59.99939400', '0'], ['F', '27', '1.07000000', '1', '109.47120255', '2', '60.00062080', '0']]
16
16
16
3
[['B', '3', '1.54000000', '2', '124.41629128', '1', '0.03318900', '0'], ['H', '23', '1.07000000', '3', '109.47120255', '2', '-60.23356137', '0'], ['H', '23', '1.07000000', '3', '109.47120255', '2', '59.76645342', '0']]
19
19
19
5
[['N', '5', '1.54000000', '3', '126.42680237', '2', '-179.99829384', '0'], ['H', '19', '1.07000000', '5', '109.47120255', '3', '-60.00000740', '0'], ['H', '19', '1.07000000', '5', '109.47120255', '3', '60.00000740', '0']]
1
[['B', '1', '1.54000000', '2', '121.24868733', '4', '-0.01049854', '0'], ['H', '7', '1.07000000', '1', '109.47120255', '2', '60.00458328', '0'], ['H', '7', '1.07000000', '1', '109.47123134', '2', '-59.99540932', '0']]
7
7
7
4
[['B', '4', '1.54000000', '2', '124.44443622', '1', '-0.02578060', '0'], ['H', '11', '1.07000000', '4', '109.47120255', '2', '-59.97659721', '0'], ['H', '11', '1.07000000', '4', '109.47120255', '2', '60.02341758', '0']]
10
10
10
6
[['N', '6', '1.54000000', '4', '126.40421635', '2', '-179.99309324', '0'], ['H', '15', '1.07000000', '6', '109.47120255', '4', '-60.00776330', '0'], ['H', '15', '1.07000000', '6', '109.47120255', '4', '59.99225149', '0']]
1
[['B', '1', '1.54000000', '2', '121.26293358', '4', '179.96729492', '0'], ['H', '27', '1.07000000', '1', '109.47120255', '2', '-59.99939400', '0'], ['H', '27', '1.07000000', '1', '109.47120255', '2', '60.00062080', '0']]
16
16
16
3
[['B', '3', '1.54000000', '2', '124.41629128', '1', '0.03318900', '0'], ['H', '23', '1.07000000', '3', '109.47120255', '2', '-60.23356137', '0'], ['H', '23', '1.07000000', '3', '109.47120255', '2', '59.76645342', '0']]
19
19
19
5
[['N', '5', '1.54000000', '3', '126.42680237', '2', '-179.99829384', '0'], ['H', '19', '1.07000000', '5', '109.47120255', '3', '-60.00000740', '0'], ['H', '19', '1.07000000', '5', '109.47120255', '3', '60.00000740', '0']]
1
4
[['B', '4', '1.54000000', '2', '124.44443622', '1', '-0.02578060', '0'], ['H', '11', '1.07000000', '4', '109.47120255', '2', '-59.97659721', '0'], ['H', '11', '1.07000000', '4', '109.47120255', '2', '60.02341758', '0']]
8
8
8
6
[['N', '6', '1.54000000', '4', '126.40421635', '2', '-179.99309324', '0'], ['H', '15', '1.07000000', '6', '109.47120255', '4', '-60.00776330', '0'], ['H', '15', '1.07000000', '6', '109.47120255', '4', '59.99225149', '0']]
1
3
[['B', '3', '1.54000000', '2', '124.41629128', '1', '0.03318900', '0'], ['H', '23', '1.07000000', '3', '109.47120255', '2', '-60.23356137', '0'], ['H', '23', '1.07000000', '3', '109.47120255', '2', '59.76645342', '0']]
15
15
15
5
[['N', '5', '1.54000000', '3', '126.42680237', '2', '-179.99829384', '0'], ['H', '19', '1.07000000', '5', '109.47120255', '3', '-60.00000740', '0'], ['H', '19', '1.07000000', '5', '109.47120255', '3', '60.00000740', '0']]
1
[['C', '1', '1.54000000', '2', '121.24868733', '4', '-0.01049854', '0'], ['H', '7', '1.07000000', '1', '109.47120255', '2', '60.00458328', '0'], ['H', '7', '1.07000000', '1', '109.47123134', '2', '-59.99540932', '0'], ['H', '7', '1.07000000', '1', '109.47120255', '2', '-179.99540192', '0']]
4
[['B', '4', '1.54000000', '2', '124.44443622', '1', '-0.02578060', '0'], ['H', '11', '1.07000000', '4', '109.47120255', '2', '-59.97659721', '0'], ['H', '11', '1.07000000', '4', '109.47120255', '2', '60.02341758', '0']]
11
11
11
6
[['N', '6', '1.54000000', '4', '126.40421635', '2', '-179.99309324', '0'], ['H', '15', '1.07000000', '6', '109.47120255', '4', '-60.00776330', '0'], ['H', '15', '1.07000000', '6', '109.47120255', '4', '59.99225149', '0']]
1
[['C', '1', '1.54000000', '2', '121.26293358', '4', '179.96729492', '0'], ['H', '27', '1.07000000', '1', '109.47120255', '2', '-59.99939400', '0'], ['H', '27', '1.07000000', '1', '109.47120255', '2', '60.00062080', '0'], ['H', '27', '1.07000000', '1', '109.47123134', '2', '-179.99938660', '0']]
3
[['B', '3', '1.54000000', '2', '124.41629128', '1', '0.03318900', '0'], ['H', '23', '1.07000000', '3', '109.47120255', '2', '-60.23356137', '0'], ['H', '23', '1.07000000', '3', '109.47120255', '2', '59.76645342', '0']]
21
21
21
5
[['N', '5', '1.54000000', '3', '126.42680237', '2', '-179.99829384', '0'], ['H', '19', '1.07000000', '5', '109.47120255', '3', '-60.00000740', '0'], ['H', '19', '1.07000000', '5', '109.47120255', '3', '60.00000740', '0']]
1
4
[['B', '4', '1.54000000', '2', '124.44443622', '1', '-0.02578060', '0'], ['H', '11', '1.07000000', '4', '109.47120255', '2', '-59.97659721', '0'], ['H', '11', '1.07000000', '4', '109.47120255', '2', '60.02341758', '0']]
9
9
9
6
[['N', '6', '1.54000000', '4', '126.40421635', '2', '-179.99309324', '0'], ['H', '15', '1.07000000', '6', '109.47120255', '4', '-60.00776330', '0'], ['H', '15', '1.07000000', '6', '109.47120255', '4', '59.99225149', '0']]
1
3
[['B', '3', '1.54000000', '2', '124.41629128', '1', '0.03318900', '0'], ['H', '23', '1.07000000', '3', '109.47120255', '2', '-60.23356137', '0'], ['H', '23', '1.07000000', '3', '109.47120255', '2', '59.76645342', '0']]
17
17
17
5
[['N', '5', '1.54000000', '3', '126.42680237', '2', '-179.99829384', '0'], ['H', '19', '1.07000000', '5', '109.47120255', '3', '-60.00000740', '0'], ['H', '19', '1.07000000', '5', '109.47120255', '3', '60.00000740', '0']]
1
length of zma: 5
length of nageom: 5
4
[['B', '4', '1.54000000', '2', '124.44443622', '1', '-0.02578060', '0'], ['H', '11', '1.07000000', '4', '109.47120255', '2', '-59.97659721', '0'], ['H', '11', '1.07000000', '4', '109.47120255', '2', '60.02341758', '0']]
12
12
12
6
[['N', '6', '1.54000000', '4', '126.40421635', '2', '-179.99309324', '0'], ['H', '15', '1.07000000', '6', '109.47120255', '4', '-60.00776330', '0'], ['H', '15', '1.07000000', '6', '109.47120255', '4', '59.99225149', '0']]
1
length of zma: 5
length of nageom: 5
3
[['B', '3', '1.54000000', '2', '124.41629128', '1', '0.03318900', '0'], ['H', '23', '1.07000000', '3', '109.47120255', '2', '-60.23356137', '0'], ['H', '23', '1.07000000', '3', '109.47120255', '2', '59.76645342', '0']]
23
23
23
5
[['N', '5', '1.54000000', '3', '126.42680237', '2', '-179.99829384', '0'], ['H', '19', '1.07000000', '5', '109.47120255', '3', '-60.00000740', '0'], ['H', '19', '1.07000000', '5', '109.47120255', '3', '60.00000740', '0']]
1
4
[['B', '4', '1.54000000', '2', '124.44443622', '1', '-0.02578060', '0'], ['H', '11', '1.07000000', '4', '109.47120255', '2', '-59.97659721', '0'], ['H', '11', '1.07000000', '4', '109.47120255', '2', '60.02341758', '0']]
9
9
9
6
[['N', '6', '1.54000000', '4', '126.40421635', '2', '-179.99309324', '0'], ['H', '15', '1.07000000', '6', '109.47120255', '4', '-60.00776330', '0'], ['H', '15', '1.07000000', '6', '109.47120255', '4', '59.99225149', '0']]
1
3
[['B', '3', '1.54000000', '2', '124.41629128', '1', '0.03318900', '0'], ['H', '23', '1.07000000', '3', '109.47120255', '2', '-60.23356137', '0'], ['H', '23', '1.07000000', '3', '109.47120255', '2', '59.76645342', '0']]
17
17
17
5
[['N', '5', '1.54000000', '3', '126.42680237', '2', '-179.99829384', '0'], ['H', '19', '1.07000000', '5', '109.47120255', '3', '-60.00000740', '0'], ['H', '19', '1.07000000', '5', '109.47120255', '3', '60.00000740', '0']]
1
[['N', '1', '1.54000000', '2', '121.24868733', '4', '-0.01049854', '0'], ['H', '7', '1.07000000', '1', '109.47120255', '2', '60.00458328', '0'], ['H', '7', '1.07000000', '1', '109.47123134', '2', '-59.99540932', '0']]
4
[['B', '4', '1.54000000', '2', '124.44443622', '1', '-0.02578060', '0'], ['H', '11', '1.07000000', '4', '109.47120255', '2', '-59.97659721', '0'], ['H', '11', '1.07000000', '4', '109.47120255', '2', '60.02341758', '0']]
10
10
10
6
[['N', '6', '1.54000000', '4', '126.40421635', '2', '-179.99309324', '0'], ['H', '15', '1.07000000', '6', '109.47120255', '4', '-60.00776330', '0'], ['H', '15', '1.07000000', '6', '109.47120255', '4', '59.99225149', '0']]
1
[['N', '1', '1.54000000', '2', '121.26293358', '4', '179.96729492', '0'], ['H', '27', '1.07000000', '1', '109.47120255', '2', '-59.99939400', '0'], ['H', '27', '1.07000000', '1', '109.47120255', '2', '60.00062080', '0']]
3
[['B', '3', '1.54000000', '2', '124.41629128', '1', '0.03318900', '0'], ['H', '23', '1.07000000', '3', '109.47120255', '2', '-60.23356137', '0'], ['H', '23', '1.07000000', '3', '109.47120255', '2', '59.76645342', '0']]
19
19
19
5
[['N', '5', '1.54000000', '3', '126.42680237', '2', '-179.99829384', '0'], ['H', '19', '1.07000000', '5', '109.47120255', '3', '-60.00000740', '0'], ['H', '19', '1.07000000', '5', '109.47120255', '3', '60.00000740', '0']]
1
[['C', '1', '1.54000000', '2', '121.24868733', '4', '-0.01049854', '0'], ['H', '7', '1.07000000', '1', '109.47120255', '2', '60.00458328', '0'], ['H', '7', '1.07000000', '1', '109.47123134', '2', '-59.99540932', '0'], ['H', '7', '1.07000000', '1', '109.47120255', '2', '-179.99540192', '0']]
4
[['B', '4', '1.54000000', '2', '124.44443622', '1', '-0.02578060', '0'], ['H', '11', '1.07000000', '4', '109.47120255', '2', '-59.97659721', '0'], ['H', '11', '1.07000000', '4', '109.47120255', '2', '60.02341758', '0']]
11
11
11
6
[['N', '6', '1.54000000', '4', '126.40421635', '2', '-179.99309324', '0'], ['H', '15', '1.07000000', '6', '109.47120255', '4', '-60.00776330', '0'], ['H', '15', '1.07000000', '6', '109.47120255', '4', '59.99225149', '0']]
1
[['C', '1', '1.54000000', '2', '121.26293358', '4', '179.96729492', '0'], ['H', '27', '1.07000000', '1', '109.47120255', '2', '-59.99939400', '0'], ['H', '27', '1.07000000', '1', '109.47120255', '2', '60.00062080', '0'], ['H', '27', '1.07000000', '1', '109.47123134', '2', '-179.99938660', '0']]
3
[['B', '3', '1.54000000', '2', '124.41629128', '1', '0.03318900', '0'], ['H', '23', '1.07000000', '3', '109.47120255', '2', '-60.23356137', '0'], ['H', '23', '1.07000000', '3', '109.47120255', '2', '59.76645342', '0']]
21
21
21
5
[['N', '5', '1.54000000', '3', '126.42680237', '2', '-179.99829384', '0'], ['H', '19', '1.07000000', '5', '109.47120255', '3', '-60.00000740', '0'], ['H', '19', '1.07000000', '5', '109.47120255', '3', '60.00000740', '0']]
OpenBabel Smiles error: name 'pybel' is not defined

                                     **************************
                                     **   AFTER: geom_maker  **
                                     **************************


                                      ************************
                                      **  BEFORE: jobmaker  **
                                      ************************

Debugging2: /vscmnt/brussel_pixiu_data/_data_brussel/101/vsc10196/testing_program/CINDES/CALC/id_fulvene_CCN_CBHH_CNHH.com
geom ZMAT_fulvene Debugging2: /vscmnt/brussel_pixiu_data/_data_brussel/101/vsc10196/testing_program/CINDES/CALC/id_fulvene_CCFFF_CBHH_CNHH.com
geom ZMAT_fulvene Debugging2: /vscmnt/brussel_pixiu_data/_data_brussel/101/vsc10196/testing_program/CINDES/CALC/id_fulvene_CCl_CBHH_CNHH.com
geom ZMAT_fulvene Debugging2: /vscmnt/brussel_pixiu_data/_data_brussel/101/vsc10196/testing_program/CINDES/CALC/id_fulvene_CF_CBHH_CNHH.com
geom ZMAT_fulvene Debugging2: /vscmnt/brussel_pixiu_data/_data_brussel/101/vsc10196/testing_program/CINDES/CALC/id_fulvene_CBFF_CBHH_CNHH.com
geom ZMAT_fulvene Debugging2: /vscmnt/brussel_pixiu_data/_data_brussel/101/vsc10196/testing_program/CINDES/CALC/id_fulvene_CBHH_CBHH_CNHH.com
geom ZMAT_fulvene Debugging2: /vscmnt/brussel_pixiu_data/_data_brussel/101/vsc10196/testing_program/CINDES/CALC/id_fulvene_CH_CBHH_CNHH.com
geom ZMAT_fulvene Debugging2: /vscmnt/brussel_pixiu_data/_data_brussel/101/vsc10196/testing_program/CINDES/CALC/id_fulvene_CCHHH_CBHH_CNHH.com
geom ZMAT_fulvene Debugging2: /vscmnt/brussel_pixiu_data/_data_brussel/101/vsc10196/testing_program/CINDES/CALC/id_fulvene_CSH_CBHH_CNHH.com
geom ZMAT_fulvene Debugging2: /vscmnt/brussel_pixiu_data/_data_brussel/101/vsc10196/testing_program/CINDES/CALC/id_fulvene_COCHHH_CBHH_CNHH.com
geom ZMAT_fulvene Debugging2: /vscmnt/brussel_pixiu_data/_data_brussel/101/vsc10196/testing_program/CINDES/CALC/id_fulvene_COH_CBHH_CNHH.com
geom ZMAT_fulvene Debugging2: /vscmnt/brussel_pixiu_data/_data_brussel/101/vsc10196/testing_program/CINDES/CALC/id_fulvene_CNHH_CBHH_CNHH.com
geom ZMAT_fulvene Debugging2: /vscmnt/brussel_pixiu_data/_data_brussel/101/vsc10196/testing_program/CINDES/CALC/id_fulvene_CSiHHH_CBHH_CNHH.com
geom ZMAT_fulvene 
                                      ************************
                                      **   AFTER: jobmaker  **
                                      ************************


                                     **************************
                                     **  BEFORE: submission  **
                                     **************************

already calculated: /vscmnt/brussel_pixiu_data/_data_brussel/101/vsc10196/testing_program/CINDES/CALC/id_fulvene_CCN_CBHH_CNHH
already calculated: /vscmnt/brussel_pixiu_data/_data_brussel/101/vsc10196/testing_program/CINDES/CALC/id_fulvene_CCFFF_CBHH_CNHH
already calculated: /vscmnt/brussel_pixiu_data/_data_brussel/101/vsc10196/testing_program/CINDES/CALC/id_fulvene_CCl_CBHH_CNHH
already calculated: /vscmnt/brussel_pixiu_data/_data_brussel/101/vsc10196/testing_program/CINDES/CALC/id_fulvene_CF_CBHH_CNHH
already calculated: /vscmnt/brussel_pixiu_data/_data_brussel/101/vsc10196/testing_program/CINDES/CALC/id_fulvene_CBFF_CBHH_CNHH
already calculated: /vscmnt/brussel_pixiu_data/_data_brussel/101/vsc10196/testing_program/CINDES/CALC/id_fulvene_CBHH_CBHH_CNHH
already calculated: /vscmnt/brussel_pixiu_data/_data_brussel/101/vsc10196/testing_program/CINDES/CALC/id_fulvene_CH_CBHH_CNHH
already calculated: /vscmnt/brussel_pixiu_data/_data_brussel/101/vsc10196/testing_program/CINDES/CALC/id_fulvene_CCHHH_CBHH_CNHH
already calculated: /vscmnt/brussel_pixiu_data/_data_brussel/101/vsc10196/testing_program/CINDES/CALC/id_fulvene_CSH_CBHH_CNHH
already calculated: /vscmnt/brussel_pixiu_data/_data_brussel/101/vsc10196/testing_program/CINDES/CALC/id_fulvene_COCHHH_CBHH_CNHH
already calculated: /vscmnt/brussel_pixiu_data/_data_brussel/101/vsc10196/testing_program/CINDES/CALC/id_fulvene_COH_CBHH_CNHH
already calculated: /vscmnt/brussel_pixiu_data/_data_brussel/101/vsc10196/testing_program/CINDES/CALC/id_fulvene_CNHH_CBHH_CNHH
already calculated: /vscmnt/brussel_pixiu_data/_data_brussel/101/vsc10196/testing_program/CINDES/CALC/id_fulvene_CSiHHH_CBHH_CNHH
----- END all jobs are submitted ----------

                                     **************************
                                     **   AFTER: submission  **
                                     **************************

no jobids so assume no jobs submitted

                                     **************************
                                     **  BEFORE: datareader  **
                                     **************************

normal waiting time=NT | extra waiting time=XT
not ready: 
><><><><><><><><><><><><><><>< Molecule: CCN_CBHH_CNHH Could not import openbabel, fallback mechanism might not work.
freq job appended to main job
njobs: 1  nmo:354->355   nmo:355->354  NO NLO ALPHA free energy found: -578.101

no imaginary frequency for job:  Job: id_fulvene_CCN_CBHH_CNHH
freq job appended to main job
njobs: 1  nmo:354->355   nmo:355->354  NO NLO ALPHA free energy found: -578.101

molecule has no EAHs!: Molecule: CCN_CBHH_CNHH
><><><><><><><><><><><><><><>< Molecule: CCFFF_CBHH_CNHH freq job appended to main job
njobs: 1  nmo:442->443   nmo:443->442  NO NLO ALPHA free energy found: -1067.706147

no imaginary frequency for job:  Job: id_fulvene_CCFFF_CBHH_CNHH
freq job appended to main job
njobs: 1  nmo:442->443   nmo:443->442  NO NLO ALPHA free energy found: -1067.706147

molecule has no EAHs!: Molecule: CCFFF_CBHH_CNHH
><><><><><><><><><><><><><><>< Molecule: CCl_CBHH_CNHH freq job appended to main job
njobs: 1  nmo:326->327   nmo:327->326   nmo:326->327   nmo:327->326  NO NLO ALPHA NO NLO ALPHA free energy found: -1312.829738

no imaginary frequency for job:  Job: id_fulvene_CCl_CBHH_CNHH
freq job appended to main job
njobs: 1  nmo:326->327   nmo:327->326   nmo:326->327   nmo:327->326  NO NLO ALPHA NO NLO ALPHA free energy found: -1312.829738

molecule has no EAHs!: Molecule: CCl_CBHH_CNHH
><><><><><><><><><><><><><><>< Molecule: CF_CBHH_CNHH freq job appended to main job
njobs: 1  nmo:311->312   nmo:312->311  NO NLO ALPHA free energy found: -592.124251

no imaginary frequency for job:  Job: id_fulvene_CF_CBHH_CNHH
freq job appended to main job
njobs: 1  nmo:311->312   nmo:312->311  NO NLO ALPHA free energy found: -592.124251

molecule has no EAHs!: Molecule: CF_CBHH_CNHH
><><><><><><><><><><><><><><>< Molecule: CBFF_CBHH_CNHH freq job appended to main job
njobs: 1 NO NLO ALPHA free energy found: -841.780194

no imaginary frequency for job:  Job: id_fulvene_CBFF_CBHH_CNHH
freq job appended to main job
njobs: 1 NO NLO ALPHA free energy found: -841.780194

molecule has no EAHs!: Molecule: CBFF_CBHH_CNHH
><><><><><><><><><><><><><><>< Molecule: CBHH_CBHH_CNHH freq job appended to main job
njobs: 1 NO NLO ALPHA free energy found: -444.481917

no imaginary frequency for job:  Job: id_fulvene_CBHH_CBHH_CNHH
freq job appended to main job
njobs: 1 NO NLO ALPHA free energy found: -444.481917

molecule has no EAHs!: Molecule: CBHH_CBHH_CNHH
><><><><><><><><><><><><><><>< Molecule: CH_CBHH_CNHH freq job appended to main job
njobs: 1 NO NLO ALPHA free energy found: -393.624833

no imaginary frequency for job:  Job: id_fulvene_CH_CBHH_CNHH
freq job appended to main job
njobs: 1 NO NLO ALPHA free energy found: -393.624833

molecule has no EAHs!: Molecule: CH_CBHH_CNHH
><><><><><><><><><><><><><><>< Molecule: CCHHH_CBHH_CNHH freq job appended to main job
njobs: 1  nmo:346->347   nmo:347->346   nmo:346->347   nmo:347->346   nmo:346->347  NO NLO ALPHA free energy found: -472.175362

no imaginary frequency for job:  Job: id_fulvene_CCHHH_CBHH_CNHH
freq job appended to main job
njobs: 1  nmo:346->347   nmo:347->346   nmo:346->347   nmo:347->346   nmo:346->347  NO NLO ALPHA free energy found: -472.175362

molecule has no EAHs!: Molecule: CCHHH_CBHH_CNHH
><><><><><><><><><><><><><><>< Molecule: CSH_CBHH_CNHH freq job appended to main job
njobs: 1  nmo:338->339  NO NLO ALPHA free energy found: -1189.992865

no imaginary frequency for job:  Job: id_fulvene_CSH_CBHH_CNHH
freq job appended to main job
njobs: 1  nmo:338->339  NO NLO ALPHA free energy found: -1189.992865

molecule has no EAHs!: Molecule: CSH_CBHH_CNHH
><><><><><><><><><><><><><><>< Molecule: COCHHH_CBHH_CNHH freq job appended to main job
njobs: 1  nmo:390->391   nmo:391->390   nmo:390->391   nmo:391->390   nmo:390->391  NO NLO ALPHA free energy found: -622.59206

no imaginary frequency for job:  Job: id_fulvene_COCHHH_CBHH_CNHH
freq job appended to main job
njobs: 1  nmo:390->391   nmo:391->390   nmo:390->391   nmo:391->390   nmo:390->391  NO NLO ALPHA free energy found: -622.59206

molecule has no EAHs!: Molecule: COCHHH_CBHH_CNHH
><><><><><><><><><><><><><><>< Molecule: COH_CBHH_CNHH freq job appended to main job
njobs: 1  nmo:323->324   nmo:324->323   nmo:323->324   nmo:324->323  NO NLO ALPHA free energy found: -544.079205

no imaginary frequency for job:  Job: id_fulvene_COH_CBHH_CNHH
freq job appended to main job
njobs: 1  nmo:323->324   nmo:324->323   nmo:323->324   nmo:324->323  NO NLO ALPHA free energy found: -544.079205

molecule has no EAHs!: Molecule: COH_CBHH_CNHH
><><><><><><><><><><><><><><>< Molecule: CNHH_CBHH_CNHH freq job appended to main job
njobs: 1  nmo:335->336   nmo:336->335   nmo:335->336   nmo:336->335   nmo:335->336   nmo:336->335  NO NLO ALPHA free energy found: -504.313601

no imaginary frequency for job:  Job: id_fulvene_CNHH_CBHH_CNHH
freq job appended to main job
njobs: 1  nmo:335->336   nmo:336->335   nmo:335->336   nmo:336->335   nmo:335->336   nmo:336->335  NO NLO ALPHA free energy found: -504.313601

molecule has no EAHs!: Molecule: CNHH_CBHH_CNHH
><><><><><><><><><><><><><><>< Molecule: CSiHHH_CBHH_CNHH freq job appended to main job
njobs: 1  nmo:362->363   nmo:363->364   nmo:364->363  NO NLO ALPHA free energy found: -974.945111

no imaginary frequency for job:  Job: id_fulvene_CSiHHH_CBHH_CNHH
freq job appended to main job
njobs: 1  nmo:362->363   nmo:363->364   nmo:364->363  NO NLO ALPHA free energy found: -974.945111

molecule has no EAHs!: Molecule: CSiHHH_CBHH_CNHH

                                     **************************
                                     **   AFTER: datareader  **
                                     **************************


                                      ************************
                                      **  BEFORE: jobmaker  **
                                      ************************

Debugging2: /vscmnt/brussel_pixiu_data/_data_brussel/101/vsc10196/testing_program/CINDES/CALC/id_fulvene_1_CCN_CBHH_CNHH.com
geom _fulvene Debugging2: /vscmnt/brussel_pixiu_data/_data_brussel/101/vsc10196/testing_program/CINDES/CALC/id_fulvene_1_CCFFF_CBHH_CNHH.com
geom _fulvene Debugging2: /vscmnt/brussel_pixiu_data/_data_brussel/101/vsc10196/testing_program/CINDES/CALC/id_fulvene_1_CCl_CBHH_CNHH.com
geom _fulvene Debugging2: /vscmnt/brussel_pixiu_data/_data_brussel/101/vsc10196/testing_program/CINDES/CALC/id_fulvene_1_CF_CBHH_CNHH.com
geom _fulvene Debugging2: /vscmnt/brussel_pixiu_data/_data_brussel/101/vsc10196/testing_program/CINDES/CALC/id_fulvene_1_CBFF_CBHH_CNHH.com
geom _fulvene Debugging2: /vscmnt/brussel_pixiu_data/_data_brussel/101/vsc10196/testing_program/CINDES/CALC/id_fulvene_1_CBHH_CBHH_CNHH.com
geom _fulvene Debugging2: /vscmnt/brussel_pixiu_data/_data_brussel/101/vsc10196/testing_program/CINDES/CALC/id_fulvene_1_CH_CBHH_CNHH.com
geom _fulvene Debugging2: /vscmnt/brussel_pixiu_data/_data_brussel/101/vsc10196/testing_program/CINDES/CALC/id_fulvene_1_CCHHH_CBHH_CNHH.com
geom _fulvene Debugging2: /vscmnt/brussel_pixiu_data/_data_brussel/101/vsc10196/testing_program/CINDES/CALC/id_fulvene_1_CSH_CBHH_CNHH.com
geom _fulvene Debugging2: /vscmnt/brussel_pixiu_data/_data_brussel/101/vsc10196/testing_program/CINDES/CALC/id_fulvene_1_COCHHH_CBHH_CNHH.com
geom _fulvene Debugging2: /vscmnt/brussel_pixiu_data/_data_brussel/101/vsc10196/testing_program/CINDES/CALC/id_fulvene_1_COH_CBHH_CNHH.com
geom _fulvene Debugging2: /vscmnt/brussel_pixiu_data/_data_brussel/101/vsc10196/testing_program/CINDES/CALC/id_fulvene_1_CNHH_CBHH_CNHH.com
geom _fulvene Debugging2: /vscmnt/brussel_pixiu_data/_data_brussel/101/vsc10196/testing_program/CINDES/CALC/id_fulvene_1_CSiHHH_CBHH_CNHH.com
geom _fulvene 
                                      ************************
                                      **   AFTER: jobmaker  **
                                      ************************


                                      ************************
                                      **  BEFORE: jobmaker  **
                                      ************************

Debugging2: /vscmnt/brussel_pixiu_data/_data_brussel/101/vsc10196/testing_program/CINDES/CALC/id_fulvene_2_CCN_CBHH_CNHH.com
geom _fulvene Debugging2: /vscmnt/brussel_pixiu_data/_data_brussel/101/vsc10196/testing_program/CINDES/CALC/id_fulvene_2_CCFFF_CBHH_CNHH.com
geom _fulvene Debugging2: /vscmnt/brussel_pixiu_data/_data_brussel/101/vsc10196/testing_program/CINDES/CALC/id_fulvene_2_CCl_CBHH_CNHH.com
geom _fulvene Debugging2: /vscmnt/brussel_pixiu_data/_data_brussel/101/vsc10196/testing_program/CINDES/CALC/id_fulvene_2_CF_CBHH_CNHH.com
geom _fulvene Debugging2: /vscmnt/brussel_pixiu_data/_data_brussel/101/vsc10196/testing_program/CINDES/CALC/id_fulvene_2_CBFF_CBHH_CNHH.com
geom _fulvene Debugging2: /vscmnt/brussel_pixiu_data/_data_brussel/101/vsc10196/testing_program/CINDES/CALC/id_fulvene_2_CBHH_CBHH_CNHH.com
geom _fulvene Debugging2: /vscmnt/brussel_pixiu_data/_data_brussel/101/vsc10196/testing_program/CINDES/CALC/id_fulvene_2_CH_CBHH_CNHH.com
geom _fulvene Debugging2: /vscmnt/brussel_pixiu_data/_data_brussel/101/vsc10196/testing_program/CINDES/CALC/id_fulvene_2_CCHHH_CBHH_CNHH.com
geom _fulvene Debugging2: /vscmnt/brussel_pixiu_data/_data_brussel/101/vsc10196/testing_program/CINDES/CALC/id_fulvene_2_CSH_CBHH_CNHH.com
geom _fulvene Debugging2: /vscmnt/brussel_pixiu_data/_data_brussel/101/vsc10196/testing_program/CINDES/CALC/id_fulvene_2_COCHHH_CBHH_CNHH.com
geom _fulvene Debugging2: /vscmnt/brussel_pixiu_data/_data_brussel/101/vsc10196/testing_program/CINDES/CALC/id_fulvene_2_COH_CBHH_CNHH.com
geom _fulvene Debugging2: /vscmnt/brussel_pixiu_data/_data_brussel/101/vsc10196/testing_program/CINDES/CALC/id_fulvene_2_CNHH_CBHH_CNHH.com
geom _fulvene Debugging2: /vscmnt/brussel_pixiu_data/_data_brussel/101/vsc10196/testing_program/CINDES/CALC/id_fulvene_2_CSiHHH_CBHH_CNHH.com
geom _fulvene 
                                      ************************
                                      **   AFTER: jobmaker  **
                                      ************************


                                     **************************
                                     **  BEFORE: submission  **
                                     **************************

processed walltime:  8:00
ddebug: jobid=|command:./ID_gauss|job.filename:id_fulvene_1_CCN_CBHH_CNHH.com|walltime=8:00|cwd=:/vscmnt/brussel_pixiu_data/_data_brussel/101/vsc10196/testing_program/CINDES/CALC
Job: id_fulvene_1_CCN_CBHH_CNHH submitted
processed walltime:  8:00
ddebug: jobid=|command:./ID_gauss|job.filename:id_fulvene_2_CCN_CBHH_CNHH.com|walltime=8:00|cwd=:/vscmnt/brussel_pixiu_data/_data_brussel/101/vsc10196/testing_program/CINDES/CALC
Job: id_fulvene_2_CCN_CBHH_CNHH submitted
processed walltime:  8:00
ddebug: jobid=|command:./ID_gauss|job.filename:id_fulvene_1_CCFFF_CBHH_CNHH.com|walltime=8:00|cwd=:/vscmnt/brussel_pixiu_data/_data_brussel/101/vsc10196/testing_program/CINDES/CALC
Job: id_fulvene_1_CCFFF_CBHH_CNHH submitted
processed walltime:  8:00
ddebug: jobid=|command:./ID_gauss|job.filename:id_fulvene_2_CCFFF_CBHH_CNHH.com|walltime=8:00|cwd=:/vscmnt/brussel_pixiu_data/_data_brussel/101/vsc10196/testing_program/CINDES/CALC
Job: id_fulvene_2_CCFFF_CBHH_CNHH submitted
processed walltime:  8:00
ddebug: jobid=|command:./ID_gauss|job.filename:id_fulvene_1_CCl_CBHH_CNHH.com|walltime=8:00|cwd=:/vscmnt/brussel_pixiu_data/_data_brussel/101/vsc10196/testing_program/CINDES/CALC
Job: id_fulvene_1_CCl_CBHH_CNHH submitted
processed walltime:  8:00
ddebug: jobid=|command:./ID_gauss|job.filename:id_fulvene_2_CCl_CBHH_CNHH.com|walltime=8:00|cwd=:/vscmnt/brussel_pixiu_data/_data_brussel/101/vsc10196/testing_program/CINDES/CALC
Job: id_fulvene_2_CCl_CBHH_CNHH submitted
processed walltime:  8:00
ddebug: jobid=|command:./ID_gauss|job.filename:id_fulvene_1_CF_CBHH_CNHH.com|walltime=8:00|cwd=:/vscmnt/brussel_pixiu_data/_data_brussel/101/vsc10196/testing_program/CINDES/CALC
Job: id_fulvene_1_CF_CBHH_CNHH submitted
processed walltime:  8:00
ddebug: jobid=|command:./ID_gauss|job.filename:id_fulvene_2_CF_CBHH_CNHH.com|walltime=8:00|cwd=:/vscmnt/brussel_pixiu_data/_data_brussel/101/vsc10196/testing_program/CINDES/CALC
Job: id_fulvene_2_CF_CBHH_CNHH submitted
processed walltime:  8:00
ddebug: jobid=|command:./ID_gauss|job.filename:id_fulvene_1_CBFF_CBHH_CNHH.com|walltime=8:00|cwd=:/vscmnt/brussel_pixiu_data/_data_brussel/101/vsc10196/testing_program/CINDES/CALC
Job: id_fulvene_1_CBFF_CBHH_CNHH submitted
processed walltime:  8:00
ddebug: jobid=|command:./ID_gauss|job.filename:id_fulvene_2_CBFF_CBHH_CNHH.com|walltime=8:00|cwd=:/vscmnt/brussel_pixiu_data/_data_brussel/101/vsc10196/testing_program/CINDES/CALC
Job: id_fulvene_2_CBFF_CBHH_CNHH submitted
processed walltime:  8:00
ddebug: jobid=|command:./ID_gauss|job.filename:id_fulvene_1_CBHH_CBHH_CNHH.com|walltime=8:00|cwd=:/vscmnt/brussel_pixiu_data/_data_brussel/101/vsc10196/testing_program/CINDES/CALC
Job: id_fulvene_1_CBHH_CBHH_CNHH submitted
processed walltime:  8:00
ddebug: jobid=|command:./ID_gauss|job.filename:id_fulvene_2_CBHH_CBHH_CNHH.com|walltime=8:00|cwd=:/vscmnt/brussel_pixiu_data/_data_brussel/101/vsc10196/testing_program/CINDES/CALC
Job: id_fulvene_2_CBHH_CBHH_CNHH submitted
processed walltime:  8:00
ddebug: jobid=|command:./ID_gauss|job.filename:id_fulvene_1_CH_CBHH_CNHH.com|walltime=8:00|cwd=:/vscmnt/brussel_pixiu_data/_data_brussel/101/vsc10196/testing_program/CINDES/CALC
Job: id_fulvene_1_CH_CBHH_CNHH submitted
processed walltime:  8:00
ddebug: jobid=|command:./ID_gauss|job.filename:id_fulvene_2_CH_CBHH_CNHH.com|walltime=8:00|cwd=:/vscmnt/brussel_pixiu_data/_data_brussel/101/vsc10196/testing_program/CINDES/CALC
Job: id_fulvene_2_CH_CBHH_CNHH submitted
processed walltime:  8:00
ddebug: jobid=|command:./ID_gauss|job.filename:id_fulvene_1_CCHHH_CBHH_CNHH.com|walltime=8:00|cwd=:/vscmnt/brussel_pixiu_data/_data_brussel/101/vsc10196/testing_program/CINDES/CALC
Job: id_fulvene_1_CCHHH_CBHH_CNHH submitted
processed walltime:  8:00
ddebug: jobid=|command:./ID_gauss|job.filename:id_fulvene_2_CCHHH_CBHH_CNHH.com|walltime=8:00|cwd=:/vscmnt/brussel_pixiu_data/_data_brussel/101/vsc10196/testing_program/CINDES/CALC
Job: id_fulvene_2_CCHHH_CBHH_CNHH submitted
processed walltime:  8:00
ddebug: jobid=|command:./ID_gauss|job.filename:id_fulvene_1_CSH_CBHH_CNHH.com|walltime=8:00|cwd=:/vscmnt/brussel_pixiu_data/_data_brussel/101/vsc10196/testing_program/CINDES/CALC
Job: id_fulvene_1_CSH_CBHH_CNHH submitted
processed walltime:  8:00
ddebug: jobid=|command:./ID_gauss|job.filename:id_fulvene_2_CSH_CBHH_CNHH.com|walltime=8:00|cwd=:/vscmnt/brussel_pixiu_data/_data_brussel/101/vsc10196/testing_program/CINDES/CALC
Job: id_fulvene_2_CSH_CBHH_CNHH submitted
processed walltime:  8:00
ddebug: jobid=|command:./ID_gauss|job.filename:id_fulvene_1_COCHHH_CBHH_CNHH.com|walltime=8:00|cwd=:/vscmnt/brussel_pixiu_data/_data_brussel/101/vsc10196/testing_program/CINDES/CALC
Job: id_fulvene_1_COCHHH_CBHH_CNHH submitted
processed walltime:  8:00
ddebug: jobid=|command:./ID_gauss|job.filename:id_fulvene_2_COCHHH_CBHH_CNHH.com|walltime=8:00|cwd=:/vscmnt/brussel_pixiu_data/_data_brussel/101/vsc10196/testing_program/CINDES/CALC
Job: id_fulvene_2_COCHHH_CBHH_CNHH submitted
processed walltime:  8:00
ddebug: jobid=|command:./ID_gauss|job.filename:id_fulvene_1_COH_CBHH_CNHH.com|walltime=8:00|cwd=:/vscmnt/brussel_pixiu_data/_data_brussel/101/vsc10196/testing_program/CINDES/CALC
Job: id_fulvene_1_COH_CBHH_CNHH submitted
processed walltime:  8:00
ddebug: jobid=|command:./ID_gauss|job.filename:id_fulvene_2_COH_CBHH_CNHH.com|walltime=8:00|cwd=:/vscmnt/brussel_pixiu_data/_data_brussel/101/vsc10196/testing_program/CINDES/CALC
Job: id_fulvene_2_COH_CBHH_CNHH submitted
processed walltime:  8:00
ddebug: jobid=|command:./ID_gauss|job.filename:id_fulvene_1_CNHH_CBHH_CNHH.com|walltime=8:00|cwd=:/vscmnt/brussel_pixiu_data/_data_brussel/101/vsc10196/testing_program/CINDES/CALC
Job: id_fulvene_1_CNHH_CBHH_CNHH submitted
processed walltime:  8:00
ddebug: jobid=|command:./ID_gauss|job.filename:id_fulvene_2_CNHH_CBHH_CNHH.com|walltime=8:00|cwd=:/vscmnt/brussel_pixiu_data/_data_brussel/101/vsc10196/testing_program/CINDES/CALC
Job: id_fulvene_2_CNHH_CBHH_CNHH submitted
processed walltime:  8:00
ddebug: jobid=|command:./ID_gauss|job.filename:id_fulvene_1_CSiHHH_CBHH_CNHH.com|walltime=8:00|cwd=:/vscmnt/brussel_pixiu_data/_data_brussel/101/vsc10196/testing_program/CINDES/CALC
Job: id_fulvene_1_CSiHHH_CBHH_CNHH submitted
processed walltime:  8:00
ddebug: jobid=|command:./ID_gauss|job.filename:id_fulvene_2_CSiHHH_CBHH_CNHH.com|walltime=8:00|cwd=:/vscmnt/brussel_pixiu_data/_data_brussel/101/vsc10196/testing_program/CINDES/CALC
Job: id_fulvene_2_CSiHHH_CBHH_CNHH submitted
----- END all jobs are submitted ----------

                                     **************************
                                     **   AFTER: submission  **
                                     **************************


                                     =========================
                                     ==  BEFORE: jobtester  ==
                                     =========================

len(mols_tocal): 13
Files to be checked: ['id_fulvene_1_CCN_CBHH_CNHH.com', 'id_fulvene_2_CCN_CBHH_CNHH.com', 'id_fulvene_1_CCFFF_CBHH_CNHH.com', 'id_fulvene_2_CCFFF_CBHH_CNHH.com', 'id_fulvene_1_CCl_CBHH_CNHH.com', 'id_fulvene_2_CCl_CBHH_CNHH.com', 'id_fulvene_1_CF_CBHH_CNHH.com', 'id_fulvene_2_CF_CBHH_CNHH.com', 'id_fulvene_1_CBFF_CBHH_CNHH.com', 'id_fulvene_2_CBFF_CBHH_CNHH.com', 'id_fulvene_1_CBHH_CBHH_CNHH.com', 'id_fulvene_2_CBHH_CBHH_CNHH.com', 'id_fulvene_1_CH_CBHH_CNHH.com', 'id_fulvene_2_CH_CBHH_CNHH.com', 'id_fulvene_1_CCHHH_CBHH_CNHH.com', 'id_fulvene_2_CCHHH_CBHH_CNHH.com', 'id_fulvene_1_CSH_CBHH_CNHH.com', 'id_fulvene_2_CSH_CBHH_CNHH.com', 'id_fulvene_1_COCHHH_CBHH_CNHH.com', 'id_fulvene_2_COCHHH_CBHH_CNHH.com', 'id_fulvene_1_COH_CBHH_CNHH.com', 'id_fulvene_2_COH_CBHH_CNHH.com', 'id_fulvene_1_CNHH_CBHH_CNHH.com', 'id_fulvene_2_CNHH_CBHH_CNHH.com', 'id_fulvene_1_CSiHHH_CBHH_CNHH.com', 'id_fulvene_2_CSiHHH_CBHH_CNHH.com']
JOB completed: id_fulvene_1_CCN_CBHH_CNHH.com
JOB completed: id_fulvene_2_CCN_CBHH_CNHH.com
JOB completed: id_fulvene_1_CCFFF_CBHH_CNHH.com
JOB completed: id_fulvene_2_CCFFF_CBHH_CNHH.com
JOB completed: id_fulvene_1_CCl_CBHH_CNHH.com
JOB completed: id_fulvene_2_CCl_CBHH_CNHH.com
JOB completed: id_fulvene_1_CF_CBHH_CNHH.com
JOB completed: id_fulvene_2_CF_CBHH_CNHH.com
JOB completed: id_fulvene_1_CBFF_CBHH_CNHH.com
JOB completed: id_fulvene_2_CBFF_CBHH_CNHH.com
JOB completed: id_fulvene_1_CBHH_CBHH_CNHH.com
JOB completed: id_fulvene_2_CBHH_CBHH_CNHH.com
JOB completed: id_fulvene_1_CH_CBHH_CNHH.com
JOB completed: id_fulvene_2_CH_CBHH_CNHH.com
JOB completed: id_fulvene_1_CCHHH_CBHH_CNHH.com
JOB completed: id_fulvene_2_CCHHH_CBHH_CNHH.com
JOB completed: id_fulvene_1_CSH_CBHH_CNHH.com
JOB completed: id_fulvene_2_CSH_CBHH_CNHH.com
JOB completed: id_fulvene_1_COCHHH_CBHH_CNHH.com
JOB completed: id_fulvene_2_COCHHH_CBHH_CNHH.com
JOB completed: id_fulvene_1_COH_CBHH_CNHH.com
JOB completed: id_fulvene_2_COH_CBHH_CNHH.com
JOB completed: id_fulvene_1_CNHH_CBHH_CNHH.com
JOB completed: id_fulvene_2_CNHH_CBHH_CNHH.com
JOB completed: id_fulvene_1_CSiHHH_CBHH_CNHH.com
JOB completed: id_fulvene_2_CSiHHH_CBHH_CNHH.com
✅ All jobs are ready.

                                     =========================
                                     ==   AFTER: jobtester  ==
                                     =========================


                                     **************************
                                     **  BEFORE: datareader  **
                                     **************************

normal waiting time=NT | extra waiting time=XT
not ready: 
><><><><><><><><><><><><><><>< Molecule: CCN_CBHH_CNHH njobs: 1 I am in the parser []
I am in the parser [23573.972850812]
I am in the parser [23573.972850812, 29239.211160108]
[23573.97285081 29239.21116011 37858.0517884 ]
datareader I am here

no hasimagfreq keyword for job:  Job: id_fulvene_1_CCN_CBHH_CNHH
njobs: 1 I am in the parser []
I am in the parser [23573.972850812]
I am in the parser [23573.972850812, 29239.211160108]
[23573.97285081 29239.21116011 37858.0517884 ]
datareader I am here

njobs: 1 I am in the parser []
I am in the parser [15581.825013851]
I am in the parser [15581.825013851, 15810.079917258]
[15581.82501385 15810.07991726 30186.10605975]
datareader I am here

no hasimagfreq keyword for job:  Job: id_fulvene_2_CCN_CBHH_CNHH
njobs: 1 I am in the parser []
I am in the parser [15581.825013851]
I am in the parser [15581.825013851, 15810.079917258]
[15581.82501385 15810.07991726 30186.10605975]
datareader I am here

molecule has no EAHs!: Molecule: CCN_CBHH_CNHH
><><><><><><><><><><><><><><>< Molecule: CCFFF_CBHH_CNHH njobs: 1 I am in the parser []
I am in the parser [24960.439914263]
I am in the parser [24960.439914263, 32350.89814719]
[24960.43991426 32350.89814719 38426.67266085]
datareader I am here

no hasimagfreq keyword for job:  Job: id_fulvene_1_CCFFF_CBHH_CNHH
njobs: 1 I am in the parser []
I am in the parser [24960.439914263]
I am in the parser [24960.439914263, 32350.89814719]
[24960.43991426 32350.89814719 38426.67266085]
datareader I am here

njobs: 1 I am in the parser []
I am in the parser [16452.097242742]
I am in the parser [16452.097242742, 18198.287581526998]
[16452.09724274 18198.28758153 32275.08203086]
datareader I am here

no hasimagfreq keyword for job:  Job: id_fulvene_2_CCFFF_CBHH_CNHH
njobs: 1 I am in the parser []
I am in the parser [16452.097242742]
I am in the parser [16452.097242742, 18198.287581526998]
[16452.09724274 18198.28758153 32275.08203086]
datareader I am here

molecule has no EAHs!: Molecule: CCFFF_CBHH_CNHH
><><><><><><><><><><><><><><>< Molecule: CCl_CBHH_CNHH njobs: 1 I am in the parser []
I am in the parser [26705.823698619002]
I am in the parser [26705.823698619002, 33614.768937433]
[26705.82369862 33614.76893743 37354.76182471]
datareader I am here

no hasimagfreq keyword for job:  Job: id_fulvene_1_CCl_CBHH_CNHH
njobs: 1 I am in the parser []
I am in the parser [26705.823698619002]
I am in the parser [26705.823698619002, 33614.768937433]
[26705.82369862 33614.76893743 37354.76182471]
datareader I am here

njobs: 1 I am in the parser []
I am in the parser [18504.778264546996]
I am in the parser [18504.778264546996, 20210.640881882]
[18504.77826455 20210.64088188 31466.10793858]
datareader I am here

no hasimagfreq keyword for job:  Job: id_fulvene_2_CCl_CBHH_CNHH
njobs: 1 I am in the parser []
I am in the parser [18504.778264546996]
I am in the parser [18504.778264546996, 20210.640881882]
[18504.77826455 20210.64088188 31466.10793858]
datareader I am here

molecule has no EAHs!: Molecule: CCl_CBHH_CNHH
><><><><><><><><><><><><><><>< Molecule: CF_CBHH_CNHH njobs: 1 I am in the parser []
I am in the parser [27207.500553456997]
I am in the parser [27207.500553456997, 28281.024498456]
[27207.50055346 28281.02449846 41046.36144624]
datareader I am here

no hasimagfreq keyword for job:  Job: id_fulvene_1_CF_CBHH_CNHH
njobs: 1 I am in the parser []
I am in the parser [27207.500553456997]
I am in the parser [27207.500553456997, 28281.024498456]
[27207.50055346 28281.02449846 41046.36144624]
datareader I am here

njobs: 1 I am in the parser []
I am in the parser [15430.999335628]
I am in the parser [15430.999335628, 16836.017150946]
[15430.99933563 16836.01715095 33663.16220317]
datareader I am here

no hasimagfreq keyword for job:  Job: id_fulvene_2_CF_CBHH_CNHH
njobs: 1 I am in the parser []
I am in the parser [15430.999335628]
I am in the parser [15430.999335628, 16836.017150946]
[15430.99933563 16836.01715095 33663.16220317]
datareader I am here

molecule has no EAHs!: Molecule: CF_CBHH_CNHH
><><><><><><><><><><><><><><>< Molecule: CBFF_CBHH_CNHH njobs: 1 I am in the parser []
I am in the parser [24332.940568501]
I am in the parser [24332.940568501, 30128.034140866]
[24332.9405685  30128.03414087 37318.4668754 ]
datareader I am here

no hasimagfreq keyword for job:  Job: id_fulvene_1_CBFF_CBHH_CNHH
njobs: 1 I am in the parser []
I am in the parser [24332.940568501]
I am in the parser [24332.940568501, 30128.034140866]
[24332.9405685  30128.03414087 37318.4668754 ]
datareader I am here

njobs: 1 I am in the parser []
I am in the parser [15898.800904448]
I am in the parser [15898.800904448, 16381.927007418999]
[15898.80090445 16381.92700742 30545.82933509]
datareader I am here

no hasimagfreq keyword for job:  Job: id_fulvene_2_CBFF_CBHH_CNHH
njobs: 1 I am in the parser []
I am in the parser [15898.800904448]
I am in the parser [15898.800904448, 16381.927007418999]
[15898.80090445 16381.92700742 30545.82933509]
datareader I am here

molecule has no EAHs!: Molecule: CBFF_CBHH_CNHH
><><><><><><><><><><><><><><>< Molecule: CBHH_CBHH_CNHH njobs: 1 I am in the parser []
I am in the parser [20304.201195645997]
I am in the parser [20304.201195645997, 28939.979466948997]
[20304.20119565 28939.97946695 33245.36700895]
datareader I am here

no hasimagfreq keyword for job:  Job: id_fulvene_1_CBHH_CBHH_CNHH
njobs: 1 I am in the parser []
I am in the parser [20304.201195645997]
I am in the parser [20304.201195645997, 28939.979466948997]
[20304.20119565 28939.97946695 33245.36700895]
datareader I am here

njobs: 1 I am in the parser []
I am in the parser [13653.353374112]
I am in the parser [13653.353374112, 16335.953404965998]
[13653.35337411 16335.95340497 28471.3713437 ]
datareader I am here

no hasimagfreq keyword for job:  Job: id_fulvene_2_CBHH_CBHH_CNHH
njobs: 1 I am in the parser []
I am in the parser [13653.353374112]
I am in the parser [13653.353374112, 16335.953404965998]
[13653.35337411 16335.95340497 28471.3713437 ]
datareader I am here

molecule has no EAHs!: Molecule: CBHH_CBHH_CNHH
><><><><><><><><><><><><><><>< Molecule: CH_CBHH_CNHH njobs: 1 I am in the parser []
I am in the parser [27677.721785564]
I am in the parser [27677.721785564, 28744.793295131]
[27677.72178556 28744.79329513 40364.82295373]
datareader I am here

no hasimagfreq keyword for job:  Job: id_fulvene_1_CH_CBHH_CNHH
njobs: 1 I am in the parser []
I am in the parser [27677.721785564]
I am in the parser [27677.721785564, 28744.793295131]
[27677.72178556 28744.79329513 40364.82295373]
datareader I am here

njobs: 1 I am in the parser []
I am in the parser [16419.028511153]
I am in the parser [16419.028511153, 16489.198746476]
[16419.02851115 16489.19874648 32425.10115466]
datareader I am here

no hasimagfreq keyword for job:  Job: id_fulvene_2_CH_CBHH_CNHH
njobs: 1 I am in the parser []
I am in the parser [16419.028511153]
I am in the parser [16419.028511153, 16489.198746476]
[16419.02851115 16489.19874648 32425.10115466]
datareader I am here

molecule has no EAHs!: Molecule: CH_CBHH_CNHH
><><><><><><><><><><><><><><>< Molecule: CCHHH_CBHH_CNHH njobs: 1 I am in the parser []
I am in the parser [25462.923323529998]
I am in the parser [25462.923323529998, 27114.746794122002]
[25462.92332353 27114.74679412 38050.81829693]
datareader I am here

no hasimagfreq keyword for job:  Job: id_fulvene_1_CCHHH_CBHH_CNHH
njobs: 1 I am in the parser []
I am in the parser [25462.923323529998]
I am in the parser [25462.923323529998, 27114.746794122002]
[25462.92332353 27114.74679412 38050.81829693]
datareader I am here

njobs: 1 I am in the parser []
I am in the parser [14447.809486676999]
I am in the parser [14447.809486676999, 16376.281126416001]
[14447.80948668 16376.28112642 31295.92495406]
datareader I am here

no hasimagfreq keyword for job:  Job: id_fulvene_2_CCHHH_CBHH_CNHH
njobs: 1 I am in the parser []
I am in the parser [14447.809486676999]
I am in the parser [14447.809486676999, 16376.281126416001]
[14447.80948668 16376.28112642 31295.92495406]
datareader I am here

molecule has no EAHs!: Molecule: CCHHH_CBHH_CNHH
><><><><><><><><><><><><><><>< Molecule: CSH_CBHH_CNHH njobs: 1 I am in the parser []
I am in the parser [23965.958303306]
I am in the parser [23965.958303306, 27155.881070000996]
[23965.95830331 27155.88107    33843.83039527]
datareader I am here

no hasimagfreq keyword for job:  Job: id_fulvene_1_CSH_CBHH_CNHH
njobs: 1 I am in the parser []
I am in the parser [23965.958303306]
I am in the parser [23965.958303306, 27155.881070000996]
[23965.95830331 27155.88107    33843.83039527]
datareader I am here

njobs: 1 I am in the parser []
I am in the parser [13371.059323962]
I am in the parser [13371.059323962, 17378.021727233998]
[13371.05932396 17378.02172723 27853.55065109]
datareader I am here

no hasimagfreq keyword for job:  Job: id_fulvene_2_CSH_CBHH_CNHH
njobs: 1 I am in the parser []
I am in the parser [13371.059323962]
I am in the parser [13371.059323962, 17378.021727233998]
[13371.05932396 17378.02172723 27853.55065109]
datareader I am here

molecule has no EAHs!: Molecule: CSH_CBHH_CNHH
><><><><><><><><><><><><><><>< Molecule: COCHHH_CBHH_CNHH njobs: 1 I am in the parser []
I am in the parser [28685.914821814]
I am in the parser [28685.914821814, 33597.024739994995]
[28685.91482181 33597.02473999 38659.76689083]
datareader I am here

no hasimagfreq keyword for job:  Job: id_fulvene_1_COCHHH_CBHH_CNHH
njobs: 1 I am in the parser []
I am in the parser [28685.914821814]
I am in the parser [28685.914821814, 33597.024739994995]
[28685.91482181 33597.02473999 38659.76689083]
datareader I am here

njobs: 1 I am in the parser []
I am in the parser [19290.362278393]
I am in the parser [19290.362278393, 21361.594052065]
[19290.36227839 21361.59405207 31303.18394392]
datareader I am here

no hasimagfreq keyword for job:  Job: id_fulvene_2_COCHHH_CBHH_CNHH
njobs: 1 I am in the parser []
I am in the parser [19290.362278393]
I am in the parser [19290.362278393, 21361.594052065]
[19290.36227839 21361.59405207 31303.18394392]
datareader I am here

molecule has no EAHs!: Molecule: COCHHH_CBHH_CNHH
><><><><><><><><><><><><><><>< Molecule: COH_CBHH_CNHH njobs: 1 I am in the parser []
I am in the parser [21768.097484281]
I am in the parser [21768.097484281, 28030.186071037]
[21768.09748428 28030.18607104 36255.42813798]
datareader I am here

no hasimagfreq keyword for job:  Job: id_fulvene_1_COH_CBHH_CNHH
njobs: 1 I am in the parser []
I am in the parser [21768.097484281]
I am in the parser [21768.097484281, 28030.186071037]
[21768.09748428 28030.18607104 36255.42813798]
datareader I am here

njobs: 1 I am in the parser []
I am in the parser [11815.215830421]
I am in the parser [11815.215830421, 16163.35075716]
[11815.21583042 16163.35075716 31998.43386172]
datareader I am here

no hasimagfreq keyword for job:  Job: id_fulvene_2_COH_CBHH_CNHH
njobs: 1 I am in the parser []
I am in the parser [11815.215830421]
I am in the parser [11815.215830421, 16163.35075716]
[11815.21583042 16163.35075716 31998.43386172]
datareader I am here

molecule has no EAHs!: Molecule: COH_CBHH_CNHH
><><><><><><><><><><><><><><>< Molecule: CNHH_CBHH_CNHH njobs: 1 I am in the parser []
I am in the parser [19259.713210091002]
I am in the parser [19259.713210091002, 27676.915231135]
[19259.71321009 27676.91523114 33359.09118344]
datareader I am here

no hasimagfreq keyword for job:  Job: id_fulvene_1_CNHH_CBHH_CNHH
njobs: 1 I am in the parser []
I am in the parser [19259.713210091002]
I am in the parser [19259.713210091002, 27676.915231135]
[19259.71321009 27676.91523114 33359.09118344]
datareader I am here

njobs: 1 I am in the parser []
I am in the parser [10495.692784576999]
I am in the parser [10495.692784576999, 15988.328446066998]
[10495.69278458 15988.32844607 30438.55759603]
datareader I am here

no hasimagfreq keyword for job:  Job: id_fulvene_2_CNHH_CBHH_CNHH
njobs: 1 I am in the parser []
I am in the parser [10495.692784576999]
I am in the parser [10495.692784576999, 15988.328446066998]
[10495.69278458 15988.32844607 30438.55759603]
datareader I am here

molecule has no EAHs!: Molecule: CNHH_CBHH_CNHH
><><><><><><><><><><><><><><>< Molecule: CSiHHH_CBHH_CNHH njobs: 1 I am in the parser []
I am in the parser [24193.406652284]
I am in the parser [24193.406652284, 33659.129431028]
[24193.40665228 33659.12943103 37741.90795063]
datareader I am here

no hasimagfreq keyword for job:  Job: id_fulvene_1_CSiHHH_CBHH_CNHH
njobs: 1 I am in the parser []
I am in the parser [24193.406652284]
I am in the parser [24193.406652284, 33659.129431028]
[24193.40665228 33659.12943103 37741.90795063]
datareader I am here

njobs: 1 I am in the parser []
I am in the parser [17500.618000442]
I am in the parser [17500.618000442, 20314.686403223]
[17500.61800044 20314.68640322 29657.00635433]
datareader I am here

no hasimagfreq keyword for job:  Job: id_fulvene_2_CSiHHH_CBHH_CNHH
njobs: 1 I am in the parser []
I am in the parser [17500.618000442]
I am in the parser [17500.618000442, 20314.686403223]
[17500.61800044 20314.68640322 29657.00635433]
datareader I am here

molecule has no EAHs!: Molecule: CSiHHH_CBHH_CNHH

                                     **************************
                                     **   AFTER: datareader  **
                                     **************************

kwargs: {'tdenergy_S': array([2.92272473, 3.62510664, 4.69367912]), 'tdenergy_T': array([1.93185025, 1.96014952, 3.74250362])}
kwargs: {'tdenergy_S': array([3.0946203, 4.0108967, 4.7641773]), 'tdenergy_T': array([2.03974747, 2.25624189, 4.00149695])}
kwargs: {'tdenergy_S': array([3.31101473, 4.16759267, 4.63128073]), 'tdenergy_T': array([2.29424091, 2.50573547, 3.90119953])}
kwargs: {'tdenergy_S': array([3.37321313, 3.5063097 , 5.08896894]), 'tdenergy_T': array([1.91315073, 2.08734624, 4.17359251])}
kwargs: {'tdenergy_S': array([3.0168223 , 3.7353038 , 4.62678084]), 'tdenergy_T': array([1.97114923, 2.03104769, 3.78710247])}
kwargs: {'tdenergy_S': array([2.51733517, 3.58800759, 4.12179385]), 'tdenergy_T': array([1.6927564 , 2.02534784, 3.52990909])}
kwargs: {'tdenergy_S': array([3.43151162, 3.56380822, 5.00447111]), 'tdenergy_T': array([2.03564757, 2.04434735, 4.02009647])}
kwargs: {'tdenergy_S': array([3.1569187 , 3.36171342, 4.7175785 ]), 'tdenergy_T': array([1.79125387, 2.03034771, 3.88010007])}
kwargs: {'tdenergy_S': array([2.97132348, 3.36681329, 4.19599194]), 'tdenergy_T': array([1.65775731, 2.15454451, 3.45331106])}
kwargs: {'tdenergy_S': array([3.55650841, 4.16539272, 4.79307656]), 'tdenergy_T': array([2.39163841, 2.64843179, 3.88100005])}
kwargs: {'tdenergy_S': array([2.69883049, 3.4752105 , 4.49498424]), 'tdenergy_T': array([1.46486227, 2.00394839, 3.96719783])}
kwargs: {'tdenergy_S': array([2.3878385 , 3.43141163, 4.13589348]), 'tdenergy_T': array([1.30126649, 1.98224895, 3.77380281])}
kwargs: {'tdenergy_S': array([2.99952275, 4.17309253, 4.67927949]), 'tdenergy_T': array([2.16974412, 2.51863513, 3.6769053 ])}
kwargs: {'tdenergy_S': [1.7091559823203233, 3.0566212796387386, 3.5060097060690882], 'tdenergy_T': [1.0061740869475246, 1.9501497757553794, 2.627932320113392]}
kwargs: {'tdenergy_S': [2.350439466676761, 3.4333115783399233, 3.865100458029788], 'tdenergy_T': [1.3498652355103, 2.038147509457806, 3.375613064310037]}

                                      ************************
                                      **  BEFORE: loggings  **
                                      ************************

dumped table in table.json with 316 of the 316 molecules
first molecule: CCN_CBHH_CNHH
AutoMD         : False
Cores          : 16
Mem            : 32GB
CalcLine       : # M062X/6-311+G(d,p) td=(triplets,nstates=3)
g_fulvene      : -578.101
xyz_fulvene    : 
array([[-1.682717e+00,  4.829000e-03,  2.124900e-02],
       [-3.237000e-01, -6.339000e-03,  8.930500e-02],
       [ 5.279820e-01, -1.216297e+00,  7.652900e-02],
       [ 5.287280e-01,  1.203462e+00,  7.905600e-02],
       [ 1.820400e+00, -7.454910e-01, -5.744500e-02],
       [ 1.823884e+00,  7.367380e-01, -2.129700e-02],
       [-2.455315e+00,  1.201230e+00, -1.522660e-01],
       [-3.135934e+00,  2.112505e+00, -3.250020e-01],
       [ 2.299810e-01,  2.667339e+00,  3.648110e-01],
       [ 1.147431e+00,  3.435045e+00,  3.416270e-01],
       [-8.331110e-01,  3.082418e+00,  6.647540e-01],
       [ 2.981833e+00,  1.425239e+00, -1.015190e-01],
       [ 2.930436e+00,  2.428644e+00,  3.385000e-03],
       [ 3.830177e+00,  9.972530e-01,  2.365640e-01],
       [-2.500011e+00, -1.173635e+00,  3.175900e-02],
       [-3.224761e+00, -2.066955e+00,  3.122400e-02],
       [ 2.312980e-01, -2.704858e+00,  1.739600e-01],
       [-8.369190e-01, -3.166627e+00,  3.645070e-01],
       [ 1.157477e+00, -3.456928e+00,  7.793400e-02],
       [ 2.976958e+00, -1.431234e+00, -1.629180e-01],
       [ 2.915813e+00, -2.435958e+00, -2.470910e-01],
       [ 3.760119e+00, -1.000115e+00, -6.293760e-01]])
atomnos_fulvene: [6 6 6 6 6 6 6 7 5 1 1 7 1 1 6 7 5 1 1 7 1 1]
hasimagfreq    : False
tdenergy_S     : [2.92272473 3.62510664 4.69367912]
etenergies_S   : -578.214693916
tdenergy_T     : [1.93185025 1.96014952 3.74250362]
etenergies_T   : -578.214693916
+----------------------------------------------------------------------------------------------------------+
| index             pred?   function        AutoMD          CalcLine        Cores           Mem            |
}----------------------------------------------------------------------------------------------------------{
| CCN_CBHH_CNHH     False     -0.94097577           False # M062X/6-311+G(d,p) td=(triplets,nstates=3)              16            32GB  |
| CCFFF_CBHH_CNHH   False     -0.98487464           False # M062X/6-311+G(d,p) td=(triplets,nstates=3)              16            32GB  |
| CCl_CBHH_CNHH     False     -1.27746710           False # M062X/6-311+G(d,p) td=(triplets,nstates=3)              16            32GB  |
| CF_CBHH_CNHH      False     -0.45308833           False # M062X/6-311+G(d,p) td=(triplets,nstates=3)              16            32GB  |
| CBFF_CBHH_CNHH    False     -0.92547617           False # M062X/6-311+G(d,p) td=(triplets,nstates=3)              16            32GB  |
| CBHH_CBHH_CNHH    False     -0.86817764           False # M062X/6-311+G(d,p) td=(triplets,nstates=3)              16            32GB  |
| CH_CBHH_CNHH      False     -0.63978352           False # M062X/6-311+G(d,p) td=(triplets,nstates=3)              16            32GB  |
| CCHHH_CBHH_CNHH   False     -0.42558904           False # M062X/6-311+G(d,p) td=(triplets,nstates=3)              16            32GB  |
| CSH_CBHH_CNHH     False     -0.34419114           False # M062X/6-311+G(d,p) td=(triplets,nstates=3)              16            32GB  |
| COCHHH_CBHH_CNHH  False     -1.22676841           False # M062X/6-311+G(d,p) td=(triplets,nstates=3)              16            32GB  |
| COH_CBHH_CNHH     False     -0.23089405           False # M062X/6-311+G(d,p) td=(triplets,nstates=3)              16            32GB  |
+ CNHH_CBHH_CNHH    False     -0.21469447           False # M062X/6-311+G(d,p) td=(triplets,nstates=3)              16            32GB  |
| CSiHHH_CBHH_CNHH  False     -1.33996549           False # M062X/6-311+G(d,p) td=(triplets,nstates=3)              16            32GB  |
| CNOO_CBHH_CNHH    False     -0.30319219           False # M062X/6-311+G(d,p) td=(triplets,nstates=3)               4             8GB  |
| CNMeMe_CBHH_CNHH  False     -0.34929100           False # M062X/6-311+G(d,p) td=(triplets,nstates=3)              16            32GB  |
+----------------------------------------------------------------------------------------------------------+
    &
+------------------------------------------------------------------------------------------+
| index             pred?   etenergies_S    etenergies_T    g_fulvene       hasimagfreq    |
}------------------------------------------------------------------------------------------{
| CCN_CBHH_CNHH     False   -578.21469392   -578.21469392   -578.10100000           False  |
| CCFFF_CBHH_CNHH   False  -1067.83066032  -1067.83066032  -1067.70614700           False  |
| CCl_CBHH_CNHH     False  -1312.92923314  -1312.92923314  -1312.82973800           False  |
| CF_CBHH_CNHH      False   -592.22898142   -592.22898142   -592.12425100           False  |
| CBFF_CBHH_CNHH    False   -841.89299234   -841.89299234   -841.78019400           False  |
| CBHH_CBHH_CNHH    False   -444.62760995   -444.62760995   -444.48191700           False  |
| CH_CBHH_CNHH      False   -393.74714784   -393.74714784   -393.62483300           False  |
| CCHHH_CBHH_CNHH   False   -472.35109319   -472.35109319   -472.17536200           False  |
| CSH_CBHH_CNHH     False  -1190.10997607  -1190.10997607  -1189.99286500           False  |
| COCHHH_CBHH_CNHH  False   -622.77504396   -622.77504396   -622.59206000           False  |
| COH_CBHH_CNHH     False   -544.20865522   -544.20865522   -544.07920500           False  |
+ CNHH_CBHH_CNHH    False   -504.46807213   -504.46807213   -504.31360100           False  |
| CSiHHH_CBHH_CNHH  False   -975.09531599   -975.09531599   -974.94511100           False  |
| CNOO_CBHH_CNHH    False   -802.71822034   -802.71822034   -802.59444200           False  |
| CNMeMe_CBHH_CNHH  False   -661.64411262   -661.64411262   -661.38284900           False  |
+------------------------------------------------------------------------------------------+
TIME:24 May 2025 16:39:49

                                      ************************
                                      **   AFTER: loggings  **
                                      ************************

BCOK:1
--- 382.3004252910614 seconds ---
optsite:Molecule: CNHH_CBHH_CNHH
================================
  k(site)= 2 l(nsite)= 2 (c=1)  
================================
3 molecules are already in database
|      NEW POPULATION CONSTRUCTED:
|   mols_todo:
|      Molecule: CNHH_CBHH_CNOO
|      Molecule: CNHH_CBHH_CCN
|      Molecule: CNHH_CBHH_CCl
|      Molecule: CNHH_CBHH_CF
|      Molecule: CNHH_CBHH_CBFF
|      Molecule: CNHH_CBHH_CBHH
|      Molecule: CNHH_CBHH_CH
|      Molecule: CNHH_CBHH_CSiHHH
|      Molecule: CNHH_CBHH_CCHHH
|      Molecule: CNHH_CBHH_COCHHH
|      Molecule: CNHH_CBHH_COH
|      Molecule: CNHH_CBHH_CNMeMe
|   mols_nodo:
|      Molecule: CNHH_CBHH_CCFFF
|      Molecule: CNHH_CBHH_CSH
|      Molecule: CNHH_CBHH_CNHH

                                     *************************
                                     **  BEFORE: predictor  **
                                     *************************

    no predictions will be made    len(table)=316

                                     *************************
                                     **   AFTER: predictor  **
                                     *************************

| n_indices_tocal: 12
|    n_data_nocal: 3

                                     **************************
                                     **  BEFORE: geom_maker  **
                                     **************************

symmetry will be applied | 
1
[['N', '1', '1.54000000', '2', '121.24868733', '4', '-0.01049854', '0'], ['H', '7', '1.07000000', '1', '109.47120255', '2', '60.00458328', '0'], ['H', '7', '1.07000000', '1', '109.47123134', '2', '-59.99540932', '0']]
4
[['B', '4', '1.54000000', '2', '124.44443622', '1', '-0.02578060', '0'], ['H', '11', '1.07000000', '4', '109.47120255', '2', '-59.97659721', '0'], ['H', '11', '1.07000000', '4', '109.47120255', '2', '60.02341758', '0']]
10
10
10
6
[['N', '6', '1.54000000', '4', '126.40421635', '2', '-179.99309324', '0'], ['O', '15', '1.07000000', '6', '109.47120255', '4', '-60.00776330', '0'], ['O', '15', '1.07000000', '6', '109.47120255', '4', '59.99225149', '0']]
length of zma: 3
length of nageom: 3
1
[['N', '1', '1.54000000', '2', '121.26293358', '4', '179.96729492', '0'], ['H', '27', '1.07000000', '1', '109.47120255', '2', '-59.99939400', '0'], ['H', '27', '1.07000000', '1', '109.47120255', '2', '60.00062080', '0']]
3
[['B', '3', '1.54000000', '2', '124.41629128', '1', '0.03318900', '0'], ['H', '23', '1.07000000', '3', '109.47120255', '2', '-60.23356137', '0'], ['H', '23', '1.07000000', '3', '109.47120255', '2', '59.76645342', '0']]
19
19
19
5
[['N', '5', '1.54000000', '3', '126.42680237', '2', '-179.99829384', '0'], ['O', '19', '1.07000000', '5', '109.47120255', '3', '-60.00000740', '0'], ['O', '19', '1.07000000', '5', '109.47120255', '3', '60.00000740', '0']]
length of zma: 3
length of nageom: 3
1
[['N', '1', '1.54000000', '2', '121.24868733', '4', '-0.01049854', '0'], ['H', '7', '1.07000000', '1', '109.47120255', '2', '60.00458328', '0'], ['H', '7', '1.07000000', '1', '109.47123134', '2', '-59.99540932', '0']]
4
[['B', '4', '1.54000000', '2', '124.44443622', '1', '-0.02578060', '0'], ['H', '11', '1.07000000', '4', '109.47120255', '2', '-59.97659721', '0'], ['H', '11', '1.07000000', '4', '109.47120255', '2', '60.02341758', '0']]
10
10
10
6
1
[['N', '1', '1.54000000', '2', '121.26293358', '4', '179.96729492', '0'], ['H', '27', '1.07000000', '1', '109.47120255', '2', '-59.99939400', '0'], ['H', '27', '1.07000000', '1', '109.47120255', '2', '60.00062080', '0']]
3
[['B', '3', '1.54000000', '2', '124.41629128', '1', '0.03318900', '0'], ['H', '23', '1.07000000', '3', '109.47120255', '2', '-60.23356137', '0'], ['H', '23', '1.07000000', '3', '109.47120255', '2', '59.76645342', '0']]
18
18
18
5
1
[['N', '1', '1.54000000', '2', '121.24868733', '4', '-0.01049854', '0'], ['H', '7', '1.07000000', '1', '109.47120255', '2', '60.00458328', '0'], ['H', '7', '1.07000000', '1', '109.47123134', '2', '-59.99540932', '0']]
4
[['B', '4', '1.54000000', '2', '124.44443622', '1', '-0.02578060', '0'], ['H', '11', '1.07000000', '4', '109.47120255', '2', '-59.97659721', '0'], ['H', '11', '1.07000000', '4', '109.47120255', '2', '60.02341758', '0']]
10
10
10
6
1
[['N', '1', '1.54000000', '2', '121.26293358', '4', '179.96729492', '0'], ['H', '27', '1.07000000', '1', '109.47120255', '2', '-59.99939400', '0'], ['H', '27', '1.07000000', '1', '109.47120255', '2', '60.00062080', '0']]
3
[['B', '3', '1.54000000', '2', '124.41629128', '1', '0.03318900', '0'], ['H', '23', '1.07000000', '3', '109.47120255', '2', '-60.23356137', '0'], ['H', '23', '1.07000000', '3', '109.47120255', '2', '59.76645342', '0']]
17
17
17
5
1
[['N', '1', '1.54000000', '2', '121.24868733', '4', '-0.01049854', '0'], ['H', '7', '1.07000000', '1', '109.47120255', '2', '60.00458328', '0'], ['H', '7', '1.07000000', '1', '109.47123134', '2', '-59.99540932', '0']]
4
[['B', '4', '1.54000000', '2', '124.44443622', '1', '-0.02578060', '0'], ['H', '11', '1.07000000', '4', '109.47120255', '2', '-59.97659721', '0'], ['H', '11', '1.07000000', '4', '109.47120255', '2', '60.02341758', '0']]
10
10
10
6
1
[['N', '1', '1.54000000', '2', '121.26293358', '4', '179.96729492', '0'], ['H', '27', '1.07000000', '1', '109.47120255', '2', '-59.99939400', '0'], ['H', '27', '1.07000000', '1', '109.47120255', '2', '60.00062080', '0']]
3
[['B', '3', '1.54000000', '2', '124.41629128', '1', '0.03318900', '0'], ['H', '23', '1.07000000', '3', '109.47120255', '2', '-60.23356137', '0'], ['H', '23', '1.07000000', '3', '109.47120255', '2', '59.76645342', '0']]
17
17
17
5
1
[['N', '1', '1.54000000', '2', '121.24868733', '4', '-0.01049854', '0'], ['H', '7', '1.07000000', '1', '109.47120255', '2', '60.00458328', '0'], ['H', '7', '1.07000000', '1', '109.47123134', '2', '-59.99540932', '0']]
4
[['B', '4', '1.54000000', '2', '124.44443622', '1', '-0.02578060', '0'], ['H', '11', '1.07000000', '4', '109.47120255', '2', '-59.97659721', '0'], ['H', '11', '1.07000000', '4', '109.47120255', '2', '60.02341758', '0']]
10
10
10
6
[['B', '6', '1.54000000', '4', '126.40421635', '2', '-179.99309324', '0'], ['F', '15', '1.07000000', '6', '109.47120255', '4', '-60.00776330', '0'], ['F', '15', '1.07000000', '6', '109.47120255', '4', '59.99225149', '0']]
13
13
13
1
[['N', '1', '1.54000000', '2', '121.26293358', '4', '179.96729492', '0'], ['H', '27', '1.07000000', '1', '109.47120255', '2', '-59.99939400', '0'], ['H', '27', '1.07000000', '1', '109.47120255', '2', '60.00062080', '0']]
3
[['B', '3', '1.54000000', '2', '124.41629128', '1', '0.03318900', '0'], ['H', '23', '1.07000000', '3', '109.47120255', '2', '-60.23356137', '0'], ['H', '23', '1.07000000', '3', '109.47120255', '2', '59.76645342', '0']]
19
19
19
5
[['B', '5', '1.54000000', '3', '126.42680237', '2', '-179.99829384', '0'], ['F', '19', '1.07000000', '5', '109.47120255', '3', '-60.00000740', '0'], ['F', '19', '1.07000000', '5', '109.47120255', '3', '60.00000740', '0']]
22
22
22
1
[['N', '1', '1.54000000', '2', '121.24868733', '4', '-0.01049854', '0'], ['H', '7', '1.07000000', '1', '109.47120255', '2', '60.00458328', '0'], ['H', '7', '1.07000000', '1', '109.47123134', '2', '-59.99540932', '0']]
4
[['B', '4', '1.54000000', '2', '124.44443622', '1', '-0.02578060', '0'], ['H', '11', '1.07000000', '4', '109.47120255', '2', '-59.97659721', '0'], ['H', '11', '1.07000000', '4', '109.47120255', '2', '60.02341758', '0']]
10
10
10
6
[['B', '6', '1.54000000', '4', '126.40421635', '2', '-179.99309324', '0'], ['H', '15', '1.07000000', '6', '109.47120255', '4', '-60.00776330', '0'], ['H', '15', '1.07000000', '6', '109.47120255', '4', '59.99225149', '0']]
13
13
13
1
[['N', '1', '1.54000000', '2', '121.26293358', '4', '179.96729492', '0'], ['H', '27', '1.07000000', '1', '109.47120255', '2', '-59.99939400', '0'], ['H', '27', '1.07000000', '1', '109.47120255', '2', '60.00062080', '0']]
3
[['B', '3', '1.54000000', '2', '124.41629128', '1', '0.03318900', '0'], ['H', '23', '1.07000000', '3', '109.47120255', '2', '-60.23356137', '0'], ['H', '23', '1.07000000', '3', '109.47120255', '2', '59.76645342', '0']]
19
19
19
5
[['B', '5', '1.54000000', '3', '126.42680237', '2', '-179.99829384', '0'], ['H', '19', '1.07000000', '5', '109.47120255', '3', '-60.00000740', '0'], ['H', '19', '1.07000000', '5', '109.47120255', '3', '60.00000740', '0']]
22
22
22
1
[['N', '1', '1.54000000', '2', '121.24868733', '4', '-0.01049854', '0'], ['H', '7', '1.07000000', '1', '109.47120255', '2', '60.00458328', '0'], ['H', '7', '1.07000000', '1', '109.47123134', '2', '-59.99540932', '0']]
4
[['B', '4', '1.54000000', '2', '124.44443622', '1', '-0.02578060', '0'], ['H', '11', '1.07000000', '4', '109.47120255', '2', '-59.97659721', '0'], ['H', '11', '1.07000000', '4', '109.47120255', '2', '60.02341758', '0']]
10
10
10
6
1
[['N', '1', '1.54000000', '2', '121.26293358', '4', '179.96729492', '0'], ['H', '27', '1.07000000', '1', '109.47120255', '2', '-59.99939400', '0'], ['H', '27', '1.07000000', '1', '109.47120255', '2', '60.00062080', '0']]
3
[['B', '3', '1.54000000', '2', '124.41629128', '1', '0.03318900', '0'], ['H', '23', '1.07000000', '3', '109.47120255', '2', '-60.23356137', '0'], ['H', '23', '1.07000000', '3', '109.47120255', '2', '59.76645342', '0']]
17
17
17
5
1
[['N', '1', '1.54000000', '2', '121.24868733', '4', '-0.01049854', '0'], ['H', '7', '1.07000000', '1', '109.47120255', '2', '60.00458328', '0'], ['H', '7', '1.07000000', '1', '109.47123134', '2', '-59.99540932', '0']]
4
[['B', '4', '1.54000000', '2', '124.44443622', '1', '-0.02578060', '0'], ['H', '11', '1.07000000', '4', '109.47120255', '2', '-59.97659721', '0'], ['H', '11', '1.07000000', '4', '109.47120255', '2', '60.02341758', '0']]
10
10
10
6
[['C', '6', '1.54000000', '4', '126.40421635', '2', '-179.99309324', '0'], ['H', '15', '1.07000000', '6', '109.47120255', '4', '-60.00776330', '0'], ['H', '15', '1.07000000', '6', '109.47120255', '4', '59.99225149', '0'], ['H', '15', '1.07000000', '6', '109.47123134', '4', '179.99224410', '0']]
1
[['N', '1', '1.54000000', '2', '121.26293358', '4', '179.96729492', '0'], ['H', '27', '1.07000000', '1', '109.47120255', '2', '-59.99939400', '0'], ['H', '27', '1.07000000', '1', '109.47120255', '2', '60.00062080', '0']]
3
[['B', '3', '1.54000000', '2', '124.41629128', '1', '0.03318900', '0'], ['H', '23', '1.07000000', '3', '109.47120255', '2', '-60.23356137', '0'], ['H', '23', '1.07000000', '3', '109.47120255', '2', '59.76645342', '0']]
20
20
20
5
[['C', '5', '1.54000000', '3', '126.42680237', '2', '-179.99829384', '0'], ['H', '19', '1.07000000', '5', '109.47120255', '3', '-60.00000740', '0'], ['H', '19', '1.07000000', '5', '109.47120255', '3', '60.00000740', '0'], ['H', '19', '1.07000000', '5', '109.47123134', '3', '180.00000000', '0']]
1
[['N', '1', '1.54000000', '2', '121.24868733', '4', '-0.01049854', '0'], ['H', '7', '1.07000000', '1', '109.47120255', '2', '60.00458328', '0'], ['H', '7', '1.07000000', '1', '109.47123134', '2', '-59.99540932', '0']]
4
[['B', '4', '1.54000000', '2', '124.44443622', '1', '-0.02578060', '0'], ['H', '11', '1.07000000', '4', '109.47120255', '2', '-59.97659721', '0'], ['H', '11', '1.07000000', '4', '109.47120255', '2', '60.02341758', '0']]
10
10
10
6
[['C', '6', '1.54000000', '4', '126.40421635', '2', '-179.99309324', '0'], ['H', '15', '1.07000000', '6', '109.47120255', '4', '-60.00776330', '0'], ['H', '15', '1.07000000', '6', '109.47120255', '4', '59.99225149', '0'], ['H', '15', '1.07000000', '6', '109.47123134', '4', '179.99224410', '0']]
1
[['N', '1', '1.54000000', '2', '121.26293358', '4', '179.96729492', '0'], ['H', '27', '1.07000000', '1', '109.47120255', '2', '-59.99939400', '0'], ['H', '27', '1.07000000', '1', '109.47120255', '2', '60.00062080', '0']]
3
[['B', '3', '1.54000000', '2', '124.41629128', '1', '0.03318900', '0'], ['H', '23', '1.07000000', '3', '109.47120255', '2', '-60.23356137', '0'], ['H', '23', '1.07000000', '3', '109.47120255', '2', '59.76645342', '0']]
20
20
20
5
[['C', '5', '1.54000000', '3', '126.42680237', '2', '-179.99829384', '0'], ['H', '19', '1.07000000', '5', '109.47120255', '3', '-60.00000740', '0'], ['H', '19', '1.07000000', '5', '109.47120255', '3', '60.00000740', '0'], ['H', '19', '1.07000000', '5', '109.47123134', '3', '180.00000000', '0']]
1
[['N', '1', '1.54000000', '2', '121.24868733', '4', '-0.01049854', '0'], ['H', '7', '1.07000000', '1', '109.47120255', '2', '60.00458328', '0'], ['H', '7', '1.07000000', '1', '109.47123134', '2', '-59.99540932', '0']]
4
[['B', '4', '1.54000000', '2', '124.44443622', '1', '-0.02578060', '0'], ['H', '11', '1.07000000', '4', '109.47120255', '2', '-59.97659721', '0'], ['H', '11', '1.07000000', '4', '109.47120255', '2', '60.02341758', '0']]
10
10
10
6
length of zma: 5
length of nageom: 5
1
[['N', '1', '1.54000000', '2', '121.26293358', '4', '179.96729492', '0'], ['H', '27', '1.07000000', '1', '109.47120255', '2', '-59.99939400', '0'], ['H', '27', '1.07000000', '1', '109.47120255', '2', '60.00062080', '0']]
3
[['B', '3', '1.54000000', '2', '124.41629128', '1', '0.03318900', '0'], ['H', '23', '1.07000000', '3', '109.47120255', '2', '-60.23356137', '0'], ['H', '23', '1.07000000', '3', '109.47120255', '2', '59.76645342', '0']]
21
21
21
5
length of zma: 5
length of nageom: 5
1
[['N', '1', '1.54000000', '2', '121.24868733', '4', '-0.01049854', '0'], ['H', '7', '1.07000000', '1', '109.47120255', '2', '60.00458328', '0'], ['H', '7', '1.07000000', '1', '109.47123134', '2', '-59.99540932', '0']]
4
[['B', '4', '1.54000000', '2', '124.44443622', '1', '-0.02578060', '0'], ['H', '11', '1.07000000', '4', '109.47120255', '2', '-59.97659721', '0'], ['H', '11', '1.07000000', '4', '109.47120255', '2', '60.02341758', '0']]
10
10
10
6
1
[['N', '1', '1.54000000', '2', '121.26293358', '4', '179.96729492', '0'], ['H', '27', '1.07000000', '1', '109.47120255', '2', '-59.99939400', '0'], ['H', '27', '1.07000000', '1', '109.47120255', '2', '60.00062080', '0']]
3
[['B', '3', '1.54000000', '2', '124.41629128', '1', '0.03318900', '0'], ['H', '23', '1.07000000', '3', '109.47120255', '2', '-60.23356137', '0'], ['H', '23', '1.07000000', '3', '109.47120255', '2', '59.76645342', '0']]
18
18
18
5
1
[['N', '1', '1.54000000', '2', '121.24868733', '4', '-0.01049854', '0'], ['H', '7', '1.07000000', '1', '109.47120255', '2', '60.00458328', '0'], ['H', '7', '1.07000000', '1', '109.47123134', '2', '-59.99540932', '0']]
4
[['B', '4', '1.54000000', '2', '124.44443622', '1', '-0.02578060', '0'], ['H', '11', '1.07000000', '4', '109.47120255', '2', '-59.97659721', '0'], ['H', '11', '1.07000000', '4', '109.47120255', '2', '60.02341758', '0']]
10
10
10
6
[['N', '6', '1.54000000', '4', '126.40421635', '2', '-179.99309324', '0'], ['Me', '15', '1.07000000', '6', '109.47120255', '4', '-60.00776330', '0'], ['Me', '15', '1.07000000', '6', '109.47120255', '4', '59.99225149', '0']]
length of zma: 9
length of nageom: 3
1
[['N', '1', '1.54000000', '2', '121.26293358', '4', '179.96729492', '0'], ['H', '27', '1.07000000', '1', '109.47120255', '2', '-59.99939400', '0'], ['H', '27', '1.07000000', '1', '109.47120255', '2', '60.00062080', '0']]
3
[['B', '3', '1.54000000', '2', '124.41629128', '1', '0.03318900', '0'], ['H', '23', '1.07000000', '3', '109.47120255', '2', '-60.23356137', '0'], ['H', '23', '1.07000000', '3', '109.47120255', '2', '59.76645342', '0']]
25
25
25
5
[['N', '5', '1.54000000', '3', '126.42680237', '2', '-179.99829384', '0'], ['Me', '19', '1.07000000', '5', '109.47120255', '3', '-60.00000740', '0'], ['Me', '19', '1.07000000', '5', '109.47120255', '3', '60.00000740', '0']]
length of zma: 9
length of nageom: 3
OpenBabel Smiles error: name 'pybel' is not defined

                                     **************************
                                     **   AFTER: geom_maker  **
                                     **************************


                                      ************************
                                      **  BEFORE: jobmaker  **
                                      ************************

Debugging2: /vscmnt/brussel_pixiu_data/_data_brussel/101/vsc10196/testing_program/CINDES/CALC/id_fulvene_CNHH_CBHH_CNOO.com
geom ZMAT_fulvene Debugging2: /vscmnt/brussel_pixiu_data/_data_brussel/101/vsc10196/testing_program/CINDES/CALC/id_fulvene_CNHH_CBHH_CCN.com
geom ZMAT_fulvene Debugging2: /vscmnt/brussel_pixiu_data/_data_brussel/101/vsc10196/testing_program/CINDES/CALC/id_fulvene_CNHH_CBHH_CCl.com
geom ZMAT_fulvene Debugging2: /vscmnt/brussel_pixiu_data/_data_brussel/101/vsc10196/testing_program/CINDES/CALC/id_fulvene_CNHH_CBHH_CF.com
geom ZMAT_fulvene Debugging2: /vscmnt/brussel_pixiu_data/_data_brussel/101/vsc10196/testing_program/CINDES/CALC/id_fulvene_CNHH_CBHH_CBFF.com
geom ZMAT_fulvene Debugging2: /vscmnt/brussel_pixiu_data/_data_brussel/101/vsc10196/testing_program/CINDES/CALC/id_fulvene_CNHH_CBHH_CBHH.com
geom ZMAT_fulvene Debugging2: /vscmnt/brussel_pixiu_data/_data_brussel/101/vsc10196/testing_program/CINDES/CALC/id_fulvene_CNHH_CBHH_CH.com
geom ZMAT_fulvene Debugging2: /vscmnt/brussel_pixiu_data/_data_brussel/101/vsc10196/testing_program/CINDES/CALC/id_fulvene_CNHH_CBHH_CSiHHH.com
geom ZMAT_fulvene Debugging2: /vscmnt/brussel_pixiu_data/_data_brussel/101/vsc10196/testing_program/CINDES/CALC/id_fulvene_CNHH_CBHH_CCHHH.com
geom ZMAT_fulvene Debugging2: /vscmnt/brussel_pixiu_data/_data_brussel/101/vsc10196/testing_program/CINDES/CALC/id_fulvene_CNHH_CBHH_COCHHH.com
geom ZMAT_fulvene Debugging2: /vscmnt/brussel_pixiu_data/_data_brussel/101/vsc10196/testing_program/CINDES/CALC/id_fulvene_CNHH_CBHH_COH.com
geom ZMAT_fulvene Debugging2: /vscmnt/brussel_pixiu_data/_data_brussel/101/vsc10196/testing_program/CINDES/CALC/id_fulvene_CNHH_CBHH_CNMeMe.com
geom ZMAT_fulvene 
                                      ************************
                                      **   AFTER: jobmaker  **
                                      ************************


                                     **************************
                                     **  BEFORE: submission  **
                                     **************************

processed walltime:  48:00
ddebug: jobid=|command:./ID_gauss|job.filename:id_fulvene_CNHH_CBHH_CNOO.com|walltime=48:00|cwd=:/vscmnt/brussel_pixiu_data/_data_brussel/101/vsc10196/testing_program/CINDES/CALC
Job: id_fulvene_CNHH_CBHH_CNOO submitted
processed walltime:  48:00
ddebug: jobid=|command:./ID_gauss|job.filename:id_fulvene_CNHH_CBHH_CCN.com|walltime=48:00|cwd=:/vscmnt/brussel_pixiu_data/_data_brussel/101/vsc10196/testing_program/CINDES/CALC
Job: id_fulvene_CNHH_CBHH_CCN submitted
processed walltime:  48:00
ddebug: jobid=|command:./ID_gauss|job.filename:id_fulvene_CNHH_CBHH_CCl.com|walltime=48:00|cwd=:/vscmnt/brussel_pixiu_data/_data_brussel/101/vsc10196/testing_program/CINDES/CALC
Job: id_fulvene_CNHH_CBHH_CCl submitted
processed walltime:  48:00
ddebug: jobid=|command:./ID_gauss|job.filename:id_fulvene_CNHH_CBHH_CF.com|walltime=48:00|cwd=:/vscmnt/brussel_pixiu_data/_data_brussel/101/vsc10196/testing_program/CINDES/CALC
Job: id_fulvene_CNHH_CBHH_CF submitted
processed walltime:  48:00
ddebug: jobid=|command:./ID_gauss|job.filename:id_fulvene_CNHH_CBHH_CBFF.com|walltime=48:00|cwd=:/vscmnt/brussel_pixiu_data/_data_brussel/101/vsc10196/testing_program/CINDES/CALC
Job: id_fulvene_CNHH_CBHH_CBFF submitted
processed walltime:  48:00
ddebug: jobid=|command:./ID_gauss|job.filename:id_fulvene_CNHH_CBHH_CBHH.com|walltime=48:00|cwd=:/vscmnt/brussel_pixiu_data/_data_brussel/101/vsc10196/testing_program/CINDES/CALC
Job: id_fulvene_CNHH_CBHH_CBHH submitted
processed walltime:  48:00
ddebug: jobid=|command:./ID_gauss|job.filename:id_fulvene_CNHH_CBHH_CH.com|walltime=48:00|cwd=:/vscmnt/brussel_pixiu_data/_data_brussel/101/vsc10196/testing_program/CINDES/CALC
Job: id_fulvene_CNHH_CBHH_CH submitted
processed walltime:  48:00
ddebug: jobid=|command:./ID_gauss|job.filename:id_fulvene_CNHH_CBHH_CSiHHH.com|walltime=48:00|cwd=:/vscmnt/brussel_pixiu_data/_data_brussel/101/vsc10196/testing_program/CINDES/CALC
Job: id_fulvene_CNHH_CBHH_CSiHHH submitted
processed walltime:  48:00
ddebug: jobid=|command:./ID_gauss|job.filename:id_fulvene_CNHH_CBHH_CCHHH.com|walltime=48:00|cwd=:/vscmnt/brussel_pixiu_data/_data_brussel/101/vsc10196/testing_program/CINDES/CALC
Job: id_fulvene_CNHH_CBHH_CCHHH submitted
processed walltime:  48:00
ddebug: jobid=|command:./ID_gauss|job.filename:id_fulvene_CNHH_CBHH_COCHHH.com|walltime=48:00|cwd=:/vscmnt/brussel_pixiu_data/_data_brussel/101/vsc10196/testing_program/CINDES/CALC
Job: id_fulvene_CNHH_CBHH_COCHHH submitted
processed walltime:  48:00
ddebug: jobid=|command:./ID_gauss|job.filename:id_fulvene_CNHH_CBHH_COH.com|walltime=48:00|cwd=:/vscmnt/brussel_pixiu_data/_data_brussel/101/vsc10196/testing_program/CINDES/CALC
Job: id_fulvene_CNHH_CBHH_COH submitted
processed walltime:  48:00
ddebug: jobid=|command:./ID_gauss|job.filename:id_fulvene_CNHH_CBHH_CNMeMe.com|walltime=48:00|cwd=:/vscmnt/brussel_pixiu_data/_data_brussel/101/vsc10196/testing_program/CINDES/CALC
Job: id_fulvene_CNHH_CBHH_CNMeMe submitted
----- END all jobs are submitted ----------

                                     **************************
                                     **   AFTER: submission  **
                                     **************************


                                     =========================
                                     ==  BEFORE: jobtester  ==
                                     =========================

len(mols_tocal): 12
Files to be checked: ['id_fulvene_CNHH_CBHH_CNOO.com', 'id_fulvene_CNHH_CBHH_CCN.com', 'id_fulvene_CNHH_CBHH_CCl.com', 'id_fulvene_CNHH_CBHH_CF.com', 'id_fulvene_CNHH_CBHH_CBFF.com', 'id_fulvene_CNHH_CBHH_CBHH.com', 'id_fulvene_CNHH_CBHH_CH.com', 'id_fulvene_CNHH_CBHH_CSiHHH.com', 'id_fulvene_CNHH_CBHH_CCHHH.com', 'id_fulvene_CNHH_CBHH_COCHHH.com', 'id_fulvene_CNHH_CBHH_COH.com', 'id_fulvene_CNHH_CBHH_CNMeMe.com']
JOB completed: id_fulvene_CNHH_CBHH_CH.com
JOB completed: id_fulvene_CNHH_CBHH_CCl.com
JOB completed: id_fulvene_CNHH_CBHH_CF.com
JOB completed: id_fulvene_CNHH_CBHH_COH.com
JOB completed: id_fulvene_CNHH_CBHH_CCN.com
JOB completed: id_fulvene_CNHH_CBHH_CBHH.com
JOB completed: id_fulvene_CNHH_CBHH_CCHHH.com
JOB completed: id_fulvene_CNHH_CBHH_CNOO.com
JOB completed: id_fulvene_CNHH_CBHH_CSiHHH.com
JOB completed: id_fulvene_CNHH_CBHH_COCHHH.com
JOB completed: id_fulvene_CNHH_CBHH_CBFF.com
JOB completed: id_fulvene_CNHH_CBHH_CNMeMe.com
✅ All jobs are ready.

                                     =========================
                                     ==   AFTER: jobtester  ==
                                     =========================


                                     **************************
                                     **  BEFORE: datareader  **
                                     **************************

normal waiting time=NT | extra waiting time=XT
not ready: 
><><><><><><><><><><><><><><>< Molecule: CNHH_CBHH_CNOO freq job appended to main job
njobs: 1  nmo:398->399   nmo:399->398   nmo:398->399   nmo:399->398  NO NLO ALPHA free energy found: -802.665008

no imaginary frequency for job:  Job: id_fulvene_CNHH_CBHH_CNOO
freq job appended to main job
njobs: 1  nmo:398->399   nmo:399->398   nmo:398->399   nmo:399->398  NO NLO ALPHA free energy found: -802.665008

molecule has no EAHs!: Molecule: CNHH_CBHH_CNOO
><><><><><><><><><><><><><><>< Molecule: CNHH_CBHH_CCN freq job appended to main job
njobs: 1 NO NLO ALPHA free energy found: -578.122579

no imaginary frequency for job:  Job: id_fulvene_CNHH_CBHH_CCN
freq job appended to main job
njobs: 1 NO NLO ALPHA free energy found: -578.122579

molecule has no EAHs!: Molecule: CNHH_CBHH_CCN
><><><><><><><><><><><><><><>< Molecule: CNHH_CBHH_CCl freq job appended to main job
njobs: 1  nmo:326->327   nmo:327->328   nmo:328->327   nmo:327->328   nmo:328->327   nmo:327->328   nmo:328->327   nmo:327->328   nmo:328->327   nmo:327->328  NO NLO ALPHA free energy found: -1312.854396

no imaginary frequency for job:  Job: id_fulvene_CNHH_CBHH_CCl
freq job appended to main job
njobs: 1  nmo:326->327   nmo:327->328   nmo:328->327   nmo:327->328   nmo:328->327   nmo:327->328   nmo:328->327   nmo:327->328   nmo:328->327   nmo:327->328  NO NLO ALPHA free energy found: -1312.854396

molecule has no EAHs!: Molecule: CNHH_CBHH_CCl
><><><><><><><><><><><><><><>< Molecule: CNHH_CBHH_CF freq job appended to main job
njobs: 1 NO NLO ALPHA free energy found: -592.124983

no imaginary frequency for job:  Job: id_fulvene_CNHH_CBHH_CF
freq job appended to main job
njobs: 1 NO NLO ALPHA free energy found: -592.124983

molecule has no EAHs!: Molecule: CNHH_CBHH_CF
><><><><><><><><><><><><><><>< Molecule: CNHH_CBHH_CBFF freq job appended to main job
njobs: 1 NO NLO ALPHA free energy found: -841.794236

no imaginary frequency for job:  Job: id_fulvene_CNHH_CBHH_CBFF
freq job appended to main job
njobs: 1 NO NLO ALPHA free energy found: -841.794236

molecule has no EAHs!: Molecule: CNHH_CBHH_CBFF
><><><><><><><><><><><><><><>< Molecule: CNHH_CBHH_CBHH freq job appended to main job
njobs: 1  nmo:335->336  NO NLO ALPHA free energy found: -444.471853

no imaginary frequency for job:  Job: id_fulvene_CNHH_CBHH_CBHH
freq job appended to main job
njobs: 1  nmo:335->336  NO NLO ALPHA free energy found: -444.471853

molecule has no EAHs!: Molecule: CNHH_CBHH_CBHH
><><><><><><><><><><><><><><>< Molecule: CNHH_CBHH_CH freq job appended to main job
njobs: 1 NO NLO ALPHA free energy found: -393.631006

no imaginary frequency for job:  Job: id_fulvene_CNHH_CBHH_CH
freq job appended to main job
njobs: 1 NO NLO ALPHA free energy found: -393.631006

molecule has no EAHs!: Molecule: CNHH_CBHH_CH
><><><><><><><><><><><><><><>< Molecule: CNHH_CBHH_CSiHHH freq job appended to main job
njobs: 1 NO NLO ALPHA free energy found: -974.954988

no imaginary frequency for job:  Job: id_fulvene_CNHH_CBHH_CSiHHH
freq job appended to main job
njobs: 1 NO NLO ALPHA free energy found: -974.954988

molecule has no EAHs!: Molecule: CNHH_CBHH_CSiHHH
><><><><><><><><><><><><><><>< Molecule: CNHH_CBHH_CCHHH freq job appended to main job
njobs: 1  nmo:346->347   nmo:347->346   nmo:346->347  NO NLO ALPHA free energy found: -472.192219

no imaginary frequency for job:  Job: id_fulvene_CNHH_CBHH_CCHHH
freq job appended to main job
njobs: 1  nmo:346->347   nmo:347->346   nmo:346->347  NO NLO ALPHA free energy found: -472.192219

molecule has no EAHs!: Molecule: CNHH_CBHH_CCHHH
><><><><><><><><><><><><><><>< Molecule: CNHH_CBHH_COCHHH freq job appended to main job
njobs: 1 NO NLO ALPHA free energy found: -622.588193

no imaginary frequency for job:  Job: id_fulvene_CNHH_CBHH_COCHHH
freq job appended to main job
njobs: 1 NO NLO ALPHA free energy found: -622.588193

molecule has no EAHs!: Molecule: CNHH_CBHH_COCHHH
><><><><><><><><><><><><><><>< Molecule: CNHH_CBHH_COH freq job appended to main job
njobs: 1  nmo:323->324  NO NLO ALPHA free energy found: -544.074602

no imaginary frequency for job:  Job: id_fulvene_CNHH_CBHH_COH
freq job appended to main job
njobs: 1  nmo:323->324  NO NLO ALPHA free energy found: -544.074602

molecule has no EAHs!: Molecule: CNHH_CBHH_COH
><><><><><><><><><><><><><><>< Molecule: CNHH_CBHH_CNMeMe freq job appended to main job
njobs: 1  nmo:469->470  NO NLO ALPHA free energy found: -661.371458

no imaginary frequency for job:  Job: id_fulvene_CNHH_CBHH_CNMeMe
freq job appended to main job
njobs: 1  nmo:469->470  NO NLO ALPHA free energy found: -661.371458

molecule has no EAHs!: Molecule: CNHH_CBHH_CNMeMe

                                     **************************
                                     **   AFTER: datareader  **
                                     **************************


                                      ************************
                                      **  BEFORE: jobmaker  **
                                      ************************

Debugging2: /vscmnt/brussel_pixiu_data/_data_brussel/101/vsc10196/testing_program/CINDES/CALC/id_fulvene_1_CNHH_CBHH_CNOO.com
geom _fulvene Debugging2: /vscmnt/brussel_pixiu_data/_data_brussel/101/vsc10196/testing_program/CINDES/CALC/id_fulvene_1_CNHH_CBHH_CCN.com
geom _fulvene Debugging2: /vscmnt/brussel_pixiu_data/_data_brussel/101/vsc10196/testing_program/CINDES/CALC/id_fulvene_1_CNHH_CBHH_CCl.com
geom _fulvene Debugging2: /vscmnt/brussel_pixiu_data/_data_brussel/101/vsc10196/testing_program/CINDES/CALC/id_fulvene_1_CNHH_CBHH_CF.com
geom _fulvene Debugging2: /vscmnt/brussel_pixiu_data/_data_brussel/101/vsc10196/testing_program/CINDES/CALC/id_fulvene_1_CNHH_CBHH_CBFF.com
geom _fulvene Debugging2: /vscmnt/brussel_pixiu_data/_data_brussel/101/vsc10196/testing_program/CINDES/CALC/id_fulvene_1_CNHH_CBHH_CBHH.com
geom _fulvene Debugging2: /vscmnt/brussel_pixiu_data/_data_brussel/101/vsc10196/testing_program/CINDES/CALC/id_fulvene_1_CNHH_CBHH_CH.com
geom _fulvene Debugging2: /vscmnt/brussel_pixiu_data/_data_brussel/101/vsc10196/testing_program/CINDES/CALC/id_fulvene_1_CNHH_CBHH_CSiHHH.com
geom _fulvene Debugging2: /vscmnt/brussel_pixiu_data/_data_brussel/101/vsc10196/testing_program/CINDES/CALC/id_fulvene_1_CNHH_CBHH_CCHHH.com
geom _fulvene Debugging2: /vscmnt/brussel_pixiu_data/_data_brussel/101/vsc10196/testing_program/CINDES/CALC/id_fulvene_1_CNHH_CBHH_COCHHH.com
geom _fulvene Debugging2: /vscmnt/brussel_pixiu_data/_data_brussel/101/vsc10196/testing_program/CINDES/CALC/id_fulvene_1_CNHH_CBHH_COH.com
geom _fulvene Debugging2: /vscmnt/brussel_pixiu_data/_data_brussel/101/vsc10196/testing_program/CINDES/CALC/id_fulvene_1_CNHH_CBHH_CNMeMe.com
geom _fulvene 
                                      ************************
                                      **   AFTER: jobmaker  **
                                      ************************


                                      ************************
                                      **  BEFORE: jobmaker  **
                                      ************************

Debugging2: /vscmnt/brussel_pixiu_data/_data_brussel/101/vsc10196/testing_program/CINDES/CALC/id_fulvene_2_CNHH_CBHH_CNOO.com
geom _fulvene Debugging2: /vscmnt/brussel_pixiu_data/_data_brussel/101/vsc10196/testing_program/CINDES/CALC/id_fulvene_2_CNHH_CBHH_CCN.com
geom _fulvene Debugging2: /vscmnt/brussel_pixiu_data/_data_brussel/101/vsc10196/testing_program/CINDES/CALC/id_fulvene_2_CNHH_CBHH_CCl.com
geom _fulvene Debugging2: /vscmnt/brussel_pixiu_data/_data_brussel/101/vsc10196/testing_program/CINDES/CALC/id_fulvene_2_CNHH_CBHH_CF.com
geom _fulvene Debugging2: /vscmnt/brussel_pixiu_data/_data_brussel/101/vsc10196/testing_program/CINDES/CALC/id_fulvene_2_CNHH_CBHH_CBFF.com
geom _fulvene Debugging2: /vscmnt/brussel_pixiu_data/_data_brussel/101/vsc10196/testing_program/CINDES/CALC/id_fulvene_2_CNHH_CBHH_CBHH.com
geom _fulvene Debugging2: /vscmnt/brussel_pixiu_data/_data_brussel/101/vsc10196/testing_program/CINDES/CALC/id_fulvene_2_CNHH_CBHH_CH.com
geom _fulvene Debugging2: /vscmnt/brussel_pixiu_data/_data_brussel/101/vsc10196/testing_program/CINDES/CALC/id_fulvene_2_CNHH_CBHH_CSiHHH.com
geom _fulvene Debugging2: /vscmnt/brussel_pixiu_data/_data_brussel/101/vsc10196/testing_program/CINDES/CALC/id_fulvene_2_CNHH_CBHH_CCHHH.com
geom _fulvene Debugging2: /vscmnt/brussel_pixiu_data/_data_brussel/101/vsc10196/testing_program/CINDES/CALC/id_fulvene_2_CNHH_CBHH_COCHHH.com
geom _fulvene Debugging2: /vscmnt/brussel_pixiu_data/_data_brussel/101/vsc10196/testing_program/CINDES/CALC/id_fulvene_2_CNHH_CBHH_COH.com
geom _fulvene Debugging2: /vscmnt/brussel_pixiu_data/_data_brussel/101/vsc10196/testing_program/CINDES/CALC/id_fulvene_2_CNHH_CBHH_CNMeMe.com
geom _fulvene 
                                      ************************
                                      **   AFTER: jobmaker  **
                                      ************************


                                     **************************
                                     **  BEFORE: submission  **
                                     **************************

processed walltime:  8:00
ddebug: jobid=|command:./ID_gauss|job.filename:id_fulvene_1_CNHH_CBHH_CNOO.com|walltime=8:00|cwd=:/vscmnt/brussel_pixiu_data/_data_brussel/101/vsc10196/testing_program/CINDES/CALC
Job: id_fulvene_1_CNHH_CBHH_CNOO submitted
processed walltime:  8:00
ddebug: jobid=|command:./ID_gauss|job.filename:id_fulvene_2_CNHH_CBHH_CNOO.com|walltime=8:00|cwd=:/vscmnt/brussel_pixiu_data/_data_brussel/101/vsc10196/testing_program/CINDES/CALC
Job: id_fulvene_2_CNHH_CBHH_CNOO submitted
processed walltime:  8:00
ddebug: jobid=|command:./ID_gauss|job.filename:id_fulvene_1_CNHH_CBHH_CCN.com|walltime=8:00|cwd=:/vscmnt/brussel_pixiu_data/_data_brussel/101/vsc10196/testing_program/CINDES/CALC
Job: id_fulvene_1_CNHH_CBHH_CCN submitted
processed walltime:  8:00
ddebug: jobid=|command:./ID_gauss|job.filename:id_fulvene_2_CNHH_CBHH_CCN.com|walltime=8:00|cwd=:/vscmnt/brussel_pixiu_data/_data_brussel/101/vsc10196/testing_program/CINDES/CALC
Job: id_fulvene_2_CNHH_CBHH_CCN submitted
processed walltime:  8:00
ddebug: jobid=|command:./ID_gauss|job.filename:id_fulvene_1_CNHH_CBHH_CCl.com|walltime=8:00|cwd=:/vscmnt/brussel_pixiu_data/_data_brussel/101/vsc10196/testing_program/CINDES/CALC
Job: id_fulvene_1_CNHH_CBHH_CCl submitted
processed walltime:  8:00
ddebug: jobid=|command:./ID_gauss|job.filename:id_fulvene_2_CNHH_CBHH_CCl.com|walltime=8:00|cwd=:/vscmnt/brussel_pixiu_data/_data_brussel/101/vsc10196/testing_program/CINDES/CALC
Job: id_fulvene_2_CNHH_CBHH_CCl submitted
processed walltime:  8:00
ddebug: jobid=|command:./ID_gauss|job.filename:id_fulvene_1_CNHH_CBHH_CF.com|walltime=8:00|cwd=:/vscmnt/brussel_pixiu_data/_data_brussel/101/vsc10196/testing_program/CINDES/CALC
Job: id_fulvene_1_CNHH_CBHH_CF submitted
processed walltime:  8:00
ddebug: jobid=|command:./ID_gauss|job.filename:id_fulvene_2_CNHH_CBHH_CF.com|walltime=8:00|cwd=:/vscmnt/brussel_pixiu_data/_data_brussel/101/vsc10196/testing_program/CINDES/CALC
Job: id_fulvene_2_CNHH_CBHH_CF submitted
processed walltime:  8:00
ddebug: jobid=|command:./ID_gauss|job.filename:id_fulvene_1_CNHH_CBHH_CBFF.com|walltime=8:00|cwd=:/vscmnt/brussel_pixiu_data/_data_brussel/101/vsc10196/testing_program/CINDES/CALC
Job: id_fulvene_1_CNHH_CBHH_CBFF submitted
processed walltime:  8:00
ddebug: jobid=|command:./ID_gauss|job.filename:id_fulvene_2_CNHH_CBHH_CBFF.com|walltime=8:00|cwd=:/vscmnt/brussel_pixiu_data/_data_brussel/101/vsc10196/testing_program/CINDES/CALC
Job: id_fulvene_2_CNHH_CBHH_CBFF submitted
processed walltime:  8:00
ddebug: jobid=|command:./ID_gauss|job.filename:id_fulvene_1_CNHH_CBHH_CBHH.com|walltime=8:00|cwd=:/vscmnt/brussel_pixiu_data/_data_brussel/101/vsc10196/testing_program/CINDES/CALC
Job: id_fulvene_1_CNHH_CBHH_CBHH submitted
processed walltime:  8:00
ddebug: jobid=|command:./ID_gauss|job.filename:id_fulvene_2_CNHH_CBHH_CBHH.com|walltime=8:00|cwd=:/vscmnt/brussel_pixiu_data/_data_brussel/101/vsc10196/testing_program/CINDES/CALC
Job: id_fulvene_2_CNHH_CBHH_CBHH submitted
processed walltime:  8:00
ddebug: jobid=|command:./ID_gauss|job.filename:id_fulvene_1_CNHH_CBHH_CH.com|walltime=8:00|cwd=:/vscmnt/brussel_pixiu_data/_data_brussel/101/vsc10196/testing_program/CINDES/CALC
Job: id_fulvene_1_CNHH_CBHH_CH submitted
processed walltime:  8:00
ddebug: jobid=|command:./ID_gauss|job.filename:id_fulvene_2_CNHH_CBHH_CH.com|walltime=8:00|cwd=:/vscmnt/brussel_pixiu_data/_data_brussel/101/vsc10196/testing_program/CINDES/CALC
Job: id_fulvene_2_CNHH_CBHH_CH submitted
processed walltime:  8:00
ddebug: jobid=|command:./ID_gauss|job.filename:id_fulvene_1_CNHH_CBHH_CSiHHH.com|walltime=8:00|cwd=:/vscmnt/brussel_pixiu_data/_data_brussel/101/vsc10196/testing_program/CINDES/CALC
Job: id_fulvene_1_CNHH_CBHH_CSiHHH submitted
processed walltime:  8:00
ddebug: jobid=|command:./ID_gauss|job.filename:id_fulvene_2_CNHH_CBHH_CSiHHH.com|walltime=8:00|cwd=:/vscmnt/brussel_pixiu_data/_data_brussel/101/vsc10196/testing_program/CINDES/CALC
Job: id_fulvene_2_CNHH_CBHH_CSiHHH submitted
processed walltime:  8:00
ddebug: jobid=|command:./ID_gauss|job.filename:id_fulvene_1_CNHH_CBHH_CCHHH.com|walltime=8:00|cwd=:/vscmnt/brussel_pixiu_data/_data_brussel/101/vsc10196/testing_program/CINDES/CALC
Job: id_fulvene_1_CNHH_CBHH_CCHHH submitted
processed walltime:  8:00
ddebug: jobid=|command:./ID_gauss|job.filename:id_fulvene_2_CNHH_CBHH_CCHHH.com|walltime=8:00|cwd=:/vscmnt/brussel_pixiu_data/_data_brussel/101/vsc10196/testing_program/CINDES/CALC
Job: id_fulvene_2_CNHH_CBHH_CCHHH submitted
processed walltime:  8:00
ddebug: jobid=|command:./ID_gauss|job.filename:id_fulvene_1_CNHH_CBHH_COCHHH.com|walltime=8:00|cwd=:/vscmnt/brussel_pixiu_data/_data_brussel/101/vsc10196/testing_program/CINDES/CALC
Job: id_fulvene_1_CNHH_CBHH_COCHHH submitted
processed walltime:  8:00
ddebug: jobid=|command:./ID_gauss|job.filename:id_fulvene_2_CNHH_CBHH_COCHHH.com|walltime=8:00|cwd=:/vscmnt/brussel_pixiu_data/_data_brussel/101/vsc10196/testing_program/CINDES/CALC
Job: id_fulvene_2_CNHH_CBHH_COCHHH submitted
processed walltime:  8:00
ddebug: jobid=|command:./ID_gauss|job.filename:id_fulvene_1_CNHH_CBHH_COH.com|walltime=8:00|cwd=:/vscmnt/brussel_pixiu_data/_data_brussel/101/vsc10196/testing_program/CINDES/CALC
Job: id_fulvene_1_CNHH_CBHH_COH submitted
processed walltime:  8:00
ddebug: jobid=|command:./ID_gauss|job.filename:id_fulvene_2_CNHH_CBHH_COH.com|walltime=8:00|cwd=:/vscmnt/brussel_pixiu_data/_data_brussel/101/vsc10196/testing_program/CINDES/CALC
Job: id_fulvene_2_CNHH_CBHH_COH submitted
processed walltime:  8:00
ddebug: jobid=|command:./ID_gauss|job.filename:id_fulvene_1_CNHH_CBHH_CNMeMe.com|walltime=8:00|cwd=:/vscmnt/brussel_pixiu_data/_data_brussel/101/vsc10196/testing_program/CINDES/CALC
Job: id_fulvene_1_CNHH_CBHH_CNMeMe submitted
processed walltime:  8:00
ddebug: jobid=|command:./ID_gauss|job.filename:id_fulvene_2_CNHH_CBHH_CNMeMe.com|walltime=8:00|cwd=:/vscmnt/brussel_pixiu_data/_data_brussel/101/vsc10196/testing_program/CINDES/CALC
Job: id_fulvene_2_CNHH_CBHH_CNMeMe submitted
----- END all jobs are submitted ----------

                                     **************************
                                     **   AFTER: submission  **
                                     **************************


                                     =========================
                                     ==  BEFORE: jobtester  ==
                                     =========================

len(mols_tocal): 12
Files to be checked: ['id_fulvene_1_CNHH_CBHH_CNOO.com', 'id_fulvene_2_CNHH_CBHH_CNOO.com', 'id_fulvene_1_CNHH_CBHH_CCN.com', 'id_fulvene_2_CNHH_CBHH_CCN.com', 'id_fulvene_1_CNHH_CBHH_CCl.com', 'id_fulvene_2_CNHH_CBHH_CCl.com', 'id_fulvene_1_CNHH_CBHH_CF.com', 'id_fulvene_2_CNHH_CBHH_CF.com', 'id_fulvene_1_CNHH_CBHH_CBFF.com', 'id_fulvene_2_CNHH_CBHH_CBFF.com', 'id_fulvene_1_CNHH_CBHH_CBHH.com', 'id_fulvene_2_CNHH_CBHH_CBHH.com', 'id_fulvene_1_CNHH_CBHH_CH.com', 'id_fulvene_2_CNHH_CBHH_CH.com', 'id_fulvene_1_CNHH_CBHH_CSiHHH.com', 'id_fulvene_2_CNHH_CBHH_CSiHHH.com', 'id_fulvene_1_CNHH_CBHH_CCHHH.com', 'id_fulvene_2_CNHH_CBHH_CCHHH.com', 'id_fulvene_1_CNHH_CBHH_COCHHH.com', 'id_fulvene_2_CNHH_CBHH_COCHHH.com', 'id_fulvene_1_CNHH_CBHH_COH.com', 'id_fulvene_2_CNHH_CBHH_COH.com', 'id_fulvene_1_CNHH_CBHH_CNMeMe.com', 'id_fulvene_2_CNHH_CBHH_CNMeMe.com']
JOB completed: id_fulvene_1_CNHH_CBHH_CNOO.com
JOB completed: id_fulvene_2_CNHH_CBHH_CNOO.com
JOB completed: id_fulvene_1_CNHH_CBHH_CCN.com
JOB completed: id_fulvene_2_CNHH_CBHH_CCN.com
JOB completed: id_fulvene_1_CNHH_CBHH_CCl.com
JOB completed: id_fulvene_2_CNHH_CBHH_CCl.com
JOB completed: id_fulvene_1_CNHH_CBHH_CF.com
JOB completed: id_fulvene_2_CNHH_CBHH_CF.com
JOB completed: id_fulvene_1_CNHH_CBHH_CBFF.com
JOB completed: id_fulvene_2_CNHH_CBHH_CBFF.com
JOB completed: id_fulvene_1_CNHH_CBHH_CBHH.com
JOB completed: id_fulvene_2_CNHH_CBHH_CBHH.com
JOB completed: id_fulvene_1_CNHH_CBHH_CH.com
JOB completed: id_fulvene_2_CNHH_CBHH_CH.com
JOB completed: id_fulvene_1_CNHH_CBHH_CSiHHH.com
JOB completed: id_fulvene_2_CNHH_CBHH_CSiHHH.com
JOB completed: id_fulvene_1_CNHH_CBHH_CCHHH.com
JOB completed: id_fulvene_2_CNHH_CBHH_CCHHH.com
JOB completed: id_fulvene_1_CNHH_CBHH_COCHHH.com
JOB completed: id_fulvene_2_CNHH_CBHH_COCHHH.com
JOB completed: id_fulvene_1_CNHH_CBHH_COH.com
JOB completed: id_fulvene_2_CNHH_CBHH_COH.com
JOB completed: id_fulvene_1_CNHH_CBHH_CNMeMe.com
JOB completed: id_fulvene_2_CNHH_CBHH_CNMeMe.com
✅ All jobs are ready.

                                     =========================
                                     ==   AFTER: jobtester  ==
                                     =========================


                                     **************************
                                     **  BEFORE: datareader  **
                                     **************************

normal waiting time=NT | extra waiting time=XT
not ready: 
><><><><><><><><><><><><><><>< Molecule: CNHH_CBHH_CNOO njobs: 1 I am in the parser []
I am in the parser [31542.730609332]
I am in the parser [31542.730609332, 32700.136214946997]
[31542.73060933 32700.13621495 34402.77261457]
datareader I am here

no hasimagfreq keyword for job:  Job: id_fulvene_1_CNHH_CBHH_CNOO
njobs: 1 I am in the parser []
I am in the parser [31542.730609332]
I am in the parser [31542.730609332, 32700.136214946997]
[31542.73060933 32700.13621495 34402.77261457]
datareader I am here

njobs: 1 I am in the parser []
I am in the parser [18011.973508428]
I am in the parser [18011.973508428, 21322.879439473]
[18011.97350843 21322.87943947 27650.29893498]
datareader I am here

no hasimagfreq keyword for job:  Job: id_fulvene_2_CNHH_CBHH_CNOO
njobs: 1 I am in the parser []
I am in the parser [18011.973508428]
I am in the parser [18011.973508428, 21322.879439473]
[18011.97350843 21322.87943947 27650.29893498]
datareader I am here

molecule has no EAHs!: Molecule: CNHH_CBHH_CNOO
><><><><><><><><><><><><><><>< Molecule: CNHH_CBHH_CCN njobs: 1 I am in the parser []
I am in the parser [28674.623059808]
I am in the parser [28674.623059808, 31508.855323314]
[28674.62305981 31508.85532331 39096.91939135]
datareader I am here

no hasimagfreq keyword for job:  Job: id_fulvene_1_CNHH_CBHH_CCN
njobs: 1 I am in the parser []
I am in the parser [28674.623059808]
I am in the parser [28674.623059808, 31508.855323314]
[28674.62305981 31508.85532331 39096.91939135]
datareader I am here

njobs: 1 I am in the parser []
I am in the parser [21451.121593684]
I am in the parser [21451.121593684, 22047.165316715]
[21451.12159368 22047.16531671 30019.14929295]
datareader I am here

no hasimagfreq keyword for job:  Job: id_fulvene_2_CNHH_CBHH_CCN
njobs: 1 I am in the parser []
I am in the parser [21451.121593684]
I am in the parser [21451.121593684, 22047.165316715]
[21451.12159368 22047.16531671 30019.14929295]
datareader I am here

molecule has no EAHs!: Molecule: CNHH_CBHH_CCN
><><><><><><><><><><><><><><>< Molecule: CNHH_CBHH_CCl njobs: 1 I am in the parser []
I am in the parser [25350.005703469997]
I am in the parser [25350.005703469997, 29936.880741193]
[25350.00570347 29936.88074119 38352.46965338]
datareader I am here

no hasimagfreq keyword for job:  Job: id_fulvene_1_CNHH_CBHH_CCl
njobs: 1 I am in the parser []
I am in the parser [25350.005703469997]
I am in the parser [25350.005703469997, 29936.880741193]
[25350.00570347 29936.88074119 38352.46965338]
datareader I am here

njobs: 1 I am in the parser []
I am in the parser [18111.179703194997]
I am in the parser [18111.179703194997, 19070.172919276]
[18111.17970319 19070.17291928 33031.63008527]
datareader I am here

no hasimagfreq keyword for job:  Job: id_fulvene_2_CNHH_CBHH_CCl
njobs: 1 I am in the parser []
I am in the parser [18111.179703194997]
I am in the parser [18111.179703194997, 19070.172919276]
[18111.17970319 19070.17291928 33031.63008527]
datareader I am here

molecule has no EAHs!: Molecule: CNHH_CBHH_CCl
><><><><><><><><><><><><><><>< Molecule: CNHH_CBHH_CF njobs: 1 I am in the parser []
I am in the parser [25112.072146915]
I am in the parser [25112.072146915, 30878.936314265]
[25112.07214692 30878.93631426 39624.40598791]
datareader I am here

no hasimagfreq keyword for job:  Job: id_fulvene_1_CNHH_CBHH_CF
njobs: 1 I am in the parser []
I am in the parser [25112.072146915]
I am in the parser [25112.072146915, 30878.936314265]
[25112.07214692 30878.93631426 39624.40598791]
datareader I am here

njobs: 1 I am in the parser []
I am in the parser [16600.503257678]
I am in the parser [16600.503257678, 18939.511101778]
[16600.50325768 18939.51110178 35173.83864869]
datareader I am here

no hasimagfreq keyword for job:  Job: id_fulvene_2_CNHH_CBHH_CF
njobs: 1 I am in the parser []
I am in the parser [16600.503257678]
I am in the parser [16600.503257678, 18939.511101778]
[16600.50325768 18939.51110178 35173.83864869]
datareader I am here

molecule has no EAHs!: Molecule: CNHH_CBHH_CF
><><><><><><><><><><><><><><>< Molecule: CNHH_CBHH_CBFF njobs: 1 I am in the parser []
I am in the parser [28945.625347952]
I am in the parser [28945.625347952, 31157.19759227]
[28945.62534795 31157.19759227 39905.89348363]
datareader I am here

no hasimagfreq keyword for job:  Job: id_fulvene_1_CNHH_CBHH_CBFF
njobs: 1 I am in the parser []
I am in the parser [28945.625347952]
I am in the parser [28945.625347952, 31157.19759227]
[28945.62534795 31157.19759227 39905.89348363]
datareader I am here

njobs: 1 I am in the parser []
I am in the parser [20360.660005676]
I am in the parser [20360.660005676, 21859.238134757998]
[20360.66000568 21859.23813476 32808.21450843]
datareader I am here

no hasimagfreq keyword for job:  Job: id_fulvene_2_CNHH_CBHH_CBFF
njobs: 1 I am in the parser []
I am in the parser [20360.660005676]
I am in the parser [20360.660005676, 21859.238134757998]
[20360.66000568 21859.23813476 32808.21450843]
datareader I am here

molecule has no EAHs!: Molecule: CNHH_CBHH_CBFF
><><><><><><><><><><><><><><>< Molecule: CNHH_CBHH_CBHH njobs: 1 I am in the parser []
I am in the parser [29452.948083793]
I am in the parser [29452.948083793, 30798.280871364997]
[29452.94808379 30798.28087136 36110.24834076]
datareader I am here

no hasimagfreq keyword for job:  Job: id_fulvene_1_CNHH_CBHH_CBHH
njobs: 1 I am in the parser []
I am in the parser [29452.948083793]
I am in the parser [29452.948083793, 30798.280871364997]
[29452.94808379 30798.28087136 36110.24834076]
datareader I am here

njobs: 1 I am in the parser []
I am in the parser [21347.076072343]
I am in the parser [21347.076072343, 22902.919565884]
[21347.07607234 22902.91956588 26692.91882775]
datareader I am here

no hasimagfreq keyword for job:  Job: id_fulvene_2_CNHH_CBHH_CBHH
njobs: 1 I am in the parser []
I am in the parser [21347.076072343]
I am in the parser [21347.076072343, 22902.919565884]
[21347.07607234 22902.91956588 26692.91882775]
datareader I am here

molecule has no EAHs!: Molecule: CNHH_CBHH_CBHH
><><><><><><><><><><><><><><>< Molecule: CNHH_CBHH_CH njobs: 1 I am in the parser []
I am in the parser [26649.364888589]
I am in the parser [26649.364888589, 30299.830234243]
[26649.36488859 30299.83023424 40479.35368265]
datareader I am here

no hasimagfreq keyword for job:  Job: id_fulvene_1_CNHH_CBHH_CH
njobs: 1 I am in the parser []
I am in the parser [26649.364888589]
I am in the parser [26649.364888589, 30299.830234243]
[26649.36488859 30299.83023424 40479.35368265]
datareader I am here

njobs: 1 I am in the parser []
I am in the parser [18504.778264546996]
I am in the parser [18504.778264546996, 18558.010856860998]
[18504.77826455 18558.01085686 35584.37485305]
datareader I am here

no hasimagfreq keyword for job:  Job: id_fulvene_2_CNHH_CBHH_CH
njobs: 1 I am in the parser []
I am in the parser [18504.778264546996]
I am in the parser [18504.778264546996, 18558.010856860998]
[18504.77826455 18558.01085686 35584.37485305]
datareader I am here

molecule has no EAHs!: Molecule: CNHH_CBHH_CH
><><><><><><><><><><><><><><>< Molecule: CNHH_CBHH_CSiHHH njobs: 1 I am in the parser []
I am in the parser [27298.641203934]
I am in the parser [27298.641203934, 30021.568956238]
[27298.64120393 30021.56895624 39189.67315068]
datareader I am here

no hasimagfreq keyword for job:  Job: id_fulvene_1_CNHH_CBHH_CSiHHH
njobs: 1 I am in the parser []
I am in the parser [27298.641203934]
I am in the parser [27298.641203934, 30021.568956238]
[27298.64120393 30021.56895624 39189.67315068]
datareader I am here

njobs: 1 I am in the parser []
I am in the parser [19307.299921402002]
I am in the parser [19307.299921402002, 20049.329996081997]
[19307.2999214  20049.32999608 33190.52130778]
datareader I am here

no hasimagfreq keyword for job:  Job: id_fulvene_2_CNHH_CBHH_CSiHHH
njobs: 1 I am in the parser []
I am in the parser [19307.299921402002]
I am in the parser [19307.299921402002, 20049.329996081997]
[19307.2999214  20049.32999608 33190.52130778]
datareader I am here

molecule has no EAHs!: Molecule: CNHH_CBHH_CSiHHH
><><><><><><><><><><><><><><>< Molecule: CNHH_CBHH_CCHHH njobs: 1 I am in the parser []
I am in the parser [25006.413516716]
I am in the parser [25006.413516716, 29897.359574172]
[25006.41351672 29897.35957417 37694.32123931]
datareader I am here

no hasimagfreq keyword for job:  Job: id_fulvene_1_CNHH_CBHH_CCHHH
njobs: 1 I am in the parser []
I am in the parser [25006.413516716]
I am in the parser [25006.413516716, 29897.359574172]
[25006.41351672 29897.35957417 37694.32123931]
datareader I am here

njobs: 1 I am in the parser []
I am in the parser [16923.125029278]
I am in the parser [16923.125029278, 18308.7855383]
[16923.12502928 18308.7855383  33090.50855858]
datareader I am here

no hasimagfreq keyword for job:  Job: id_fulvene_2_CNHH_CBHH_CCHHH
njobs: 1 I am in the parser []
I am in the parser [16923.125029278]
I am in the parser [16923.125029278, 18308.7855383]
[16923.12502928 18308.7855383  33090.50855858]
datareader I am here

molecule has no EAHs!: Molecule: CNHH_CBHH_CCHHH
><><><><><><><><><><><><><><>< Molecule: CNHH_CBHH_COCHHH njobs: 1 I am in the parser []
I am in the parser [23225.541337484]
I am in the parser [23225.541337484, 28752.052284991998]
[23225.54133748 28752.05228499 36688.54786635]
datareader I am here

no hasimagfreq keyword for job:  Job: id_fulvene_1_CNHH_CBHH_COCHHH
njobs: 1 I am in the parser []
I am in the parser [23225.541337484]
I am in the parser [23225.541337484, 28752.052284991998]
[23225.54133748 28752.05228499 36688.54786635]
datareader I am here

njobs: 1 I am in the parser []
I am in the parser [14504.268296707]
I am in the parser [14504.268296707, 17654.669896380998]
[14504.26829671 17654.66989638 31954.07336812]
datareader I am here

no hasimagfreq keyword for job:  Job: id_fulvene_2_CNHH_CBHH_COCHHH
njobs: 1 I am in the parser []
I am in the parser [14504.268296707]
I am in the parser [14504.268296707, 17654.669896380998]
[14504.26829671 17654.66989638 31954.07336812]
datareader I am here

molecule has no EAHs!: Molecule: CNHH_CBHH_COCHHH
><><><><><><><><><><><><><><>< Molecule: CNHH_CBHH_COH njobs: 1 I am in the parser []
I am in the parser [20302.588086787997]
I am in the parser [20302.588086787997, 29124.68043119]
[20302.58808679 29124.68043119 34728.62060388]
datareader I am here

no hasimagfreq keyword for job:  Job: id_fulvene_1_CNHH_CBHH_COH
njobs: 1 I am in the parser []
I am in the parser [20302.588086787997]
I am in the parser [20302.588086787997, 29124.68043119]
[20302.58808679 29124.68043119 34728.62060388]
datareader I am here

njobs: 1 I am in the parser []
I am in the parser [11232.076978254001]
I am in the parser [11232.076978254001, 16949.741325435]
[11232.07697825 16949.74132543 30646.64863871]
datareader I am here

no hasimagfreq keyword for job:  Job: id_fulvene_2_CNHH_CBHH_COH
njobs: 1 I am in the parser []
I am in the parser [11232.076978254001]
I am in the parser [11232.076978254001, 16949.741325435]
[11232.07697825 16949.74132543 30646.64863871]
datareader I am here

molecule has no EAHs!: Molecule: CNHH_CBHH_COH
><><><><><><><><><><><><><><>< Molecule: CNHH_CBHH_CNMeMe njobs: 1 I am in the parser []
I am in the parser [20789.746961904]
I am in the parser [20789.746961904, 26483.214676215]
[20789.7469619  26483.21467622 32089.57451219]
datareader I am here

no hasimagfreq keyword for job:  Job: id_fulvene_1_CNHH_CBHH_CNMeMe
njobs: 1 I am in the parser []
I am in the parser [20789.746961904]
I am in the parser [20789.746961904, 26483.214676215]
[20789.7469619  26483.21467622 32089.57451219]
datareader I am here

njobs: 1 I am in the parser []
I am in the parser [12296.728824533999]
I am in the parser [12296.728824533999, 17216.710841434]
[12296.72882453 17216.71084143 28477.0172247 ]
datareader I am here

no hasimagfreq keyword for job:  Job: id_fulvene_2_CNHH_CBHH_CNMeMe
njobs: 1 I am in the parser []
I am in the parser [12296.728824533999]
I am in the parser [12296.728824533999, 17216.710841434]
[12296.72882453 17216.71084143 28477.0172247 ]
datareader I am here

molecule has no EAHs!: Molecule: CNHH_CBHH_CNMeMe

                                     **************************
                                     **   AFTER: datareader  **
                                     **************************

kwargs: {'tdenergy_S': array([3.91069928, 4.05419559, 4.26529015]), 'tdenergy_T': array([2.23314249, 2.64363192, 3.42811171])}
kwargs: {'tdenergy_S': array([3.55510844, 3.90649939, 4.84727516]), 'tdenergy_T': array([2.65953151, 2.7334296 , 3.72180415])}
kwargs: {'tdenergy_S': array([3.14291906, 3.71160441, 4.75497754]), 'tdenergy_T': array([2.24544217, 2.36433911, 4.09529453])}
kwargs: {'tdenergy_S': array([3.11341982, 3.8284014 , 4.91267348]), 'tdenergy_T': array([2.05814699, 2.34813953, 4.36088769])}
kwargs: {'tdenergy_S': array([3.58870758, 3.86290051, 4.94757258]), 'tdenergy_T': array([2.52433499, 2.7101302 , 4.06759524])}
kwargs: {'tdenergy_S': array([3.65160596, 3.81840166, 4.4769847 ]), 'tdenergy_T': array([2.64663184, 2.83952687, 3.30941477])}
kwargs: {'tdenergy_S': array([3.30401491, 3.75660325, 5.01867075]), 'tdenergy_T': array([2.29424091, 2.30084074, 4.41178638])}
kwargs: {'tdenergy_S': array([3.38451284, 3.72210414, 4.85877487]), 'tdenergy_T': array([2.39373835, 2.48573598, 4.11499402])}
kwargs: {'tdenergy_S': array([3.10032015, 3.70670454, 4.67337964]), 'tdenergy_T': array([2.09814596, 2.26994154, 4.10259434])}
kwargs: {'tdenergy_S': array([2.87952584, 3.56470819, 4.54868285]), 'tdenergy_T': array([1.79825369, 2.18884363, 3.96169797])}
kwargs: {'tdenergy_S': array([2.51713517, 3.610907  , 4.30568911]), 'tdenergy_T': array([1.39256414, 2.10144588, 3.79960214])}
kwargs: {'tdenergy_S': array([2.57753362, 3.28341544, 3.97849754]), 'tdenergy_T': array([1.52456074, 2.13454503, 3.53060907])}
kwargs: {'tdenergy_S': [3.4111121500649935, 4.258590324074164, 5.058369726519633], 'tdenergy_T': [2.212943007766719, 2.7239298477887672, 4.303089178048687]}
kwargs: {'tdenergy_S': [2.6011330103040162, 3.346913803432086, 4.151093092562677], 'tdenergy_T': [1.7672544860488575, 2.1095456706663662, 3.6382063014720525]}
kwargs: {'tdenergy_S': array([2.3878385 , 3.43141163, 4.13589348]), 'tdenergy_T': array([1.30126649, 1.98224895, 3.77380281])}

                                      ************************
                                      **  BEFORE: loggings  **
                                      ************************

dumped table in table.json with 328 of the 328 molecules
first molecule: CNHH_CBHH_CNOO
AutoMD         : False
Cores          : 16
Mem            : 32GB
CalcLine       : # M062X/6-311+G(d,p) td=(triplets,nstates=3)
g_fulvene      : -802.665008
xyz_fulvene    : 
array([[-2.713281e+00, -5.010000e-04,  4.900000e-05],
       [-1.293610e+00, -3.410000e-04, -5.460000e-04],
       [-4.785400e-01, -1.165574e+00, -5.800000e-04],
       [-4.790590e-01,  1.165216e+00, -4.250000e-04],
       [ 8.361530e-01, -7.181350e-01, -4.920000e-04],
       [ 8.358450e-01,  7.183620e-01, -4.300000e-04],
       [-3.379547e+00,  1.154731e+00,  1.232000e-03],
       [-4.384950e+00,  1.201505e+00, -3.060000e-04],
       [-2.857722e+00,  2.020810e+00,  9.500000e-04],
       [-4.187330e-01,  2.752387e+00, -2.080000e-04],
       [-8.570570e-01,  3.257495e+00, -1.005126e+00],
       [-8.576030e-01,  3.257320e+00,  1.004578e+00],
       [ 1.729779e+00,  1.760393e+00, -7.000000e-05],
       [ 1.131853e+00,  2.925211e+00,  2.270000e-04],
       [ 2.925538e+00,  1.692022e+00, -1.090000e-04],
       [-3.379391e+00, -1.155812e+00, -3.490000e-04],
       [-2.857540e+00, -2.021869e+00, -3.210000e-04],
       [-4.384794e+00, -1.202614e+00,  1.191000e-03],
       [-4.174960e-01, -2.752733e+00, -3.410000e-04],
       [-8.560410e-01, -3.258022e+00,  1.004341e+00],
       [-8.552320e-01, -3.258166e+00, -1.005304e+00],
       [ 1.730636e+00, -1.759750e+00,  2.120000e-04],
       [ 1.133338e+00, -2.924768e+00,  2.970000e-04],
       [ 2.926358e+00, -1.690694e+00,  8.480000e-04]])
atomnos_fulvene: [6 6 6 6 6 6 7 1 1 5 1 1 7 8 8 7 1 1 5 1 1 7 8 8]
hasimagfreq    : False
tdenergy_S     : [3.91069928 4.05419559 4.26529015]
etenergies_S   : -802.787534152
tdenergy_T     : [2.23314249 2.64363192 3.42811171]
etenergies_T   : -802.787534152
+----------------------------------------------------------------------------------------------------------+
| index             pred?   function        AutoMD          CalcLine        Cores           Mem            |
}----------------------------------------------------------------------------------------------------------{
| CNHH_CBHH_CNOO    False     -0.55558569           False # M062X/6-311+G(d,p) td=(triplets,nstates=3)              16            32GB  |
| CNHH_CBHH_CCN     False     -1.76395457           False # M062X/6-311+G(d,p) td=(triplets,nstates=3)              16            32GB  |
| CNHH_CBHH_CCl     False     -1.34796528           False # M062X/6-311+G(d,p) td=(triplets,nstates=3)              16            32GB  |
| CNHH_CBHH_CF      False     -1.00287417           False # M062X/6-311+G(d,p) td=(triplets,nstates=3)              16            32GB  |
| CNHH_CBHH_CBFF    False     -1.45996240           False # M062X/6-311+G(d,p) td=(triplets,nstates=3)              16            32GB  |
| CNHH_CBHH_CBHH    False     -1.64165772           False # M062X/6-311+G(d,p) td=(triplets,nstates=3)              16            32GB  |
| CNHH_CBHH_CH      False     -1.28446692           False # M062X/6-311+G(d,p) td=(triplets,nstates=3)              16            32GB  |
| CNHH_CBHH_CSiHHH  False     -1.40296387           False # M062X/6-311+G(d,p) td=(triplets,nstates=3)              16            32GB  |
| CNHH_CBHH_CCHHH   False     -1.09597177           False # M062X/6-311+G(d,p) td=(triplets,nstates=3)              16            32GB  |
| CNHH_CBHH_COCHHH  False     -0.71698153           False # M062X/6-311+G(d,p) td=(triplets,nstates=3)              16            32GB  |
| CNHH_CBHH_COH     False     -0.26799310           False # M062X/6-311+G(d,p) td=(triplets,nstates=3)              16            32GB  |
| CNHH_CBHH_CNMeMe  False     -0.47158785           False # M062X/6-311+G(d,p) td=(triplets,nstates=3)              16            32GB  |
| CNHH_CBHH_CCFFF   False     -1.01477387           False # M062X/6-311+G(d,p) td=(triplets,nstates=3)               4             8GB  |
| CNHH_CBHH_CSH     False     -0.93337596           False # M062X/6-311+G(d,p) td=(triplets,nstates=3)               4             8GB  |
+ CNHH_CBHH_CNHH    False     -0.21469447           False # M062X/6-311+G(d,p) td=(triplets,nstates=3)              16            32GB  |
+----------------------------------------------------------------------------------------------------------+
    &
+------------------------------------------------------------------------------------------+
| index             pred?   etenergies_S    etenergies_T    g_fulvene       hasimagfreq    |
}------------------------------------------------------------------------------------------{
| CNHH_CBHH_CNOO    False   -802.78753415   -802.78753415   -802.66500800           False  |
| CNHH_CBHH_CCN     False   -578.23778653   -578.23778653   -578.12257900           False  |
| CNHH_CBHH_CCl     False  -1312.95407690  -1312.95407690  -1312.85439600           False  |
| CNHH_CBHH_CF      False   -592.22918716   -592.22918716   -592.12498300           False  |
| CNHH_CBHH_CBFF    False   -841.90562845   -841.90562845   -841.79423600           False  |
| CNHH_CBHH_CBHH    False   -444.61305462   -444.61305462   -444.47185300           False  |
| CNHH_CBHH_CH      False   -393.75346400   -393.75346400   -393.63100600           False  |
| CNHH_CBHH_CSiHHH  False   -975.10142993   -975.10142993   -974.95498800           False  |
| CNHH_CBHH_CCHHH   False   -472.36608800   -472.36608800   -472.19221900           False  |
| CNHH_CBHH_COCHHH  False   -622.76887359   -622.76887359   -622.58819300           False  |
| CNHH_CBHH_COH     False   -544.20450927   -544.20450927   -544.07460200           False  |
| CNHH_CBHH_CNMeMe  False   -661.63154093   -661.63154093   -661.37145800           False  |
| CNHH_CBHH_CCFFF   False  -1067.85849441  -1067.85849441  -1067.73425000           False  |
| CNHH_CBHH_CSH     False  -1190.12453859  -1190.12453859  -1190.00807300           False  |
+ CNHH_CBHH_CNHH    False   -504.46807213   -504.46807213   -504.31360100           False  |
+------------------------------------------------------------------------------------------+
TIME:24 May 2025 17:46:53

                                      ************************
                                      **   AFTER: loggings  **
                                      ************************

BCOK:1
--- 4406.485459327698 seconds ---
optsite:Molecule: CNHH_CBHH_CNHH
---------------------------
  Global Iteration No.: 2  
---------------------------
SEQUENCE: [1, 0, 2]
================================
  k(site)= 1 l(nsite)= 0 (c=2)  
================================
2 molecules are already in database
|      NEW POPULATION CONSTRUCTED:
|   mols_todo:
|      Molecule: CNHH_CNOO_CNHH
|      Molecule: CNHH_CCN_CNHH
|      Molecule: CNHH_CCFFF_CNHH
|      Molecule: CNHH_CCl_CNHH
|      Molecule: CNHH_CF_CNHH
|      Molecule: CNHH_CBFF_CNHH
|      Molecule: CNHH_CH_CNHH
|      Molecule: CNHH_CSiHHH_CNHH
|      Molecule: CNHH_CCHHH_CNHH
|      Molecule: CNHH_CSH_CNHH
|      Molecule: CNHH_COCHHH_CNHH
|      Molecule: CNHH_COH_CNHH
|      Molecule: CNHH_CNHH_CNHH
|   mols_nodo:
|      Molecule: CNHH_CBHH_CNHH
|      Molecule: CNHH_CNMeMe_CNHH

                                     *************************
                                     **  BEFORE: predictor  **
                                     *************************

    no predictions will be made    len(table)=328

                                     *************************
                                     **   AFTER: predictor  **
                                     *************************

| n_indices_tocal: 13
|    n_data_nocal: 2

                                     **************************
                                     **  BEFORE: geom_maker  **
                                     **************************

symmetry will be applied | 
1
[['N', '1', '1.54000000', '2', '121.24868733', '4', '-0.01049854', '0'], ['H', '7', '1.07000000', '1', '109.47120255', '2', '60.00458328', '0'], ['H', '7', '1.07000000', '1', '109.47123134', '2', '-59.99540932', '0']]
4
[['N', '4', '1.54000000', '2', '124.44443622', '1', '-0.02578060', '0'], ['O', '11', '1.07000000', '4', '109.47120255', '2', '-59.97659721', '0'], ['O', '11', '1.07000000', '4', '109.47120255', '2', '60.02341758', '0']]
length of zma: 3
length of nageom: 3
6
[['N', '6', '1.54000000', '4', '126.40421635', '2', '-179.99309324', '0'], ['H', '15', '1.07000000', '6', '109.47120255', '4', '-60.00776330', '0'], ['H', '15', '1.07000000', '6', '109.47120255', '4', '59.99225149', '0']]
1
[['N', '1', '1.54000000', '2', '121.26293358', '4', '179.96729492', '0'], ['H', '27', '1.07000000', '1', '109.47120255', '2', '-59.99939400', '0'], ['H', '27', '1.07000000', '1', '109.47120255', '2', '60.00062080', '0']]
3
[['N', '3', '1.54000000', '2', '124.41629128', '1', '0.03318900', '0'], ['O', '23', '1.07000000', '3', '109.47120255', '2', '-60.23356137', '0'], ['O', '23', '1.07000000', '3', '109.47120255', '2', '59.76645342', '0']]
length of zma: 3
length of nageom: 3
5
[['N', '5', '1.54000000', '3', '126.42680237', '2', '-179.99829384', '0'], ['H', '19', '1.07000000', '5', '109.47120255', '3', '-60.00000740', '0'], ['H', '19', '1.07000000', '5', '109.47120255', '3', '60.00000740', '0']]
1
[['N', '1', '1.54000000', '2', '121.24868733', '4', '-0.01049854', '0'], ['H', '7', '1.07000000', '1', '109.47120255', '2', '60.00458328', '0'], ['H', '7', '1.07000000', '1', '109.47123134', '2', '-59.99540932', '0']]
4
6
[['N', '6', '1.54000000', '4', '126.40421635', '2', '-179.99309324', '0'], ['H', '15', '1.07000000', '6', '109.47120255', '4', '-60.00776330', '0'], ['H', '15', '1.07000000', '6', '109.47120255', '4', '59.99225149', '0']]
1
[['N', '1', '1.54000000', '2', '121.26293358', '4', '179.96729492', '0'], ['H', '27', '1.07000000', '1', '109.47120255', '2', '-59.99939400', '0'], ['H', '27', '1.07000000', '1', '109.47120255', '2', '60.00062080', '0']]
3
5
[['N', '5', '1.54000000', '3', '126.42680237', '2', '-179.99829384', '0'], ['H', '19', '1.07000000', '5', '109.47120255', '3', '-60.00000740', '0'], ['H', '19', '1.07000000', '5', '109.47120255', '3', '60.00000740', '0']]
1
[['N', '1', '1.54000000', '2', '121.24868733', '4', '-0.01049854', '0'], ['H', '7', '1.07000000', '1', '109.47120255', '2', '60.00458328', '0'], ['H', '7', '1.07000000', '1', '109.47123134', '2', '-59.99540932', '0']]
4
[['C', '4', '1.54000000', '2', '124.44443622', '1', '-0.02578060', '0'], ['H', '11', '1.07000000', '4', '109.47120255', '2', '-59.97659721', '0'], ['H', '11', '1.07000000', '4', '109.47120255', '2', '60.02341758', '0'], ['H', '11', '1.07000000', '4', '109.47123134', '2', '-179.97658982', '0']]
6
[['N', '6', '1.54000000', '4', '126.40421635', '2', '-179.99309324', '0'], ['H', '15', '1.07000000', '6', '109.47120255', '4', '-60.00776330', '0'], ['H', '15', '1.07000000', '6', '109.47120255', '4', '59.99225149', '0']]
1
[['N', '1', '1.54000000', '2', '121.26293358', '4', '179.96729492', '0'], ['H', '27', '1.07000000', '1', '109.47120255', '2', '-59.99939400', '0'], ['H', '27', '1.07000000', '1', '109.47120255', '2', '60.00062080', '0']]
3
[['C', '3', '1.54000000', '2', '124.41629128', '1', '0.03318900', '0'], ['H', '23', '1.07000000', '3', '109.47120255', '2', '-60.23356137', '0'], ['H', '23', '1.07000000', '3', '109.47120255', '2', '59.76645342', '0'], ['H', '23', '1.07000000', '3', '109.47123134', '2', '179.76644602', '0']]
5
[['N', '5', '1.54000000', '3', '126.42680237', '2', '-179.99829384', '0'], ['H', '19', '1.07000000', '5', '109.47120255', '3', '-60.00000740', '0'], ['H', '19', '1.07000000', '5', '109.47120255', '3', '60.00000740', '0']]
1
[['N', '1', '1.54000000', '2', '121.24868733', '4', '-0.01049854', '0'], ['H', '7', '1.07000000', '1', '109.47120255', '2', '60.00458328', '0'], ['H', '7', '1.07000000', '1', '109.47123134', '2', '-59.99540932', '0']]
4
6
[['N', '6', '1.54000000', '4', '126.40421635', '2', '-179.99309324', '0'], ['H', '15', '1.07000000', '6', '109.47120255', '4', '-60.00776330', '0'], ['H', '15', '1.07000000', '6', '109.47120255', '4', '59.99225149', '0']]
1
[['N', '1', '1.54000000', '2', '121.26293358', '4', '179.96729492', '0'], ['H', '27', '1.07000000', '1', '109.47120255', '2', '-59.99939400', '0'], ['H', '27', '1.07000000', '1', '109.47120255', '2', '60.00062080', '0']]
3
5
[['N', '5', '1.54000000', '3', '126.42680237', '2', '-179.99829384', '0'], ['H', '19', '1.07000000', '5', '109.47120255', '3', '-60.00000740', '0'], ['H', '19', '1.07000000', '5', '109.47120255', '3', '60.00000740', '0']]
1
[['N', '1', '1.54000000', '2', '121.24868733', '4', '-0.01049854', '0'], ['H', '7', '1.07000000', '1', '109.47120255', '2', '60.00458328', '0'], ['H', '7', '1.07000000', '1', '109.47123134', '2', '-59.99540932', '0']]
4
6
[['N', '6', '1.54000000', '4', '126.40421635', '2', '-179.99309324', '0'], ['H', '15', '1.07000000', '6', '109.47120255', '4', '-60.00776330', '0'], ['H', '15', '1.07000000', '6', '109.47120255', '4', '59.99225149', '0']]
1
[['N', '1', '1.54000000', '2', '121.26293358', '4', '179.96729492', '0'], ['H', '27', '1.07000000', '1', '109.47120255', '2', '-59.99939400', '0'], ['H', '27', '1.07000000', '1', '109.47120255', '2', '60.00062080', '0']]
3
5
[['N', '5', '1.54000000', '3', '126.42680237', '2', '-179.99829384', '0'], ['H', '19', '1.07000000', '5', '109.47120255', '3', '-60.00000740', '0'], ['H', '19', '1.07000000', '5', '109.47120255', '3', '60.00000740', '0']]
1
[['N', '1', '1.54000000', '2', '121.24868733', '4', '-0.01049854', '0'], ['H', '7', '1.07000000', '1', '109.47120255', '2', '60.00458328', '0'], ['H', '7', '1.07000000', '1', '109.47123134', '2', '-59.99540932', '0']]
4
[['B', '4', '1.54000000', '2', '124.44443622', '1', '-0.02578060', '0'], ['F', '11', '1.07000000', '4', '109.47120255', '2', '-59.97659721', '0'], ['F', '11', '1.07000000', '4', '109.47120255', '2', '60.02341758', '0']]
10
10
10
6
[['N', '6', '1.54000000', '4', '126.40421635', '2', '-179.99309324', '0'], ['H', '15', '1.07000000', '6', '109.47120255', '4', '-60.00776330', '0'], ['H', '15', '1.07000000', '6', '109.47120255', '4', '59.99225149', '0']]
1
[['N', '1', '1.54000000', '2', '121.26293358', '4', '179.96729492', '0'], ['H', '27', '1.07000000', '1', '109.47120255', '2', '-59.99939400', '0'], ['H', '27', '1.07000000', '1', '109.47120255', '2', '60.00062080', '0']]
3
[['B', '3', '1.54000000', '2', '124.41629128', '1', '0.03318900', '0'], ['F', '23', '1.07000000', '3', '109.47120255', '2', '-60.23356137', '0'], ['F', '23', '1.07000000', '3', '109.47120255', '2', '59.76645342', '0']]
19
19
19
5
[['N', '5', '1.54000000', '3', '126.42680237', '2', '-179.99829384', '0'], ['H', '19', '1.07000000', '5', '109.47120255', '3', '-60.00000740', '0'], ['H', '19', '1.07000000', '5', '109.47120255', '3', '60.00000740', '0']]
1
[['N', '1', '1.54000000', '2', '121.24868733', '4', '-0.01049854', '0'], ['H', '7', '1.07000000', '1', '109.47120255', '2', '60.00458328', '0'], ['H', '7', '1.07000000', '1', '109.47123134', '2', '-59.99540932', '0']]
4
6
[['N', '6', '1.54000000', '4', '126.40421635', '2', '-179.99309324', '0'], ['H', '15', '1.07000000', '6', '109.47120255', '4', '-60.00776330', '0'], ['H', '15', '1.07000000', '6', '109.47120255', '4', '59.99225149', '0']]
1
[['N', '1', '1.54000000', '2', '121.26293358', '4', '179.96729492', '0'], ['H', '27', '1.07000000', '1', '109.47120255', '2', '-59.99939400', '0'], ['H', '27', '1.07000000', '1', '109.47120255', '2', '60.00062080', '0']]
3
5
[['N', '5', '1.54000000', '3', '126.42680237', '2', '-179.99829384', '0'], ['H', '19', '1.07000000', '5', '109.47120255', '3', '-60.00000740', '0'], ['H', '19', '1.07000000', '5', '109.47120255', '3', '60.00000740', '0']]
1
[['N', '1', '1.54000000', '2', '121.24868733', '4', '-0.01049854', '0'], ['H', '7', '1.07000000', '1', '109.47120255', '2', '60.00458328', '0'], ['H', '7', '1.07000000', '1', '109.47123134', '2', '-59.99540932', '0']]
4
[['C', '4', '1.54000000', '2', '124.44443622', '1', '-0.02578060', '0'], ['H', '11', '1.07000000', '4', '109.47120255', '2', '-59.97659721', '0'], ['H', '11', '1.07000000', '4', '109.47120255', '2', '60.02341758', '0'], ['H', '11', '1.07000000', '4', '109.47123134', '2', '-179.97658982', '0']]
6
[['N', '6', '1.54000000', '4', '126.40421635', '2', '-179.99309324', '0'], ['H', '15', '1.07000000', '6', '109.47120255', '4', '-60.00776330', '0'], ['H', '15', '1.07000000', '6', '109.47120255', '4', '59.99225149', '0']]
1
[['N', '1', '1.54000000', '2', '121.26293358', '4', '179.96729492', '0'], ['H', '27', '1.07000000', '1', '109.47120255', '2', '-59.99939400', '0'], ['H', '27', '1.07000000', '1', '109.47120255', '2', '60.00062080', '0']]
3
[['C', '3', '1.54000000', '2', '124.41629128', '1', '0.03318900', '0'], ['H', '23', '1.07000000', '3', '109.47120255', '2', '-60.23356137', '0'], ['H', '23', '1.07000000', '3', '109.47120255', '2', '59.76645342', '0'], ['H', '23', '1.07000000', '3', '109.47123134', '2', '179.76644602', '0']]
5
[['N', '5', '1.54000000', '3', '126.42680237', '2', '-179.99829384', '0'], ['H', '19', '1.07000000', '5', '109.47120255', '3', '-60.00000740', '0'], ['H', '19', '1.07000000', '5', '109.47120255', '3', '60.00000740', '0']]
1
[['N', '1', '1.54000000', '2', '121.24868733', '4', '-0.01049854', '0'], ['H', '7', '1.07000000', '1', '109.47120255', '2', '60.00458328', '0'], ['H', '7', '1.07000000', '1', '109.47123134', '2', '-59.99540932', '0']]
4
[['C', '4', '1.54000000', '2', '124.44443622', '1', '-0.02578060', '0'], ['H', '11', '1.07000000', '4', '109.47120255', '2', '-59.97659721', '0'], ['H', '11', '1.07000000', '4', '109.47120255', '2', '60.02341758', '0'], ['H', '11', '1.07000000', '4', '109.47123134', '2', '-179.97658982', '0']]
6
[['N', '6', '1.54000000', '4', '126.40421635', '2', '-179.99309324', '0'], ['H', '15', '1.07000000', '6', '109.47120255', '4', '-60.00776330', '0'], ['H', '15', '1.07000000', '6', '109.47120255', '4', '59.99225149', '0']]
1
[['N', '1', '1.54000000', '2', '121.26293358', '4', '179.96729492', '0'], ['H', '27', '1.07000000', '1', '109.47120255', '2', '-59.99939400', '0'], ['H', '27', '1.07000000', '1', '109.47120255', '2', '60.00062080', '0']]
3
[['C', '3', '1.54000000', '2', '124.41629128', '1', '0.03318900', '0'], ['H', '23', '1.07000000', '3', '109.47120255', '2', '-60.23356137', '0'], ['H', '23', '1.07000000', '3', '109.47120255', '2', '59.76645342', '0'], ['H', '23', '1.07000000', '3', '109.47123134', '2', '179.76644602', '0']]
5
[['N', '5', '1.54000000', '3', '126.42680237', '2', '-179.99829384', '0'], ['H', '19', '1.07000000', '5', '109.47120255', '3', '-60.00000740', '0'], ['H', '19', '1.07000000', '5', '109.47120255', '3', '60.00000740', '0']]
1
[['N', '1', '1.54000000', '2', '121.24868733', '4', '-0.01049854', '0'], ['H', '7', '1.07000000', '1', '109.47120255', '2', '60.00458328', '0'], ['H', '7', '1.07000000', '1', '109.47123134', '2', '-59.99540932', '0']]
4
6
[['N', '6', '1.54000000', '4', '126.40421635', '2', '-179.99309324', '0'], ['H', '15', '1.07000000', '6', '109.47120255', '4', '-60.00776330', '0'], ['H', '15', '1.07000000', '6', '109.47120255', '4', '59.99225149', '0']]
1
[['N', '1', '1.54000000', '2', '121.26293358', '4', '179.96729492', '0'], ['H', '27', '1.07000000', '1', '109.47120255', '2', '-59.99939400', '0'], ['H', '27', '1.07000000', '1', '109.47120255', '2', '60.00062080', '0']]
3
5
[['N', '5', '1.54000000', '3', '126.42680237', '2', '-179.99829384', '0'], ['H', '19', '1.07000000', '5', '109.47120255', '3', '-60.00000740', '0'], ['H', '19', '1.07000000', '5', '109.47120255', '3', '60.00000740', '0']]
1
[['N', '1', '1.54000000', '2', '121.24868733', '4', '-0.01049854', '0'], ['H', '7', '1.07000000', '1', '109.47120255', '2', '60.00458328', '0'], ['H', '7', '1.07000000', '1', '109.47123134', '2', '-59.99540932', '0']]
4
length of zma: 5
length of nageom: 5
6
[['N', '6', '1.54000000', '4', '126.40421635', '2', '-179.99309324', '0'], ['H', '15', '1.07000000', '6', '109.47120255', '4', '-60.00776330', '0'], ['H', '15', '1.07000000', '6', '109.47120255', '4', '59.99225149', '0']]
1
[['N', '1', '1.54000000', '2', '121.26293358', '4', '179.96729492', '0'], ['H', '27', '1.07000000', '1', '109.47120255', '2', '-59.99939400', '0'], ['H', '27', '1.07000000', '1', '109.47120255', '2', '60.00062080', '0']]
3
length of zma: 5
length of nageom: 5
5
[['N', '5', '1.54000000', '3', '126.42680237', '2', '-179.99829384', '0'], ['H', '19', '1.07000000', '5', '109.47120255', '3', '-60.00000740', '0'], ['H', '19', '1.07000000', '5', '109.47120255', '3', '60.00000740', '0']]
1
[['N', '1', '1.54000000', '2', '121.24868733', '4', '-0.01049854', '0'], ['H', '7', '1.07000000', '1', '109.47120255', '2', '60.00458328', '0'], ['H', '7', '1.07000000', '1', '109.47123134', '2', '-59.99540932', '0']]
4
6
[['N', '6', '1.54000000', '4', '126.40421635', '2', '-179.99309324', '0'], ['H', '15', '1.07000000', '6', '109.47120255', '4', '-60.00776330', '0'], ['H', '15', '1.07000000', '6', '109.47120255', '4', '59.99225149', '0']]
1
[['N', '1', '1.54000000', '2', '121.26293358', '4', '179.96729492', '0'], ['H', '27', '1.07000000', '1', '109.47120255', '2', '-59.99939400', '0'], ['H', '27', '1.07000000', '1', '109.47120255', '2', '60.00062080', '0']]
3
5
[['N', '5', '1.54000000', '3', '126.42680237', '2', '-179.99829384', '0'], ['H', '19', '1.07000000', '5', '109.47120255', '3', '-60.00000740', '0'], ['H', '19', '1.07000000', '5', '109.47120255', '3', '60.00000740', '0']]
1
[['N', '1', '1.54000000', '2', '121.24868733', '4', '-0.01049854', '0'], ['H', '7', '1.07000000', '1', '109.47120255', '2', '60.00458328', '0'], ['H', '7', '1.07000000', '1', '109.47123134', '2', '-59.99540932', '0']]
4
[['N', '4', '1.54000000', '2', '124.44443622', '1', '-0.02578060', '0'], ['H', '11', '1.07000000', '4', '109.47120255', '2', '-59.97659721', '0'], ['H', '11', '1.07000000', '4', '109.47120255', '2', '60.02341758', '0']]
6
[['N', '6', '1.54000000', '4', '126.40421635', '2', '-179.99309324', '0'], ['H', '15', '1.07000000', '6', '109.47120255', '4', '-60.00776330', '0'], ['H', '15', '1.07000000', '6', '109.47120255', '4', '59.99225149', '0']]
1
[['N', '1', '1.54000000', '2', '121.26293358', '4', '179.96729492', '0'], ['H', '27', '1.07000000', '1', '109.47120255', '2', '-59.99939400', '0'], ['H', '27', '1.07000000', '1', '109.47120255', '2', '60.00062080', '0']]
3
[['N', '3', '1.54000000', '2', '124.41629128', '1', '0.03318900', '0'], ['H', '23', '1.07000000', '3', '109.47120255', '2', '-60.23356137', '0'], ['H', '23', '1.07000000', '3', '109.47120255', '2', '59.76645342', '0']]
5
[['N', '5', '1.54000000', '3', '126.42680237', '2', '-179.99829384', '0'], ['H', '19', '1.07000000', '5', '109.47120255', '3', '-60.00000740', '0'], ['H', '19', '1.07000000', '5', '109.47120255', '3', '60.00000740', '0']]
OpenBabel Smiles error: name 'pybel' is not defined

                                     **************************
                                     **   AFTER: geom_maker  **
                                     **************************


                                      ************************
                                      **  BEFORE: jobmaker  **
                                      ************************

Debugging2: /vscmnt/brussel_pixiu_data/_data_brussel/101/vsc10196/testing_program/CINDES/CALC/id_fulvene_CNHH_CNOO_CNHH.com
geom ZMAT_fulvene Debugging2: /vscmnt/brussel_pixiu_data/_data_brussel/101/vsc10196/testing_program/CINDES/CALC/id_fulvene_CNHH_CCN_CNHH.com
geom ZMAT_fulvene Debugging2: /vscmnt/brussel_pixiu_data/_data_brussel/101/vsc10196/testing_program/CINDES/CALC/id_fulvene_CNHH_CCFFF_CNHH.com
geom ZMAT_fulvene Debugging2: /vscmnt/brussel_pixiu_data/_data_brussel/101/vsc10196/testing_program/CINDES/CALC/id_fulvene_CNHH_CCl_CNHH.com
geom ZMAT_fulvene Debugging2: /vscmnt/brussel_pixiu_data/_data_brussel/101/vsc10196/testing_program/CINDES/CALC/id_fulvene_CNHH_CF_CNHH.com
geom ZMAT_fulvene Debugging2: /vscmnt/brussel_pixiu_data/_data_brussel/101/vsc10196/testing_program/CINDES/CALC/id_fulvene_CNHH_CBFF_CNHH.com
geom ZMAT_fulvene Debugging2: /vscmnt/brussel_pixiu_data/_data_brussel/101/vsc10196/testing_program/CINDES/CALC/id_fulvene_CNHH_CH_CNHH.com
geom ZMAT_fulvene Debugging2: /vscmnt/brussel_pixiu_data/_data_brussel/101/vsc10196/testing_program/CINDES/CALC/id_fulvene_CNHH_CSiHHH_CNHH.com
geom ZMAT_fulvene Debugging2: /vscmnt/brussel_pixiu_data/_data_brussel/101/vsc10196/testing_program/CINDES/CALC/id_fulvene_CNHH_CCHHH_CNHH.com
geom ZMAT_fulvene Debugging2: /vscmnt/brussel_pixiu_data/_data_brussel/101/vsc10196/testing_program/CINDES/CALC/id_fulvene_CNHH_CSH_CNHH.com
geom ZMAT_fulvene Debugging2: /vscmnt/brussel_pixiu_data/_data_brussel/101/vsc10196/testing_program/CINDES/CALC/id_fulvene_CNHH_COCHHH_CNHH.com
geom ZMAT_fulvene Debugging2: /vscmnt/brussel_pixiu_data/_data_brussel/101/vsc10196/testing_program/CINDES/CALC/id_fulvene_CNHH_COH_CNHH.com
geom ZMAT_fulvene Debugging2: /vscmnt/brussel_pixiu_data/_data_brussel/101/vsc10196/testing_program/CINDES/CALC/id_fulvene_CNHH_CNHH_CNHH.com
geom ZMAT_fulvene 
                                      ************************
                                      **   AFTER: jobmaker  **
                                      ************************


                                     **************************
                                     **  BEFORE: submission  **
                                     **************************

processed walltime:  48:00
ddebug: jobid=|command:./ID_gauss|job.filename:id_fulvene_CNHH_CNOO_CNHH.com|walltime=48:00|cwd=:/vscmnt/brussel_pixiu_data/_data_brussel/101/vsc10196/testing_program/CINDES/CALC
Job: id_fulvene_CNHH_CNOO_CNHH submitted
processed walltime:  48:00
ddebug: jobid=|command:./ID_gauss|job.filename:id_fulvene_CNHH_CCN_CNHH.com|walltime=48:00|cwd=:/vscmnt/brussel_pixiu_data/_data_brussel/101/vsc10196/testing_program/CINDES/CALC
Job: id_fulvene_CNHH_CCN_CNHH submitted
processed walltime:  48:00
ddebug: jobid=|command:./ID_gauss|job.filename:id_fulvene_CNHH_CCFFF_CNHH.com|walltime=48:00|cwd=:/vscmnt/brussel_pixiu_data/_data_brussel/101/vsc10196/testing_program/CINDES/CALC
Job: id_fulvene_CNHH_CCFFF_CNHH submitted
processed walltime:  48:00
ddebug: jobid=|command:./ID_gauss|job.filename:id_fulvene_CNHH_CCl_CNHH.com|walltime=48:00|cwd=:/vscmnt/brussel_pixiu_data/_data_brussel/101/vsc10196/testing_program/CINDES/CALC
Job: id_fulvene_CNHH_CCl_CNHH submitted
processed walltime:  48:00
ddebug: jobid=|command:./ID_gauss|job.filename:id_fulvene_CNHH_CF_CNHH.com|walltime=48:00|cwd=:/vscmnt/brussel_pixiu_data/_data_brussel/101/vsc10196/testing_program/CINDES/CALC
Job: id_fulvene_CNHH_CF_CNHH submitted
processed walltime:  48:00
ddebug: jobid=|command:./ID_gauss|job.filename:id_fulvene_CNHH_CBFF_CNHH.com|walltime=48:00|cwd=:/vscmnt/brussel_pixiu_data/_data_brussel/101/vsc10196/testing_program/CINDES/CALC
Job: id_fulvene_CNHH_CBFF_CNHH submitted
processed walltime:  48:00
ddebug: jobid=|command:./ID_gauss|job.filename:id_fulvene_CNHH_CH_CNHH.com|walltime=48:00|cwd=:/vscmnt/brussel_pixiu_data/_data_brussel/101/vsc10196/testing_program/CINDES/CALC
Job: id_fulvene_CNHH_CH_CNHH submitted
processed walltime:  48:00
ddebug: jobid=|command:./ID_gauss|job.filename:id_fulvene_CNHH_CSiHHH_CNHH.com|walltime=48:00|cwd=:/vscmnt/brussel_pixiu_data/_data_brussel/101/vsc10196/testing_program/CINDES/CALC
Job: id_fulvene_CNHH_CSiHHH_CNHH submitted
processed walltime:  48:00
ddebug: jobid=|command:./ID_gauss|job.filename:id_fulvene_CNHH_CCHHH_CNHH.com|walltime=48:00|cwd=:/vscmnt/brussel_pixiu_data/_data_brussel/101/vsc10196/testing_program/CINDES/CALC
Job: id_fulvene_CNHH_CCHHH_CNHH submitted
processed walltime:  48:00
ddebug: jobid=|command:./ID_gauss|job.filename:id_fulvene_CNHH_CSH_CNHH.com|walltime=48:00|cwd=:/vscmnt/brussel_pixiu_data/_data_brussel/101/vsc10196/testing_program/CINDES/CALC
Job: id_fulvene_CNHH_CSH_CNHH submitted
processed walltime:  48:00
ddebug: jobid=|command:./ID_gauss|job.filename:id_fulvene_CNHH_COCHHH_CNHH.com|walltime=48:00|cwd=:/vscmnt/brussel_pixiu_data/_data_brussel/101/vsc10196/testing_program/CINDES/CALC
Job: id_fulvene_CNHH_COCHHH_CNHH submitted
processed walltime:  48:00
ddebug: jobid=|command:./ID_gauss|job.filename:id_fulvene_CNHH_COH_CNHH.com|walltime=48:00|cwd=:/vscmnt/brussel_pixiu_data/_data_brussel/101/vsc10196/testing_program/CINDES/CALC
Job: id_fulvene_CNHH_COH_CNHH submitted
processed walltime:  48:00
ddebug: jobid=|command:./ID_gauss|job.filename:id_fulvene_CNHH_CNHH_CNHH.com|walltime=48:00|cwd=:/vscmnt/brussel_pixiu_data/_data_brussel/101/vsc10196/testing_program/CINDES/CALC
Job: id_fulvene_CNHH_CNHH_CNHH submitted
----- END all jobs are submitted ----------

                                     **************************
                                     **   AFTER: submission  **
                                     **************************


                                     =========================
                                     ==  BEFORE: jobtester  ==
                                     =========================

len(mols_tocal): 13
Files to be checked: ['id_fulvene_CNHH_CNOO_CNHH.com', 'id_fulvene_CNHH_CCN_CNHH.com', 'id_fulvene_CNHH_CCFFF_CNHH.com', 'id_fulvene_CNHH_CCl_CNHH.com', 'id_fulvene_CNHH_CF_CNHH.com', 'id_fulvene_CNHH_CBFF_CNHH.com', 'id_fulvene_CNHH_CH_CNHH.com', 'id_fulvene_CNHH_CSiHHH_CNHH.com', 'id_fulvene_CNHH_CCHHH_CNHH.com', 'id_fulvene_CNHH_CSH_CNHH.com', 'id_fulvene_CNHH_COCHHH_CNHH.com', 'id_fulvene_CNHH_COH_CNHH.com', 'id_fulvene_CNHH_CNHH_CNHH.com']
JOB completed: id_fulvene_CNHH_CH_CNHH.com
JOB completed: id_fulvene_CNHH_CCN_CNHH.com
JOB completed: id_fulvene_CNHH_CF_CNHH.com
JOB completed: id_fulvene_CNHH_CCl_CNHH.com
JOB completed: id_fulvene_CNHH_CSiHHH_CNHH.com
JOB completed: id_fulvene_CNHH_CSH_CNHH.com
JOB completed: id_fulvene_CNHH_COH_CNHH.com
JOB completed: id_fulvene_CNHH_CNHH_CNHH.com
JOB completed: id_fulvene_CNHH_CCHHH_CNHH.com
JOB completed: id_fulvene_CNHH_COCHHH_CNHH.com
JOB completed: id_fulvene_CNHH_CCFFF_CNHH.com
JOB completed: id_fulvene_CNHH_CBFF_CNHH.com
JOB completed: id_fulvene_CNHH_CNOO_CNHH.com
✅ All jobs are ready.

                                     =========================
                                     ==   AFTER: jobtester  ==
                                     =========================


                                     **************************
                                     **  BEFORE: datareader  **
                                     **************************

normal waiting time=NT | extra waiting time=XT
not ready: 
><><><><><><><><><><><><><><>< Molecule: CNHH_CNOO_CNHH freq job appended to main job
njobs: 1 NO NLO ALPHA free energy found: -862.447638

no imaginary frequency for job:  Job: id_fulvene_CNHH_CNOO_CNHH
freq job appended to main job
njobs: 1 NO NLO ALPHA free energy found: -862.447638

molecule has no EAHs!: Molecule: CNHH_CNOO_CNHH
><><><><><><><><><><><><><><>< Molecule: CNHH_CCN_CNHH freq job appended to main job
njobs: 1 NO NLO ALPHA free energy found: -637.961026

no imaginary frequency for job:  Job: id_fulvene_CNHH_CCN_CNHH
freq job appended to main job
njobs: 1 NO NLO ALPHA free energy found: -637.961026

molecule has no EAHs!: Molecule: CNHH_CCN_CNHH
><><><><><><><><><><><><><><>< Molecule: CNHH_CCFFF_CNHH freq job appended to main job
njobs: 1  nmo:441->442  NO NLO ALPHA free energy found: -1127.562612

no imaginary frequency for job:  Job: id_fulvene_CNHH_CCFFF_CNHH
freq job appended to main job
njobs: 1  nmo:441->442  NO NLO ALPHA free energy found: -1127.562612

molecule has no EAHs!: Molecule: CNHH_CCFFF_CNHH
><><><><><><><><><><><><><><>< Molecule: CNHH_CCl_CNHH freq job appended to main job
njobs: 1  nmo:327->328   nmo:328->327   nmo:327->328   nmo:328->327  NO NLO ALPHA free energy found: -1372.675012

no imaginary frequency for job:  Job: id_fulvene_CNHH_CCl_CNHH
freq job appended to main job
njobs: 1  nmo:327->328   nmo:328->327   nmo:327->328   nmo:328->327  NO NLO ALPHA free energy found: -1372.675012

molecule has no EAHs!: Molecule: CNHH_CCl_CNHH
><><><><><><><><><><><><><><>< Molecule: CNHH_CF_CNHH freq job appended to main job
njobs: 1  nmo:311->312   nmo:312->311  NO NLO ALPHA free energy found: -651.939871

no imaginary frequency for job:  Job: id_fulvene_CNHH_CF_CNHH
freq job appended to main job
njobs: 1  nmo:311->312   nmo:312->311  NO NLO ALPHA free energy found: -651.939871

molecule has no EAHs!: Molecule: CNHH_CF_CNHH
><><><><><><><><><><><><><><>< Molecule: CNHH_CBFF_CNHH freq job appended to main job
njobs: 1 NO NLO ALPHA free energy found: -901.632198

no imaginary frequency for job:  Job: id_fulvene_CNHH_CBFF_CNHH
freq job appended to main job
njobs: 1 NO NLO ALPHA free energy found: -901.632198

molecule has no EAHs!: Molecule: CNHH_CBFF_CNHH
><><><><><><><><><><><><><><>< Molecule: CNHH_CH_CNHH freq job appended to main job
njobs: 1  nmo:279->280  NO NLO ALPHA free energy found: -453.446585

no imaginary frequency for job:  Job: id_fulvene_CNHH_CH_CNHH
freq job appended to main job
njobs: 1  nmo:279->280  NO NLO ALPHA free energy found: -453.446585

molecule has no EAHs!: Molecule: CNHH_CH_CNHH
><><><><><><><><><><><><><><>< Molecule: CNHH_CSiHHH_CNHH freq job appended to main job
njobs: 1  nmo:362->363  NO NLO ALPHA free energy found: -1034.778716

no imaginary frequency for job:  Job: id_fulvene_CNHH_CSiHHH_CNHH
freq job appended to main job
njobs: 1  nmo:362->363  NO NLO ALPHA free energy found: -1034.778716

molecule has no EAHs!: Molecule: CNHH_CSiHHH_CNHH
><><><><><><><><><><><><><><>< Molecule: CNHH_CCHHH_CNHH freq job appended to main job
njobs: 1  nmo:345->346  NO NLO ALPHA free energy found: -532.002043

no imaginary frequency for job:  Job: id_fulvene_CNHH_CCHHH_CNHH
freq job appended to main job
njobs: 1  nmo:345->346  NO NLO ALPHA free energy found: -532.002043

molecule has no EAHs!: Molecule: CNHH_CCHHH_CNHH
><><><><><><><><><><><><><><>< Molecule: CNHH_CSH_CNHH freq job appended to main job
njobs: 1  nmo:338->339   nmo:339->338  NO NLO ALPHA free energy found: -1249.836684

no imaginary frequency for job:  Job: id_fulvene_CNHH_CSH_CNHH
freq job appended to main job
njobs: 1  nmo:338->339   nmo:339->338  NO NLO ALPHA free energy found: -1249.836684

molecule has no EAHs!: Molecule: CNHH_CSH_CNHH
><><><><><><><><><><><><><><>< Molecule: CNHH_COCHHH_CNHH freq job appended to main job
njobs: 1  nmo:390->391  NO NLO ALPHA free energy found: -682.406695

no imaginary frequency for job:  Job: id_fulvene_CNHH_COCHHH_CNHH
freq job appended to main job
njobs: 1  nmo:390->391  NO NLO ALPHA free energy found: -682.406695

molecule has no EAHs!: Molecule: CNHH_COCHHH_CNHH
><><><><><><><><><><><><><><>< Molecule: CNHH_COH_CNHH freq job appended to main job
njobs: 1 NO NLO ALPHA free energy found: -603.881471

no imaginary frequency for job:  Job: id_fulvene_CNHH_COH_CNHH
freq job appended to main job
njobs: 1 NO NLO ALPHA free energy found: -603.881471

molecule has no EAHs!: Molecule: CNHH_COH_CNHH
><><><><><><><><><><><><><><>< Molecule: CNHH_CNHH_CNHH freq job appended to main job
njobs: 1 NO NLO ALPHA free energy found: -564.110494

no imaginary frequency for job:  Job: id_fulvene_CNHH_CNHH_CNHH
freq job appended to main job
njobs: 1 NO NLO ALPHA free energy found: -564.110494

molecule has no EAHs!: Molecule: CNHH_CNHH_CNHH

                                     **************************
                                     **   AFTER: datareader  **
                                     **************************


                                      ************************
                                      **  BEFORE: jobmaker  **
                                      ************************

Debugging2: /vscmnt/brussel_pixiu_data/_data_brussel/101/vsc10196/testing_program/CINDES/CALC/id_fulvene_1_CNHH_CNOO_CNHH.com
geom _fulvene Debugging2: /vscmnt/brussel_pixiu_data/_data_brussel/101/vsc10196/testing_program/CINDES/CALC/id_fulvene_1_CNHH_CCN_CNHH.com
geom _fulvene Debugging2: /vscmnt/brussel_pixiu_data/_data_brussel/101/vsc10196/testing_program/CINDES/CALC/id_fulvene_1_CNHH_CCFFF_CNHH.com
geom _fulvene Debugging2: /vscmnt/brussel_pixiu_data/_data_brussel/101/vsc10196/testing_program/CINDES/CALC/id_fulvene_1_CNHH_CCl_CNHH.com
geom _fulvene Debugging2: /vscmnt/brussel_pixiu_data/_data_brussel/101/vsc10196/testing_program/CINDES/CALC/id_fulvene_1_CNHH_CF_CNHH.com
geom _fulvene Debugging2: /vscmnt/brussel_pixiu_data/_data_brussel/101/vsc10196/testing_program/CINDES/CALC/id_fulvene_1_CNHH_CBFF_CNHH.com
geom _fulvene Debugging2: /vscmnt/brussel_pixiu_data/_data_brussel/101/vsc10196/testing_program/CINDES/CALC/id_fulvene_1_CNHH_CH_CNHH.com
geom _fulvene Debugging2: /vscmnt/brussel_pixiu_data/_data_brussel/101/vsc10196/testing_program/CINDES/CALC/id_fulvene_1_CNHH_CSiHHH_CNHH.com
geom _fulvene Debugging2: /vscmnt/brussel_pixiu_data/_data_brussel/101/vsc10196/testing_program/CINDES/CALC/id_fulvene_1_CNHH_CCHHH_CNHH.com
geom _fulvene Debugging2: /vscmnt/brussel_pixiu_data/_data_brussel/101/vsc10196/testing_program/CINDES/CALC/id_fulvene_1_CNHH_CSH_CNHH.com
geom _fulvene Debugging2: /vscmnt/brussel_pixiu_data/_data_brussel/101/vsc10196/testing_program/CINDES/CALC/id_fulvene_1_CNHH_COCHHH_CNHH.com
geom _fulvene Debugging2: /vscmnt/brussel_pixiu_data/_data_brussel/101/vsc10196/testing_program/CINDES/CALC/id_fulvene_1_CNHH_COH_CNHH.com
geom _fulvene Debugging2: /vscmnt/brussel_pixiu_data/_data_brussel/101/vsc10196/testing_program/CINDES/CALC/id_fulvene_1_CNHH_CNHH_CNHH.com
geom _fulvene 
                                      ************************
                                      **   AFTER: jobmaker  **
                                      ************************


                                      ************************
                                      **  BEFORE: jobmaker  **
                                      ************************

Debugging2: /vscmnt/brussel_pixiu_data/_data_brussel/101/vsc10196/testing_program/CINDES/CALC/id_fulvene_2_CNHH_CNOO_CNHH.com
geom _fulvene Debugging2: /vscmnt/brussel_pixiu_data/_data_brussel/101/vsc10196/testing_program/CINDES/CALC/id_fulvene_2_CNHH_CCN_CNHH.com
geom _fulvene Debugging2: /vscmnt/brussel_pixiu_data/_data_brussel/101/vsc10196/testing_program/CINDES/CALC/id_fulvene_2_CNHH_CCFFF_CNHH.com
geom _fulvene Debugging2: /vscmnt/brussel_pixiu_data/_data_brussel/101/vsc10196/testing_program/CINDES/CALC/id_fulvene_2_CNHH_CCl_CNHH.com
geom _fulvene Debugging2: /vscmnt/brussel_pixiu_data/_data_brussel/101/vsc10196/testing_program/CINDES/CALC/id_fulvene_2_CNHH_CF_CNHH.com
geom _fulvene Debugging2: /vscmnt/brussel_pixiu_data/_data_brussel/101/vsc10196/testing_program/CINDES/CALC/id_fulvene_2_CNHH_CBFF_CNHH.com
geom _fulvene Debugging2: /vscmnt/brussel_pixiu_data/_data_brussel/101/vsc10196/testing_program/CINDES/CALC/id_fulvene_2_CNHH_CH_CNHH.com
geom _fulvene Debugging2: /vscmnt/brussel_pixiu_data/_data_brussel/101/vsc10196/testing_program/CINDES/CALC/id_fulvene_2_CNHH_CSiHHH_CNHH.com
geom _fulvene Debugging2: /vscmnt/brussel_pixiu_data/_data_brussel/101/vsc10196/testing_program/CINDES/CALC/id_fulvene_2_CNHH_CCHHH_CNHH.com
geom _fulvene Debugging2: /vscmnt/brussel_pixiu_data/_data_brussel/101/vsc10196/testing_program/CINDES/CALC/id_fulvene_2_CNHH_CSH_CNHH.com
geom _fulvene Debugging2: /vscmnt/brussel_pixiu_data/_data_brussel/101/vsc10196/testing_program/CINDES/CALC/id_fulvene_2_CNHH_COCHHH_CNHH.com
geom _fulvene Debugging2: /vscmnt/brussel_pixiu_data/_data_brussel/101/vsc10196/testing_program/CINDES/CALC/id_fulvene_2_CNHH_COH_CNHH.com
geom _fulvene Debugging2: /vscmnt/brussel_pixiu_data/_data_brussel/101/vsc10196/testing_program/CINDES/CALC/id_fulvene_2_CNHH_CNHH_CNHH.com
geom _fulvene 
                                      ************************
                                      **   AFTER: jobmaker  **
                                      ************************


                                     **************************
                                     **  BEFORE: submission  **
                                     **************************

processed walltime:  8:00
ddebug: jobid=|command:./ID_gauss|job.filename:id_fulvene_1_CNHH_CNOO_CNHH.com|walltime=8:00|cwd=:/vscmnt/brussel_pixiu_data/_data_brussel/101/vsc10196/testing_program/CINDES/CALC
Job: id_fulvene_1_CNHH_CNOO_CNHH submitted
processed walltime:  8:00
ddebug: jobid=|command:./ID_gauss|job.filename:id_fulvene_2_CNHH_CNOO_CNHH.com|walltime=8:00|cwd=:/vscmnt/brussel_pixiu_data/_data_brussel/101/vsc10196/testing_program/CINDES/CALC
Job: id_fulvene_2_CNHH_CNOO_CNHH submitted
processed walltime:  8:00
ddebug: jobid=|command:./ID_gauss|job.filename:id_fulvene_1_CNHH_CCN_CNHH.com|walltime=8:00|cwd=:/vscmnt/brussel_pixiu_data/_data_brussel/101/vsc10196/testing_program/CINDES/CALC
Job: id_fulvene_1_CNHH_CCN_CNHH submitted
processed walltime:  8:00
ddebug: jobid=|command:./ID_gauss|job.filename:id_fulvene_2_CNHH_CCN_CNHH.com|walltime=8:00|cwd=:/vscmnt/brussel_pixiu_data/_data_brussel/101/vsc10196/testing_program/CINDES/CALC
Job: id_fulvene_2_CNHH_CCN_CNHH submitted
processed walltime:  8:00
ddebug: jobid=|command:./ID_gauss|job.filename:id_fulvene_1_CNHH_CCFFF_CNHH.com|walltime=8:00|cwd=:/vscmnt/brussel_pixiu_data/_data_brussel/101/vsc10196/testing_program/CINDES/CALC
Job: id_fulvene_1_CNHH_CCFFF_CNHH submitted
processed walltime:  8:00
ddebug: jobid=|command:./ID_gauss|job.filename:id_fulvene_2_CNHH_CCFFF_CNHH.com|walltime=8:00|cwd=:/vscmnt/brussel_pixiu_data/_data_brussel/101/vsc10196/testing_program/CINDES/CALC
Job: id_fulvene_2_CNHH_CCFFF_CNHH submitted
processed walltime:  8:00
ddebug: jobid=|command:./ID_gauss|job.filename:id_fulvene_1_CNHH_CCl_CNHH.com|walltime=8:00|cwd=:/vscmnt/brussel_pixiu_data/_data_brussel/101/vsc10196/testing_program/CINDES/CALC
Job: id_fulvene_1_CNHH_CCl_CNHH submitted
processed walltime:  8:00
ddebug: jobid=|command:./ID_gauss|job.filename:id_fulvene_2_CNHH_CCl_CNHH.com|walltime=8:00|cwd=:/vscmnt/brussel_pixiu_data/_data_brussel/101/vsc10196/testing_program/CINDES/CALC
Job: id_fulvene_2_CNHH_CCl_CNHH submitted
processed walltime:  8:00
ddebug: jobid=|command:./ID_gauss|job.filename:id_fulvene_1_CNHH_CF_CNHH.com|walltime=8:00|cwd=:/vscmnt/brussel_pixiu_data/_data_brussel/101/vsc10196/testing_program/CINDES/CALC
Job: id_fulvene_1_CNHH_CF_CNHH submitted
processed walltime:  8:00
ddebug: jobid=|command:./ID_gauss|job.filename:id_fulvene_2_CNHH_CF_CNHH.com|walltime=8:00|cwd=:/vscmnt/brussel_pixiu_data/_data_brussel/101/vsc10196/testing_program/CINDES/CALC
Job: id_fulvene_2_CNHH_CF_CNHH submitted
processed walltime:  8:00
ddebug: jobid=|command:./ID_gauss|job.filename:id_fulvene_1_CNHH_CBFF_CNHH.com|walltime=8:00|cwd=:/vscmnt/brussel_pixiu_data/_data_brussel/101/vsc10196/testing_program/CINDES/CALC
Job: id_fulvene_1_CNHH_CBFF_CNHH submitted
processed walltime:  8:00
ddebug: jobid=|command:./ID_gauss|job.filename:id_fulvene_2_CNHH_CBFF_CNHH.com|walltime=8:00|cwd=:/vscmnt/brussel_pixiu_data/_data_brussel/101/vsc10196/testing_program/CINDES/CALC
Job: id_fulvene_2_CNHH_CBFF_CNHH submitted
processed walltime:  8:00
ddebug: jobid=|command:./ID_gauss|job.filename:id_fulvene_1_CNHH_CH_CNHH.com|walltime=8:00|cwd=:/vscmnt/brussel_pixiu_data/_data_brussel/101/vsc10196/testing_program/CINDES/CALC
Job: id_fulvene_1_CNHH_CH_CNHH submitted
processed walltime:  8:00
ddebug: jobid=|command:./ID_gauss|job.filename:id_fulvene_2_CNHH_CH_CNHH.com|walltime=8:00|cwd=:/vscmnt/brussel_pixiu_data/_data_brussel/101/vsc10196/testing_program/CINDES/CALC
Job: id_fulvene_2_CNHH_CH_CNHH submitted
processed walltime:  8:00
ddebug: jobid=|command:./ID_gauss|job.filename:id_fulvene_1_CNHH_CSiHHH_CNHH.com|walltime=8:00|cwd=:/vscmnt/brussel_pixiu_data/_data_brussel/101/vsc10196/testing_program/CINDES/CALC
Job: id_fulvene_1_CNHH_CSiHHH_CNHH submitted
processed walltime:  8:00
ddebug: jobid=|command:./ID_gauss|job.filename:id_fulvene_2_CNHH_CSiHHH_CNHH.com|walltime=8:00|cwd=:/vscmnt/brussel_pixiu_data/_data_brussel/101/vsc10196/testing_program/CINDES/CALC
Job: id_fulvene_2_CNHH_CSiHHH_CNHH submitted
processed walltime:  8:00
ddebug: jobid=|command:./ID_gauss|job.filename:id_fulvene_1_CNHH_CCHHH_CNHH.com|walltime=8:00|cwd=:/vscmnt/brussel_pixiu_data/_data_brussel/101/vsc10196/testing_program/CINDES/CALC
Job: id_fulvene_1_CNHH_CCHHH_CNHH submitted
processed walltime:  8:00
ddebug: jobid=|command:./ID_gauss|job.filename:id_fulvene_2_CNHH_CCHHH_CNHH.com|walltime=8:00|cwd=:/vscmnt/brussel_pixiu_data/_data_brussel/101/vsc10196/testing_program/CINDES/CALC
Job: id_fulvene_2_CNHH_CCHHH_CNHH submitted
processed walltime:  8:00
ddebug: jobid=|command:./ID_gauss|job.filename:id_fulvene_1_CNHH_CSH_CNHH.com|walltime=8:00|cwd=:/vscmnt/brussel_pixiu_data/_data_brussel/101/vsc10196/testing_program/CINDES/CALC
Job: id_fulvene_1_CNHH_CSH_CNHH submitted
processed walltime:  8:00
ddebug: jobid=|command:./ID_gauss|job.filename:id_fulvene_2_CNHH_CSH_CNHH.com|walltime=8:00|cwd=:/vscmnt/brussel_pixiu_data/_data_brussel/101/vsc10196/testing_program/CINDES/CALC
Job: id_fulvene_2_CNHH_CSH_CNHH submitted
processed walltime:  8:00
ddebug: jobid=|command:./ID_gauss|job.filename:id_fulvene_1_CNHH_COCHHH_CNHH.com|walltime=8:00|cwd=:/vscmnt/brussel_pixiu_data/_data_brussel/101/vsc10196/testing_program/CINDES/CALC
Job: id_fulvene_1_CNHH_COCHHH_CNHH submitted
processed walltime:  8:00
ddebug: jobid=|command:./ID_gauss|job.filename:id_fulvene_2_CNHH_COCHHH_CNHH.com|walltime=8:00|cwd=:/vscmnt/brussel_pixiu_data/_data_brussel/101/vsc10196/testing_program/CINDES/CALC
Job: id_fulvene_2_CNHH_COCHHH_CNHH submitted
processed walltime:  8:00
ddebug: jobid=|command:./ID_gauss|job.filename:id_fulvene_1_CNHH_COH_CNHH.com|walltime=8:00|cwd=:/vscmnt/brussel_pixiu_data/_data_brussel/101/vsc10196/testing_program/CINDES/CALC
Job: id_fulvene_1_CNHH_COH_CNHH submitted
processed walltime:  8:00
ddebug: jobid=|command:./ID_gauss|job.filename:id_fulvene_2_CNHH_COH_CNHH.com|walltime=8:00|cwd=:/vscmnt/brussel_pixiu_data/_data_brussel/101/vsc10196/testing_program/CINDES/CALC
Job: id_fulvene_2_CNHH_COH_CNHH submitted
processed walltime:  8:00
ddebug: jobid=|command:./ID_gauss|job.filename:id_fulvene_1_CNHH_CNHH_CNHH.com|walltime=8:00|cwd=:/vscmnt/brussel_pixiu_data/_data_brussel/101/vsc10196/testing_program/CINDES/CALC
Job: id_fulvene_1_CNHH_CNHH_CNHH submitted
processed walltime:  8:00
ddebug: jobid=|command:./ID_gauss|job.filename:id_fulvene_2_CNHH_CNHH_CNHH.com|walltime=8:00|cwd=:/vscmnt/brussel_pixiu_data/_data_brussel/101/vsc10196/testing_program/CINDES/CALC
Job: id_fulvene_2_CNHH_CNHH_CNHH submitted
----- END all jobs are submitted ----------

                                     **************************
                                     **   AFTER: submission  **
                                     **************************


                                     =========================
                                     ==  BEFORE: jobtester  ==
                                     =========================

len(mols_tocal): 13
Files to be checked: ['id_fulvene_1_CNHH_CNOO_CNHH.com', 'id_fulvene_2_CNHH_CNOO_CNHH.com', 'id_fulvene_1_CNHH_CCN_CNHH.com', 'id_fulvene_2_CNHH_CCN_CNHH.com', 'id_fulvene_1_CNHH_CCFFF_CNHH.com', 'id_fulvene_2_CNHH_CCFFF_CNHH.com', 'id_fulvene_1_CNHH_CCl_CNHH.com', 'id_fulvene_2_CNHH_CCl_CNHH.com', 'id_fulvene_1_CNHH_CF_CNHH.com', 'id_fulvene_2_CNHH_CF_CNHH.com', 'id_fulvene_1_CNHH_CBFF_CNHH.com', 'id_fulvene_2_CNHH_CBFF_CNHH.com', 'id_fulvene_1_CNHH_CH_CNHH.com', 'id_fulvene_2_CNHH_CH_CNHH.com', 'id_fulvene_1_CNHH_CSiHHH_CNHH.com', 'id_fulvene_2_CNHH_CSiHHH_CNHH.com', 'id_fulvene_1_CNHH_CCHHH_CNHH.com', 'id_fulvene_2_CNHH_CCHHH_CNHH.com', 'id_fulvene_1_CNHH_CSH_CNHH.com', 'id_fulvene_2_CNHH_CSH_CNHH.com', 'id_fulvene_1_CNHH_COCHHH_CNHH.com', 'id_fulvene_2_CNHH_COCHHH_CNHH.com', 'id_fulvene_1_CNHH_COH_CNHH.com', 'id_fulvene_2_CNHH_COH_CNHH.com', 'id_fulvene_1_CNHH_CNHH_CNHH.com', 'id_fulvene_2_CNHH_CNHH_CNHH.com']
JOB completed: id_fulvene_1_CNHH_CNOO_CNHH.com
JOB completed: id_fulvene_2_CNHH_CNOO_CNHH.com
JOB completed: id_fulvene_1_CNHH_CCN_CNHH.com
JOB completed: id_fulvene_2_CNHH_CCN_CNHH.com
JOB completed: id_fulvene_1_CNHH_CCFFF_CNHH.com
JOB completed: id_fulvene_2_CNHH_CCFFF_CNHH.com
JOB completed: id_fulvene_1_CNHH_CCl_CNHH.com
JOB completed: id_fulvene_2_CNHH_CCl_CNHH.com
JOB completed: id_fulvene_1_CNHH_CF_CNHH.com
JOB completed: id_fulvene_2_CNHH_CF_CNHH.com
JOB completed: id_fulvene_1_CNHH_CBFF_CNHH.com
JOB completed: id_fulvene_2_CNHH_CBFF_CNHH.com
JOB completed: id_fulvene_1_CNHH_CH_CNHH.com
JOB completed: id_fulvene_2_CNHH_CH_CNHH.com
JOB completed: id_fulvene_1_CNHH_CSiHHH_CNHH.com
JOB completed: id_fulvene_2_CNHH_CSiHHH_CNHH.com
JOB completed: id_fulvene_1_CNHH_CCHHH_CNHH.com
JOB completed: id_fulvene_2_CNHH_CCHHH_CNHH.com
JOB completed: id_fulvene_1_CNHH_CSH_CNHH.com
JOB completed: id_fulvene_2_CNHH_CSH_CNHH.com
JOB completed: id_fulvene_1_CNHH_COCHHH_CNHH.com
JOB completed: id_fulvene_2_CNHH_COCHHH_CNHH.com
JOB completed: id_fulvene_1_CNHH_COH_CNHH.com
JOB completed: id_fulvene_2_CNHH_COH_CNHH.com
JOB completed: id_fulvene_1_CNHH_CNHH_CNHH.com
JOB completed: id_fulvene_2_CNHH_CNHH_CNHH.com
✅ All jobs are ready.

                                     =========================
                                     ==   AFTER: jobtester  ==
                                     =========================


                                     **************************
                                     **  BEFORE: datareader  **
                                     **************************

normal waiting time=NT | extra waiting time=XT
not ready: 
><><><><><><><><><><><><><><>< Molecule: CNHH_CNOO_CNHH njobs: 1 I am in the parser []
I am in the parser [20947.025075559002]
I am in the parser [20947.025075559002, 28789.153788726]
[20947.02507556 28789.15378873 31632.25815095]
datareader I am here

no hasimagfreq keyword for job:  Job: id_fulvene_1_CNHH_CNOO_CNHH
njobs: 1 I am in the parser []
I am in the parser [20947.025075559002]
I am in the parser [20947.025075559002, 28789.153788726]
[20947.02507556 28789.15378873 31632.25815095]
datareader I am here

njobs: 1 I am in the parser []
I am in the parser [12107.995088148]
I am in the parser [12107.995088148, 18716.095524944998]
[12107.99508815 18716.09552494 23894.98151355]
datareader I am here

no hasimagfreq keyword for job:  Job: id_fulvene_2_CNHH_CNOO_CNHH
njobs: 1 I am in the parser []
I am in the parser [12107.995088148]
I am in the parser [12107.995088148, 18716.095524944998]
[12107.99508815 18716.09552494 23894.98151355]
datareader I am here

molecule has no EAHs!: Molecule: CNHH_CNOO_CNHH
><><><><><><><><><><><><><><>< Molecule: CNHH_CCN_CNHH njobs: 1 I am in the parser []
I am in the parser [29099.677243890997]
I am in the parser [29099.677243890997, 31591.930429501]
[29099.67724389 31591.9304295  37020.8482911 ]
datareader I am here

no hasimagfreq keyword for job:  Job: id_fulvene_1_CNHH_CCN_CNHH
njobs: 1 I am in the parser []
I am in the parser [29099.677243890997]
I am in the parser [29099.677243890997, 31591.930429501]
[29099.67724389 31591.9304295  37020.8482911 ]
datareader I am here

njobs: 1 I am in the parser []
I am in the parser [17252.199236309996]
I am in the parser [17252.199236309996, 21505.160740427]
[17252.19923631 21505.16074043 36823.242456  ]
datareader I am here

no hasimagfreq keyword for job:  Job: id_fulvene_2_CNHH_CCN_CNHH
njobs: 1 I am in the parser []
I am in the parser [17252.199236309996]
I am in the parser [17252.199236309996, 21505.160740427]
[17252.19923631 21505.16074043 36823.242456  ]
datareader I am here

molecule has no EAHs!: Molecule: CNHH_CCN_CNHH
><><><><><><><><><><><><><><>< Molecule: CNHH_CCFFF_CNHH njobs: 1 I am in the parser []
I am in the parser [30870.064215545997]
I am in the parser [30870.064215545997, 34172.098047871994]
[30870.06421555 34172.09804787 37105.53650614]
datareader I am here

no hasimagfreq keyword for job:  Job: id_fulvene_1_CNHH_CCFFF_CNHH
njobs: 1 I am in the parser []
I am in the parser [30870.064215545997]
I am in the parser [30870.064215545997, 34172.098047871994]
[30870.06421555 34172.09804787 37105.53650614]
datareader I am here

njobs: 1 I am in the parser []
I am in the parser [18202.320353672]
I am in the parser [18202.320353672, 24967.698904124]
[18202.32035367 24967.69890412 36971.64847093]
datareader I am here

no hasimagfreq keyword for job:  Job: id_fulvene_2_CNHH_CCFFF_CNHH
njobs: 1 I am in the parser []
I am in the parser [18202.320353672]
I am in the parser [18202.320353672, 24967.698904124]
[18202.32035367 24967.69890412 36971.64847093]
datareader I am here

molecule has no EAHs!: Molecule: CNHH_CCFFF_CNHH
><><><><><><><><><><><><><><>< Molecule: CNHH_CCl_CNHH njobs: 1 I am in the parser []
I am in the parser [30928.942688863]
I am in the parser [30928.942688863, 34538.273758637995]
[30928.94268886 34538.27375864 34808.46949235]
datareader I am here

no hasimagfreq keyword for job:  Job: id_fulvene_1_CNHH_CCl_CNHH
njobs: 1 I am in the parser []
I am in the parser [30928.942688863]
I am in the parser [30928.942688863, 34538.273758637995]
[30928.94268886 34538.27375864 34808.46949235]
datareader I am here

njobs: 1 I am in the parser []
I am in the parser [21356.754725491]
I am in the parser [21356.754725491, 22706.120285208]
[21356.75472549 22706.12028521 33463.13670478]
datareader I am here

no hasimagfreq keyword for job:  Job: id_fulvene_2_CNHH_CCl_CNHH
njobs: 1 I am in the parser []
I am in the parser [21356.754725491]
I am in the parser [21356.754725491, 22706.120285208]
[21356.75472549 22706.12028521 33463.13670478]
datareader I am here

molecule has no EAHs!: Molecule: CNHH_CCl_CNHH
><><><><><><><><><><><><><><>< Molecule: CNHH_CF_CNHH njobs: 1 I am in the parser []
I am in the parser [30959.591757165]
I am in the parser [30959.591757165, 32740.463936397]
[30959.59175716 32740.4639364  34222.10442247]
datareader I am here

no hasimagfreq keyword for job:  Job: id_fulvene_1_CNHH_CF_CNHH
njobs: 1 I am in the parser []
I am in the parser [30959.591757165]
I am in the parser [30959.591757165, 32740.463936397]
[30959.59175716 32740.4639364  34222.10442247]
datareader I am here

njobs: 1 I am in the parser []
I am in the parser [22673.858108048]
I am in the parser [22673.858108048, 22802.906816688]
[22673.85810805 22802.90681669 31911.32598338]
datareader I am here

no hasimagfreq keyword for job:  Job: id_fulvene_2_CNHH_CF_CNHH
njobs: 1 I am in the parser []
I am in the parser [22673.858108048]
I am in the parser [22673.858108048, 22802.906816688]
[22673.85810805 22802.90681669 31911.32598338]
datareader I am here

molecule has no EAHs!: Molecule: CNHH_CF_CNHH
><><><><><><><><><><><><><><>< Molecule: CNHH_CBFF_CNHH njobs: 1 I am in the parser []
I am in the parser [25164.4981848]
I am in the parser [25164.4981848, 32026.663266732]
[25164.4981848  32026.66326673 34047.88866581]
datareader I am here

no hasimagfreq keyword for job:  Job: id_fulvene_1_CNHH_CBFF_CNHH
njobs: 1 I am in the parser []
I am in the parser [25164.4981848]
I am in the parser [25164.4981848, 32026.663266732]
[25164.4981848  32026.66326673 34047.88866581]
datareader I am here

njobs: 1 I am in the parser []
I am in the parser [13963.070274848]
I am in the parser [13963.070274848, 21402.728327943998]
[13963.07027485 21402.72832794 34012.40027093]
datareader I am here

no hasimagfreq keyword for job:  Job: id_fulvene_2_CNHH_CBFF_CNHH
njobs: 1 I am in the parser []
I am in the parser [13963.070274848]
I am in the parser [13963.070274848, 21402.728327943998]
[13963.07027485 21402.72832794 34012.40027093]
datareader I am here

molecule has no EAHs!: Molecule: CNHH_CBFF_CNHH
><><><><><><><><><><><><><><>< Molecule: CNHH_CH_CNHH njobs: 1 I am in the parser []
I am in the parser [31770.17895831]
I am in the parser [31770.17895831, 33307.471699984]
[31770.17895831 33307.47169998 33622.83448172]
datareader I am here

no hasimagfreq keyword for job:  Job: id_fulvene_1_CNHH_CH_CNHH
njobs: 1 I am in the parser []
I am in the parser [31770.17895831]
I am in the parser [31770.17895831, 33307.471699984]
[31770.17895831 33307.47169998 33622.83448172]
datareader I am here

njobs: 1 I am in the parser []
I am in the parser [20036.425125218]
I am in the parser [20036.425125218, 23522.353367355998]
[20036.42512522 23522.35336736 33315.53724427]
datareader I am here

no hasimagfreq keyword for job:  Job: id_fulvene_2_CNHH_CH_CNHH
njobs: 1 I am in the parser []
I am in the parser [20036.425125218]
I am in the parser [20036.425125218, 23522.353367355998]
[20036.42512522 23522.35336736 33315.53724427]
datareader I am here

molecule has no EAHs!: Molecule: CNHH_CH_CNHH
><><><><><><><><><><><><><><>< Molecule: CNHH_CSiHHH_CNHH njobs: 1 I am in the parser []
I am in the parser [30782.149782785]
I am in the parser [30782.149782785, 31483.045581586]
[30782.14978278 31483.04558159 33653.48355003]
datareader I am here

no hasimagfreq keyword for job:  Job: id_fulvene_1_CNHH_CSiHHH_CNHH
njobs: 1 I am in the parser []
I am in the parser [30782.149782785]
I am in the parser [30782.149782785, 31483.045581586]
[30782.14978278 31483.04558159 33653.48355003]
datareader I am here

njobs: 1 I am in the parser []
I am in the parser [18262.811935847]
I am in the parser [18262.811935847, 23065.843560541998]
[18262.81193585 23065.84356054 33581.70020584]
datareader I am here

no hasimagfreq keyword for job:  Job: id_fulvene_2_CNHH_CSiHHH_CNHH
njobs: 1 I am in the parser []
I am in the parser [18262.811935847]
I am in the parser [18262.811935847, 23065.843560541998]
[18262.81193585 23065.84356054 33581.70020584]
datareader I am here

molecule has no EAHs!: Molecule: CNHH_CSiHHH_CNHH
><><><><><><><><><><><><><><>< Molecule: CNHH_CCHHH_CNHH njobs: 1 I am in the parser []
I am in the parser [30671.651826012]
I am in the parser [30671.651826012, 32472.687865968997]
[30671.65182601 32472.68786597 32963.87951323]
datareader I am here

no hasimagfreq keyword for job:  Job: id_fulvene_1_CNHH_CCHHH_CNHH
njobs: 1 I am in the parser []
I am in the parser [30671.651826012]
I am in the parser [30671.651826012, 32472.687865968997]
[30671.65182601 32472.68786597 32963.87951323]
datareader I am here

njobs: 1 I am in the parser []
I am in the parser [21422.892188669]
I am in the parser [21422.892188669, 22505.288232386996]
[21422.89218867 22505.28823239 32294.43933716]
datareader I am here

no hasimagfreq keyword for job:  Job: id_fulvene_2_CNHH_CCHHH_CNHH
njobs: 1 I am in the parser []
I am in the parser [21422.892188669]
I am in the parser [21422.892188669, 22505.288232386996]
[21422.89218867 22505.28823239 32294.43933716]
datareader I am here

molecule has no EAHs!: Molecule: CNHH_CCHHH_CNHH
><><><><><><><><><><><><><><>< Molecule: CNHH_CSH_CNHH njobs: 1 I am in the parser []
I am in the parser [31854.060618925996]
I am in the parser [31854.060618925996, 32536.40566586]
[31854.06061893 32536.40566586 33509.91686166]
datareader I am here

no hasimagfreq keyword for job:  Job: id_fulvene_1_CNHH_CSH_CNHH
njobs: 1 I am in the parser []
I am in the parser [31854.060618925996]
I am in the parser [31854.060618925996, 32536.40566586]
[31854.06061893 32536.40566586 33509.91686166]
datareader I am here

njobs: 1 I am in the parser []
I am in the parser [19435.542075613]
I am in the parser [19435.542075613, 23701.408450594]
[19435.54207561 23701.40845059 33415.54999347]
datareader I am here

no hasimagfreq keyword for job:  Job: id_fulvene_2_CNHH_CSH_CNHH
njobs: 1 I am in the parser []
I am in the parser [19435.542075613]
I am in the parser [19435.542075613, 23701.408450594]
[19435.54207561 23701.40845059 33415.54999347]
datareader I am here

molecule has no EAHs!: Molecule: CNHH_CSH_CNHH
><><><><><><><><><><><><><><>< Molecule: CNHH_COCHHH_CNHH njobs: 1 I am in the parser []
I am in the parser [30053.024578969]
I am in the parser [30053.024578969, 32710.621422524]
[30053.02457897 32710.62142252 33688.16539047]
datareader I am here

no hasimagfreq keyword for job:  Job: id_fulvene_1_CNHH_COCHHH_CNHH
njobs: 1 I am in the parser []
I am in the parser [30053.024578969]
I am in the parser [30053.024578969, 32710.621422524]
[30053.02457897 32710.62142252 33688.16539047]
datareader I am here

njobs: 1 I am in the parser []
I am in the parser [21893.113420776]
I am in the parser [21893.113420776, 22230.253172098]
[21893.11342078 22230.2531721  32235.56086384]
datareader I am here

no hasimagfreq keyword for job:  Job: id_fulvene_2_CNHH_COCHHH_CNHH
njobs: 1 I am in the parser []
I am in the parser [21893.113420776]
I am in the parser [21893.113420776, 22230.253172098]
[21893.11342078 22230.2531721  32235.56086384]
datareader I am here

molecule has no EAHs!: Molecule: CNHH_COCHHH_CNHH
><><><><><><><><><><><><><><>< Molecule: CNHH_COH_CNHH njobs: 1 I am in the parser []
I am in the parser [27497.860147896998]
I am in the parser [27497.860147896998, 29965.110146207997]
[27497.8601479  29965.11014621 31588.70421178]
datareader I am here

no hasimagfreq keyword for job:  Job: id_fulvene_1_CNHH_COH_CNHH
njobs: 1 I am in the parser []
I am in the parser [27497.860147896998]
I am in the parser [27497.860147896998, 29965.110146207997]
[27497.8601479  29965.11014621 31588.70421178]
datareader I am here

njobs: 1 I am in the parser []
I am in the parser [20788.133853045998]
I am in the parser [20788.133853045998, 25604.070348605]
[20788.13385305 25604.07034861 27166.36627758]
datareader I am here

no hasimagfreq keyword for job:  Job: id_fulvene_2_CNHH_COH_CNHH
njobs: 1 I am in the parser []
I am in the parser [20788.133853045998]
I am in the parser [20788.133853045998, 25604.070348605]
[20788.13385305 25604.07034861 27166.36627758]
datareader I am here

molecule has no EAHs!: Molecule: CNHH_COH_CNHH
><><><><><><><><><><><><><><>< Molecule: CNHH_CNHH_CNHH njobs: 1 I am in the parser []
I am in the parser [30432.105160599]
I am in the parser [30432.105160599, 31347.544437514]
[30432.1051606  31347.54443751 31645.96957624]
datareader I am here

no hasimagfreq keyword for job:  Job: id_fulvene_1_CNHH_CNHH_CNHH
njobs: 1 I am in the parser []
I am in the parser [30432.105160599]
I am in the parser [30432.105160599, 31347.544437514]
[30432.1051606  31347.54443751 31645.96957624]
datareader I am here

njobs: 1 I am in the parser []
I am in the parser [20825.23535678]
I am in the parser [20825.23535678, 22138.305967192002]
[20825.23535678 22138.30596719 31338.6723388 ]
datareader I am here

no hasimagfreq keyword for job:  Job: id_fulvene_2_CNHH_CNHH_CNHH
njobs: 1 I am in the parser []
I am in the parser [20825.23535678]
I am in the parser [20825.23535678, 22138.305967192002]
[20825.23535678 22138.30596719 31338.6723388 ]
datareader I am here

molecule has no EAHs!: Molecule: CNHH_CNHH_CNHH

                                     **************************
                                     **   AFTER: datareader  **
                                     **************************

kwargs: {'tdenergy_S': array([2.59703312, 3.56930808, 3.921799  ]), 'tdenergy_T': array([1.50116134, 2.32044024, 2.9625237 ])}
kwargs: {'tdenergy_S': array([3.60780708, 3.91679913, 4.58988179]), 'tdenergy_T': array([2.13894491, 2.66623133, 4.56538242])}
kwargs: {'tdenergy_S': array([3.82730143, 4.23669089, 4.60038152]), 'tdenergy_T': array([2.25674188, 3.09552028, 4.58378195])}
kwargs: {'tdenergy_S': array([3.83460124, 4.28208972, 4.31558886]), 'tdenergy_T': array([2.64783181, 2.8151275 , 4.14879315])}
kwargs: {'tdenergy_S': array([3.83840115, 4.05919546, 4.24289073]), 'tdenergy_T': array([2.8111276 , 2.82712719, 3.95639811])}
kwargs: {'tdenergy_S': array([3.11991965, 3.97069774, 4.22129128]), 'tdenergy_T': array([1.73115542, 2.65353166, 4.2168914 ])}
kwargs: {'tdenergy_S': array([3.93889856, 4.12949365, 4.16859264]), 'tdenergy_T': array([2.48413602, 2.91632489, 4.13049362])}
kwargs: {'tdenergy_S': array([3.81640171, 3.90329947, 4.17239254]), 'tdenergy_T': array([2.26424169, 2.85972635, 4.16349277])}
kwargs: {'tdenergy_S': array([3.80270207, 4.02599631, 4.08689475]), 'tdenergy_T': array([2.6560316 , 2.79022814, 4.00389688])}
kwargs: {'tdenergy_S': array([3.94929829, 4.03389611, 4.154593  ]), 'tdenergy_T': array([2.40963794, 2.93852432, 4.1428933 ])}
kwargs: {'tdenergy_S': array([3.72600404, 4.05549555, 4.17669243]), 'tdenergy_T': array([2.7143301 , 2.75612902, 3.99659707])}
kwargs: {'tdenergy_S': array([3.4092122 , 3.71510432, 3.91639914]), 'tdenergy_T': array([2.57733362, 3.17441825, 3.36811326])}
kwargs: {'tdenergy_S': array([3.77300283, 3.88649991, 3.92349895]), 'tdenergy_T': array([2.5819335 , 2.74472931, 3.88539994])}
kwargs: {'tdenergy_S': array([2.3878385 , 3.43141163, 4.13589348]), 'tdenergy_T': array([1.30126649, 1.98224895, 3.77380281])}
kwargs: {'tdenergy_S': [3.965497872390284, 3.9896972491584517, 4.124993764725933], 'tdenergy_T': [2.636432101209649, 2.962223710757953, 3.9801974938155764]}

                                      ************************
                                      **  BEFORE: loggings  **
                                      ************************

dumped table in table.json with 341 of the 341 molecules
first molecule: CNHH_CNOO_CNHH
AutoMD         : False
Cores          : 16
Mem            : 32GB
CalcLine       : # M062X/6-311+G(d,p) td=(triplets,nstates=3)
g_fulvene      : -862.447638
xyz_fulvene    : 
array([[-1.234580e-01, -2.042847e+00, -1.259630e-01],
       [-3.404000e-03, -6.487450e-01,  7.320000e-04],
       [-1.099597e+00,  2.907300e-01, -8.671600e-02],
       [ 1.164772e+00,  2.152320e-01,  7.268500e-02],
       [-6.367670e-01,  1.604005e+00, -8.746100e-02],
       [ 7.858150e-01,  1.557082e+00, -2.524800e-02],
       [ 7.316180e-01, -2.933628e+00,  4.162440e-01],
       [ 1.617179e+00, -2.567171e+00,  7.379610e-01],
       [ 7.898140e-01, -3.833785e+00, -3.794800e-02],
       [ 2.537319e+00, -1.417440e-01,  2.945100e-02],
       [ 2.859403e+00, -1.322782e+00, -3.474300e-02],
       [ 3.367890e+00,  7.573190e-01,  7.506500e-02],
       [ 1.526765e+00,  2.707504e+00, -1.804600e-02],
       [ 2.525824e+00,  2.587357e+00, -9.524800e-02],
       [ 1.133837e+00,  3.467719e+00, -5.562380e-01],
       [-1.149656e+00, -2.607954e+00, -8.177670e-01],
       [-1.523591e+00, -3.468035e+00, -4.396200e-01],
       [-1.862428e+00, -1.989409e+00, -1.168632e+00],
       [-2.480878e+00,  3.656500e-02,  1.769460e-01],
       [-2.812806e+00, -1.015348e+00,  6.978560e-01],
       [-3.281840e+00,  9.170030e-01, -1.230170e-01],
       [-1.310654e+00,  2.800316e+00, -1.102050e-01],
       [-2.318222e+00,  2.723260e+00, -8.814300e-02],
       [-9.293540e-01,  3.510370e+00,  5.020330e-01]])
atomnos_fulvene: [6 6 6 6 6 6 7 1 1 7 8 8 7 1 1 7 1 1 7 8 8 7 1 1]
hasimagfreq    : False
tdenergy_S     : [2.59703312 3.56930808 3.921799  ]
etenergies_S   : -862.581029878
tdenergy_T     : [1.50116134 2.32044024 2.9625237 ]
etenergies_T   : -862.581029878
+----------------------------------------------------------------------------------------------------------+
| index             pred?   function        AutoMD          CalcLine        Cores           Mem            |
}----------------------------------------------------------------------------------------------------------{
| CNHH_CNOO_CNHH    False     -0.40528956           False # M062X/6-311+G(d,p) td=(triplets,nstates=3)              16            32GB  |
| CNHH_CCN_CNHH     False     -0.67008274           False # M062X/6-311+G(d,p) td=(triplets,nstates=3)              16            32GB  |
| CNHH_CCFFF_CNHH   False     -0.68618233           False # M062X/6-311+G(d,p) td=(triplets,nstates=3)              16            32GB  |
| CNHH_CCl_CNHH     False     -1.46106237           False # M062X/6-311+G(d,p) td=(triplets,nstates=3)              16            32GB  |
| CNHH_CF_CNHH      False     -1.78385406           False # M062X/6-311+G(d,p) td=(triplets,nstates=3)              16            32GB  |
| CNHH_CBFF_CNHH    False     -0.34239118           False # M062X/6-311+G(d,p) td=(triplets,nstates=3)              16            32GB  |
| CNHH_CH_CNHH      False     -1.02937349           False # M062X/6-311+G(d,p) td=(triplets,nstates=3)              16            32GB  |
| CNHH_CSiHHH_CNHH  False     -0.71208166           False # M062X/6-311+G(d,p) td=(triplets,nstates=3)              16            32GB  |
| CNHH_CCHHH_CNHH   False     -1.50936113           False # M062X/6-311+G(d,p) td=(triplets,nstates=3)              16            32GB  |
| CNHH_CSH_CNHH     False     -0.86997759           False # M062X/6-311+G(d,p) td=(triplets,nstates=3)              16            32GB  |
| CNHH_COCHHH_CNHH  False     -1.70265615           False # M062X/6-311+G(d,p) td=(triplets,nstates=3)              16            32GB  |
| CNHH_COH_CNHH     False     -1.74545505           False # M062X/6-311+G(d,p) td=(triplets,nstates=3)              16            32GB  |
| CNHH_CNHH_CNHH    False     -1.39086418           False # M062X/6-311+G(d,p) td=(triplets,nstates=3)              16            32GB  |
+ CNHH_CBHH_CNHH    False     -0.21469447           False # M062X/6-311+G(d,p) td=(triplets,nstates=3)              16            32GB  |
| CNHH_CNMeMe_CNHH  False     -1.30736633           False # M062X/6-311+G(d,p) td=(triplets,nstates=3)               4             8GB  |
+----------------------------------------------------------------------------------------------------------+
    &
+------------------------------------------------------------------------------------------+
| index             pred?   etenergies_S    etenergies_T    g_fulvene       hasimagfreq    |
}------------------------------------------------------------------------------------------{
| CNHH_CNOO_CNHH    False   -862.58102988   -862.58102988   -862.44763800           False  |
| CNHH_CCN_CNHH     False   -638.08753248   -638.08753248   -637.96102600           False  |
| CNHH_CCFFF_CNHH   False  -1127.69857160  -1127.69857160  -1127.56261200           False  |
| CNHH_CCl_CNHH     False  -1372.78595572  -1372.78595572  -1372.67501200           False  |
| CNHH_CF_CNHH      False   -652.05505852   -652.05505852   -651.93987100           False  |
| CNHH_CBFF_CNHH    False   -901.75798599   -901.75798599   -901.63219800           False  |
| CNHH_CH_CNHH      False   -453.58014566   -453.58014566   -453.44658500           False  |
| CNHH_CSiHHH_CNHH  False  -1034.93867681  -1034.93867681  -1034.77871600           False  |
| CNHH_CCHHH_CNHH   False   -532.18816694   -532.18816694   -532.00204300           False  |
| CNHH_CSH_CNHH     False  -1249.96496914  -1249.96496914  -1249.83668400           False  |
| CNHH_COCHHH_CNHH  False   -682.59892419   -682.59892419   -682.40669500           False  |
| CNHH_COH_CNHH     False   -604.02114053   -604.02114053   -603.88147100           False  |
| CNHH_CNHH_CNHH    False   -564.27609441   -564.27609441   -564.11049400           False  |
+ CNHH_CBHH_CNHH    False   -504.46807213   -504.46807213   -504.31360100           False  |
| CNHH_CNMeMe_CNHH  False   -721.46485829   -721.46485829   -721.19479600           False  |
+------------------------------------------------------------------------------------------+
TIME:24 May 2025 18:44:07

                                      ************************
                                      **   AFTER: loggings  **
                                      ************************

BCOK:1
--- 7840.186168670654 seconds ---
optsite:Molecule: CNHH_CBHH_CNHH
================================
  k(site)= 0 l(nsite)= 1 (c=2)  
================================
15 molecules are already in database
|      NEW POPULATION CONSTRUCTED:
|   mols_todo:
|      -
|   mols_nodo:
|      Molecule: CNOO_CBHH_CNHH
|      Molecule: CCN_CBHH_CNHH
|      Molecule: CCFFF_CBHH_CNHH
|      Molecule: CCl_CBHH_CNHH
|      Molecule: CF_CBHH_CNHH
|      Molecule: CBFF_CBHH_CNHH
|      Molecule: CBHH_CBHH_CNHH
|      Molecule: CH_CBHH_CNHH
|      Molecule: CCHHH_CBHH_CNHH
|      Molecule: CSH_CBHH_CNHH
|      Molecule: COCHHH_CBHH_CNHH
|      Molecule: COH_CBHH_CNHH
|      Molecule: CNHH_CBHH_CNHH
|      Molecule: CSiHHH_CBHH_CNHH
|      Molecule: CNMeMe_CBHH_CNHH

                                     *************************
                                     **  BEFORE: predictor  **
                                     *************************

    no predictions will be made    len(table)=341

                                     *************************
                                     **   AFTER: predictor  **
                                     *************************

| n_indices_tocal: 0
|    n_data_nocal: 15
kwargs: {'tdenergy_S': [1.7091559823203233, 3.0566212796387386, 3.5060097060690882], 'tdenergy_T': [1.0061740869475246, 1.9501497757553794, 2.627932320113392]}
kwargs: {'tdenergy_S': array([2.92272473, 3.62510664, 4.69367912]), 'tdenergy_T': array([1.93185025, 1.96014952, 3.74250362])}
kwargs: {'tdenergy_S': array([3.0946203, 4.0108967, 4.7641773]), 'tdenergy_T': array([2.03974747, 2.25624189, 4.00149695])}
kwargs: {'tdenergy_S': array([3.31101473, 4.16759267, 4.63128073]), 'tdenergy_T': array([2.29424091, 2.50573547, 3.90119953])}
kwargs: {'tdenergy_S': array([3.37321313, 3.5063097 , 5.08896894]), 'tdenergy_T': array([1.91315073, 2.08734624, 4.17359251])}
kwargs: {'tdenergy_S': array([3.0168223 , 3.7353038 , 4.62678084]), 'tdenergy_T': array([1.97114923, 2.03104769, 3.78710247])}
kwargs: {'tdenergy_S': array([2.51733517, 3.58800759, 4.12179385]), 'tdenergy_T': array([1.6927564 , 2.02534784, 3.52990909])}
kwargs: {'tdenergy_S': array([3.43151162, 3.56380822, 5.00447111]), 'tdenergy_T': array([2.03564757, 2.04434735, 4.02009647])}
kwargs: {'tdenergy_S': array([3.1569187 , 3.36171342, 4.7175785 ]), 'tdenergy_T': array([1.79125387, 2.03034771, 3.88010007])}
kwargs: {'tdenergy_S': array([2.97132348, 3.36681329, 4.19599194]), 'tdenergy_T': array([1.65775731, 2.15454451, 3.45331106])}
kwargs: {'tdenergy_S': array([3.55650841, 4.16539272, 4.79307656]), 'tdenergy_T': array([2.39163841, 2.64843179, 3.88100005])}
kwargs: {'tdenergy_S': array([2.69883049, 3.4752105 , 4.49498424]), 'tdenergy_T': array([1.46486227, 2.00394839, 3.96719783])}
kwargs: {'tdenergy_S': array([2.3878385 , 3.43141163, 4.13589348]), 'tdenergy_T': array([1.30126649, 1.98224895, 3.77380281])}
kwargs: {'tdenergy_S': array([2.99952275, 4.17309253, 4.67927949]), 'tdenergy_T': array([2.16974412, 2.51863513, 3.6769053 ])}
kwargs: {'tdenergy_S': [2.350439466676761, 3.4333115783399233, 3.865100458029788], 'tdenergy_T': [1.3498652355103, 2.038147509457806, 3.375613064310037]}

                                      ************************
                                      **  BEFORE: loggings  **
                                      ************************

dumped table in table.json with 341 of the 341 molecules
first molecule: CNOO_CBHH_CNHH
AutoMD         : False
Cores          : 4
Mem            : 8GB
CalcLine       : # M062X/6-311+G(d,p) td=(triplets,nstates=3)
hasimagfreq    : False
xyz_fulvene    : 
[ [-1.238624, -0.028775, 0.041715],
  [0.175049, 0.068586, 0.045546],
  [1.051019, -1.159746, -0.093362],
  [0.849539, 1.236717, 0.138813],
  [2.306134, -0.681847, -0.094738],
  [2.220009, 0.792438, 0.068929],
  [-2.005793, 1.122553, -0.209506],
  [-1.397385, 2.249826, -0.300629],
  [-3.181977, 1.090102, -0.426957],
  [0.04336, 2.592383, 0.360773],
  [0.408916, 3.543304, -0.272064],
  [-0.181187, 2.825933, 1.521673],
  [3.298227, 1.514096, 0.157948],
  [3.256329, 2.517829, 0.275025],
  [4.192551, 1.031024, 0.118193],
  [-1.889359, -1.244654, 0.21309],
  [-1.167816, -2.311359, 0.339795],
  [-3.079467, -1.353128, 0.324973],
  [0.27378, -2.511744, -0.309342],
  [0.69665, -3.493105, 0.227696],
  [0.073117, -2.649594, -1.496612],
  [3.590238, -1.283802, -0.179588],
  [3.673516, -2.060913, 0.467162],
  [3.775616, -1.642789, -1.110709]]
atomnos_fulvene: [6, 6, 6, 6, 6, 6, 7, 8, 8, 5, 1, 1, 7, 1, 1, 7, 8, 8, 5, 1, 1, 7, 1, 1]
g_fulvene      : -802.594442
tdenergy_S     : [1.7091559823203233, 3.0566212796387386, 3.5060097060690882]
etenergies_S   : -802.718220338
etenergies_T   : -802.718220338
tdenergy_T     : [1.0061740869475246, 1.9501497757553794, 2.627932320113392]
+----------------------------------------------------------------------------------------------------------+
| index             pred?   function        AutoMD          CalcLine        Cores           Mem            |
}----------------------------------------------------------------------------------------------------------{
| CNOO_CBHH_CNHH    False     -0.30319219           False # M062X/6-311+G(d,p) td=(triplets,nstates=3)               4             8GB  |
| CCN_CBHH_CNHH     False     -0.94097577           False # M062X/6-311+G(d,p) td=(triplets,nstates=3)              16            32GB  |
| CCFFF_CBHH_CNHH   False     -0.98487464           False # M062X/6-311+G(d,p) td=(triplets,nstates=3)              16            32GB  |
| CCl_CBHH_CNHH     False     -1.27746710           False # M062X/6-311+G(d,p) td=(triplets,nstates=3)              16            32GB  |
| CF_CBHH_CNHH      False     -0.45308833           False # M062X/6-311+G(d,p) td=(triplets,nstates=3)              16            32GB  |
| CBFF_CBHH_CNHH    False     -0.92547617           False # M062X/6-311+G(d,p) td=(triplets,nstates=3)              16            32GB  |
| CBHH_CBHH_CNHH    False     -0.86817764           False # M062X/6-311+G(d,p) td=(triplets,nstates=3)              16            32GB  |
| CH_CBHH_CNHH      False     -0.63978352           False # M062X/6-311+G(d,p) td=(triplets,nstates=3)              16            32GB  |
| CCHHH_CBHH_CNHH   False     -0.42558904           False # M062X/6-311+G(d,p) td=(triplets,nstates=3)              16            32GB  |
| CSH_CBHH_CNHH     False     -0.34419114           False # M062X/6-311+G(d,p) td=(triplets,nstates=3)              16            32GB  |
| COCHHH_CBHH_CNHH  False     -1.22676841           False # M062X/6-311+G(d,p) td=(triplets,nstates=3)              16            32GB  |
| COH_CBHH_CNHH     False     -0.23089405           False # M062X/6-311+G(d,p) td=(triplets,nstates=3)              16            32GB  |
+ CNHH_CBHH_CNHH    False     -0.21469447           False # M062X/6-311+G(d,p) td=(triplets,nstates=3)              16            32GB  |
| CSiHHH_CBHH_CNHH  False     -1.33996549           False # M062X/6-311+G(d,p) td=(triplets,nstates=3)              16            32GB  |
| CNMeMe_CBHH_CNHH  False     -0.34929100           False # M062X/6-311+G(d,p) td=(triplets,nstates=3)              16            32GB  |
+----------------------------------------------------------------------------------------------------------+
    &
+------------------------------------------------------------------------------------------+
| index             pred?   etenergies_S    etenergies_T    g_fulvene       hasimagfreq    |
}------------------------------------------------------------------------------------------{
| CNOO_CBHH_CNHH    False   -802.71822034   -802.71822034   -802.59444200           False  |
| CCN_CBHH_CNHH     False   -578.21469392   -578.21469392   -578.10100000           False  |
| CCFFF_CBHH_CNHH   False  -1067.83066032  -1067.83066032  -1067.70614700           False  |
| CCl_CBHH_CNHH     False  -1312.92923314  -1312.92923314  -1312.82973800           False  |
| CF_CBHH_CNHH      False   -592.22898142   -592.22898142   -592.12425100           False  |
| CBFF_CBHH_CNHH    False   -841.89299234   -841.89299234   -841.78019400           False  |
| CBHH_CBHH_CNHH    False   -444.62760995   -444.62760995   -444.48191700           False  |
| CH_CBHH_CNHH      False   -393.74714784   -393.74714784   -393.62483300           False  |
| CCHHH_CBHH_CNHH   False   -472.35109319   -472.35109319   -472.17536200           False  |
| CSH_CBHH_CNHH     False  -1190.10997607  -1190.10997607  -1189.99286500           False  |
| COCHHH_CBHH_CNHH  False   -622.77504396   -622.77504396   -622.59206000           False  |
| COH_CBHH_CNHH     False   -544.20865522   -544.20865522   -544.07920500           False  |
+ CNHH_CBHH_CNHH    False   -504.46807213   -504.46807213   -504.31360100           False  |
| CSiHHH_CBHH_CNHH  False   -975.09531599   -975.09531599   -974.94511100           False  |
| CNMeMe_CBHH_CNHH  False   -661.64411262   -661.64411262   -661.38284900           False  |
+------------------------------------------------------------------------------------------+
TIME:24 May 2025 18:44:07

                                      ************************
                                      **   AFTER: loggings  **
                                      ************************

BCOK:1
--- 7840.254376649857 seconds ---
optsite:Molecule: CNHH_CBHH_CNHH
================================
  k(site)= 2 l(nsite)= 2 (c=2)  
================================
15 molecules are already in database
|      NEW POPULATION CONSTRUCTED:
|   mols_todo:
|      -
|   mols_nodo:
|      Molecule: CNHH_CBHH_CNOO
|      Molecule: CNHH_CBHH_CCN
|      Molecule: CNHH_CBHH_CCFFF
|      Molecule: CNHH_CBHH_CCl
|      Molecule: CNHH_CBHH_CF
|      Molecule: CNHH_CBHH_CBFF
|      Molecule: CNHH_CBHH_CBHH
|      Molecule: CNHH_CBHH_CH
|      Molecule: CNHH_CBHH_CSiHHH
|      Molecule: CNHH_CBHH_CCHHH
|      Molecule: CNHH_CBHH_CSH
|      Molecule: CNHH_CBHH_COCHHH
|      Molecule: CNHH_CBHH_COH
|      Molecule: CNHH_CBHH_CNHH
|      Molecule: CNHH_CBHH_CNMeMe

                                     *************************
                                     **  BEFORE: predictor  **
                                     *************************

    no predictions will be made    len(table)=341

                                     *************************
                                     **   AFTER: predictor  **
                                     *************************

| n_indices_tocal: 0
|    n_data_nocal: 15
kwargs: {'tdenergy_S': array([3.91069928, 4.05419559, 4.26529015]), 'tdenergy_T': array([2.23314249, 2.64363192, 3.42811171])}
kwargs: {'tdenergy_S': array([3.55510844, 3.90649939, 4.84727516]), 'tdenergy_T': array([2.65953151, 2.7334296 , 3.72180415])}
kwargs: {'tdenergy_S': [3.4111121500649935, 4.258590324074164, 5.058369726519633], 'tdenergy_T': [2.212943007766719, 2.7239298477887672, 4.303089178048687]}
kwargs: {'tdenergy_S': array([3.14291906, 3.71160441, 4.75497754]), 'tdenergy_T': array([2.24544217, 2.36433911, 4.09529453])}
kwargs: {'tdenergy_S': array([3.11341982, 3.8284014 , 4.91267348]), 'tdenergy_T': array([2.05814699, 2.34813953, 4.36088769])}
kwargs: {'tdenergy_S': array([3.58870758, 3.86290051, 4.94757258]), 'tdenergy_T': array([2.52433499, 2.7101302 , 4.06759524])}
kwargs: {'tdenergy_S': array([3.65160596, 3.81840166, 4.4769847 ]), 'tdenergy_T': array([2.64663184, 2.83952687, 3.30941477])}
kwargs: {'tdenergy_S': array([3.30401491, 3.75660325, 5.01867075]), 'tdenergy_T': array([2.29424091, 2.30084074, 4.41178638])}
kwargs: {'tdenergy_S': array([3.38451284, 3.72210414, 4.85877487]), 'tdenergy_T': array([2.39373835, 2.48573598, 4.11499402])}
kwargs: {'tdenergy_S': array([3.10032015, 3.70670454, 4.67337964]), 'tdenergy_T': array([2.09814596, 2.26994154, 4.10259434])}
kwargs: {'tdenergy_S': [2.6011330103040162, 3.346913803432086, 4.151093092562677], 'tdenergy_T': [1.7672544860488575, 2.1095456706663662, 3.6382063014720525]}
kwargs: {'tdenergy_S': array([2.87952584, 3.56470819, 4.54868285]), 'tdenergy_T': array([1.79825369, 2.18884363, 3.96169797])}
kwargs: {'tdenergy_S': array([2.51713517, 3.610907  , 4.30568911]), 'tdenergy_T': array([1.39256414, 2.10144588, 3.79960214])}
kwargs: {'tdenergy_S': array([2.3878385 , 3.43141163, 4.13589348]), 'tdenergy_T': array([1.30126649, 1.98224895, 3.77380281])}
kwargs: {'tdenergy_S': array([2.57753362, 3.28341544, 3.97849754]), 'tdenergy_T': array([1.52456074, 2.13454503, 3.53060907])}

                                      ************************
                                      **  BEFORE: loggings  **
                                      ************************

dumped table in table.json with 341 of the 341 molecules
first molecule: CNHH_CBHH_CNOO
AutoMD         : False
Cores          : 16
Mem            : 32GB
CalcLine       : # M062X/6-311+G(d,p) td=(triplets,nstates=3)
g_fulvene      : -802.665008
xyz_fulvene    : 
array([[-2.713281e+00, -5.010000e-04,  4.900000e-05],
       [-1.293610e+00, -3.410000e-04, -5.460000e-04],
       [-4.785400e-01, -1.165574e+00, -5.800000e-04],
       [-4.790590e-01,  1.165216e+00, -4.250000e-04],
       [ 8.361530e-01, -7.181350e-01, -4.920000e-04],
       [ 8.358450e-01,  7.183620e-01, -4.300000e-04],
       [-3.379547e+00,  1.154731e+00,  1.232000e-03],
       [-4.384950e+00,  1.201505e+00, -3.060000e-04],
       [-2.857722e+00,  2.020810e+00,  9.500000e-04],
       [-4.187330e-01,  2.752387e+00, -2.080000e-04],
       [-8.570570e-01,  3.257495e+00, -1.005126e+00],
       [-8.576030e-01,  3.257320e+00,  1.004578e+00],
       [ 1.729779e+00,  1.760393e+00, -7.000000e-05],
       [ 1.131853e+00,  2.925211e+00,  2.270000e-04],
       [ 2.925538e+00,  1.692022e+00, -1.090000e-04],
       [-3.379391e+00, -1.155812e+00, -3.490000e-04],
       [-2.857540e+00, -2.021869e+00, -3.210000e-04],
       [-4.384794e+00, -1.202614e+00,  1.191000e-03],
       [-4.174960e-01, -2.752733e+00, -3.410000e-04],
       [-8.560410e-01, -3.258022e+00,  1.004341e+00],
       [-8.552320e-01, -3.258166e+00, -1.005304e+00],
       [ 1.730636e+00, -1.759750e+00,  2.120000e-04],
       [ 1.133338e+00, -2.924768e+00,  2.970000e-04],
       [ 2.926358e+00, -1.690694e+00,  8.480000e-04]])
atomnos_fulvene: [6 6 6 6 6 6 7 1 1 5 1 1 7 8 8 7 1 1 5 1 1 7 8 8]
hasimagfreq    : False
tdenergy_S     : [3.91069928 4.05419559 4.26529015]
etenergies_S   : -802.787534152
tdenergy_T     : [2.23314249 2.64363192 3.42811171]
etenergies_T   : -802.787534152
+----------------------------------------------------------------------------------------------------------+
| index             pred?   function        AutoMD          CalcLine        Cores           Mem            |
}----------------------------------------------------------------------------------------------------------{
| CNHH_CBHH_CNOO    False     -0.55558569           False # M062X/6-311+G(d,p) td=(triplets,nstates=3)              16            32GB  |
| CNHH_CBHH_CCN     False     -1.76395457           False # M062X/6-311+G(d,p) td=(triplets,nstates=3)              16            32GB  |
| CNHH_CBHH_CCFFF   False     -1.01477387           False # M062X/6-311+G(d,p) td=(triplets,nstates=3)               4             8GB  |
| CNHH_CBHH_CCl     False     -1.34796528           False # M062X/6-311+G(d,p) td=(triplets,nstates=3)              16            32GB  |
| CNHH_CBHH_CF      False     -1.00287417           False # M062X/6-311+G(d,p) td=(triplets,nstates=3)              16            32GB  |
| CNHH_CBHH_CBFF    False     -1.45996240           False # M062X/6-311+G(d,p) td=(triplets,nstates=3)              16            32GB  |
| CNHH_CBHH_CBHH    False     -1.64165772           False # M062X/6-311+G(d,p) td=(triplets,nstates=3)              16            32GB  |
| CNHH_CBHH_CH      False     -1.28446692           False # M062X/6-311+G(d,p) td=(triplets,nstates=3)              16            32GB  |
| CNHH_CBHH_CSiHHH  False     -1.40296387           False # M062X/6-311+G(d,p) td=(triplets,nstates=3)              16            32GB  |
| CNHH_CBHH_CCHHH   False     -1.09597177           False # M062X/6-311+G(d,p) td=(triplets,nstates=3)              16            32GB  |
| CNHH_CBHH_CSH     False     -0.93337596           False # M062X/6-311+G(d,p) td=(triplets,nstates=3)               4             8GB  |
| CNHH_CBHH_COCHHH  False     -0.71698153           False # M062X/6-311+G(d,p) td=(triplets,nstates=3)              16            32GB  |
| CNHH_CBHH_COH     False     -0.26799310           False # M062X/6-311+G(d,p) td=(triplets,nstates=3)              16            32GB  |
+ CNHH_CBHH_CNHH    False     -0.21469447           False # M062X/6-311+G(d,p) td=(triplets,nstates=3)              16            32GB  |
| CNHH_CBHH_CNMeMe  False     -0.47158785           False # M062X/6-311+G(d,p) td=(triplets,nstates=3)              16            32GB  |
+----------------------------------------------------------------------------------------------------------+
    &
+------------------------------------------------------------------------------------------+
| index             pred?   etenergies_S    etenergies_T    g_fulvene       hasimagfreq    |
}------------------------------------------------------------------------------------------{
| CNHH_CBHH_CNOO    False   -802.78753415   -802.78753415   -802.66500800           False  |
| CNHH_CBHH_CCN     False   -578.23778653   -578.23778653   -578.12257900           False  |
| CNHH_CBHH_CCFFF   False  -1067.85849441  -1067.85849441  -1067.73425000           False  |
| CNHH_CBHH_CCl     False  -1312.95407690  -1312.95407690  -1312.85439600           False  |
| CNHH_CBHH_CF      False   -592.22918716   -592.22918716   -592.12498300           False  |
| CNHH_CBHH_CBFF    False   -841.90562845   -841.90562845   -841.79423600           False  |
| CNHH_CBHH_CBHH    False   -444.61305462   -444.61305462   -444.47185300           False  |
| CNHH_CBHH_CH      False   -393.75346400   -393.75346400   -393.63100600           False  |
| CNHH_CBHH_CSiHHH  False   -975.10142993   -975.10142993   -974.95498800           False  |
| CNHH_CBHH_CCHHH   False   -472.36608800   -472.36608800   -472.19221900           False  |
| CNHH_CBHH_CSH     False  -1190.12453859  -1190.12453859  -1190.00807300           False  |
| CNHH_CBHH_COCHHH  False   -622.76887359   -622.76887359   -622.58819300           False  |
| CNHH_CBHH_COH     False   -544.20450927   -544.20450927   -544.07460200           False  |
+ CNHH_CBHH_CNHH    False   -504.46807213   -504.46807213   -504.31360100           False  |
| CNHH_CBHH_CNMeMe  False   -661.63154093   -661.63154093   -661.37145800           False  |
+------------------------------------------------------------------------------------------+
TIME:24 May 2025 18:44:07

                                      ************************
                                      **   AFTER: loggings  **
                                      ************************

BCOK:1
--- 7840.376983880997 seconds ---
optsite:Molecule: CNHH_CBHH_CNHH
optimum is the same as in previous iteration: converged to a optimum configuration!
ALGORITHM DONE
EOF __main__.py
