System,SCF Energy,S1,S2,S3,T1,T2,T3,Function
CSH_CNHH_CH_CNOO_CNHH_CSH,-1343.702596,2.4,3.38,3.91,1.58,2.75,2.8,-0.76
CSH_CNHH_CH_CCN_CNHH_CSH,-1231.458912,2.33,3.95,4.4,1.52,2.48,4.04,-0.7
CSH_CNHH_CH_CCFFF_CNHH_CSH,-1476.26667,2.5,4.09,4.64,1.64,2.59,4.15,-0.78
CSH_CNHH_CH_CCl_CNHH_CSH,-1598.8194,2.9,4.28,4.54,1.97,2.78,4.47,-1.04
CSH_CNHH_CH_CF_CNHH_CSH,-1238.461866,2.89,4.4,4.55,1.95,2.97,4.38,-1.01
CSH_CNHH_CH_CBFF_CNHH_CSH,-1363.321432,3.37,4.31,4.76,2.39,2.84,4.52,-1.41
CSH_CNHH_CH_CBHH_CNHH_CSH,-1164.692888,3.52,4.35,4.61,2.56,2.94,4.51,-1.6
CSH_CNHH_CH_CH_CNHH_CSH,-1139.225317,2.99,4.34,4.45,2.03,2.81,4.42,-1.07
CSH_CNHH_CH_CSiHHH_CNHH_CSH,-1429.896568,2.7,4.07,4.44,1.81,2.64,4.25,-0.93
CSH_CNHH_CH_CCHHH_CNHH_CSH,-1178.528225,2.96,4.3,4.33,2.02,2.81,4.3,-1.08
CSH_CNHH_CH_CSH_CNHH_CSH,-1537.403759,2.52,4.02,4.19,1.67,2.67,4.14,-0.82
CSH_CNHH_CH_COCHHH_CNHH_CSH,-1253.730293,2.68,4.18,4.42,1.8,2.86,4.17,-0.91
CSH_CNHH_CH_COH_CNHH_CSH,-1214.464933,3.75,4.33,4.72,2.74,2.96,4.61,-1.74
CSH_CNHH_CH_CNHH_CNHH_CSH,-1194.576393,2.9,3.78,4.25,1.96,2.81,3.76,-1.02
CSH_CNHH_CH_CNMeMe_CNHH_CSH,-1273.168325,2.61,3.69,3.97,1.94,2.56,3.67,-1.27
CNOO_COH_CNMeMe_CNHH_CH_CNHH,-756.519859,1.99,3.17,3.88,0.96,1.97,2.97,0.07
CCN_COH_CNMeMe_CNHH_CH_CNHH,-644.264915,2.7,3.96,4.36,1.77,2.37,4.35,-0.85
CCFFF_COH_CNMeMe_CNHH_CH_CNHH,-889.072054,3.03,4.17,4.42,2.03,2.49,4.42,-1.04
CCl_COH_CNMeMe_CNHH_CH_CNHH,-1011.626373,3.27,4.29,4.38,2.26,2.72,4.3,-1.25
CF_COH_CNMeMe_CNHH_CH_CNHH,-651.272001,3.53,4.18,4.59,2.44,2.93,4.19,-1.35
CBFF_COH_CNMeMe_CNHH_CH_CNHH,-776.10163,3.94,4.26,4.37,2.45,3.05,4.3,-0.95
CBHH_COH_CNMeMe_CNHH_CH_CNHH,-577.466655,3.99,4.12,4.19,2.62,3.22,3.99,-1.26
CH_COH_CNMeMe_CNHH_CH_CNHH,-552.024546,3.45,4.18,4.33,2.34,2.75,4.17,-1.23
CCHHH_COH_CNMeMe_CNHH_CH_CNHH,-591.331483,3.54,4.17,4.25,2.38,2.74,4.18,-1.22
CSH_COH_CNMeMe_CNHH_CH_CNHH,-950.21197,3.2,4.13,4.2,2.18,2.67,4.16,-1.16
COCHHH_COH_CNMeMe_CNHH_CH_CNHH,-666.545317,3.42,4.12,4.49,2.37,2.91,4.13,-1.32
COH_COH_CNMeMe_CNHH_CH_CNHH,-627.265541,3.92,4.05,4.28,2.64,3.15,4.02,-1.36
CNHH_COH_CNMeMe_CNHH_CH_CNHH,-607.391793,3.77,3.97,4.23,2.55,3.1,3.96,-1.33
CSiHHH_COH_CNMeMe_CNHH_CH_CNHH,-842.699919,3.37,4.13,4.16,2.17,2.75,4.13,-0.96
CNMeMe_COH_CNMeMe_CNHH_CH_CNHH,-685.9765,3.29,4.05,4.42,2.27,2.85,4.07,-1.25
CNOO_COH_CNOO_CNHH_CH_CNHH,-827.067976,2.17,3.39,3.92,0.54,2.44,2.98,1.08
CNOO_COH_CCN_CNHH_CH_CNHH,-714.820847,2.14,3.28,3.96,0.8,2.23,2.93,0.53
CNOO_COH_CCFFF_CNHH_CH_CNHH,-959.629144,2.16,3.39,3.96,0.77,2.39,2.96,0.63
CNOO_COH_CCl_CNHH_CH_CNHH,-1082.175203,2.01,3.22,3.97,0.97,2.01,2.92,0.08
CNOO_COH_CF_CNHH_CH_CNHH,-721.807044,2.04,3.27,3.97,1.13,1.96,2.88,-0.23
CNOO_COH_CBFF_CNHH_CH_CNHH,-846.665386,2.19,3.38,3.95,0.6,2.44,3.05,0.99
CNOO_COH_CBHH_CNHH_CH_CNHH,-648.02326,2.21,3.35,3.95,0.6,2.36,3.09,1.02
CNOO_COH_CH_CNHH_CH_CNHH,-622.576094,2.05,3.32,3.96,0.82,2.19,2.99,0.41
CNOO_COH_CSiHHH_CNHH_CH_CNHH,-913.257741,2.08,3.29,3.96,0.73,2.23,3.02,0.62
CNOO_COH_CCHHH_CNHH_CH_CNHH,-661.885253,1.97,3.24,4.36,0.9,2.03,2.97,0.16
CNOO_COH_CSH_CNHH_CH_CNHH,-1020.76567,2.09,3.28,3.96,0.8,2.2,2.99,0.49
CNOO_COH_COCHHH_CNHH_CH_CNHH,-737.084973,1.95,3.14,3.96,1.21,1.72,2.92,-0.47
CNOO_COH_COH_CNHH_CH_CNHH,-697.799101,1.93,3.16,3.97,1.24,1.69,2.9,-0.55
CNOO_COH_CNHH_CNHH_CH_CNHH,-677.93089,2.01,3.23,4.43,0.93,2.02,2.98,0.16
CNOO_COH_CNOO_CNOO_CH_CNHH,-976.176368,2.24,3.62,3.92,1.11,2.51,2.66,0.01
CNOO_COH_CNOO_CCN_CH_CNHH,-863.941924,2.21,3.93,3.99,1.14,2.65,3.04,-0.08
CNOO_COH_CNOO_CCFFF_CH_CNHH,-1108.748949,2.6,3.7,4.2,1.38,2.59,3.11,-0.16
CNOO_COH_CNOO_CCl_CH_CNHH,-1231.300753,2.23,3.81,3.87,0.96,2.62,3.04,0.31
CNOO_COH_CNOO_CF_CH_CNHH,-870.940788,2.25,3.89,3.98,0.9,2.63,2.98,0.46
CNOO_COH_CNOO_CBFF_CH_CNHH,-995.78492,2.6,3.67,4.1,1.52,2.54,3.1,-0.44
CNOO_COH_CNOO_CBHH_CH_CNHH,-797.158239,2.76,3.42,4.15,1.55,2.64,3.08,-0.34
CNOO_COH_CNOO_CH_CH_CNHH,-771.710978,2.25,3.79,4.1,1.05,2.67,3.01,0.16
CNOO_COH_CNOO_CSiHHH_CH_CNHH,-1062.389896,2.52,3.6,4.13,1.14,2.66,3.14,0.25
CNOO_COH_CNOO_CCHHH_CH_CNHH,-811.019104,2.25,3.78,3.98,0.99,2.65,3.05,0.27
CNOO_COH_CNOO_CSH_CH_CNHH,-1169.889371,2.2,3.41,3.86,0.92,2.54,3.03,0.35
CNOO_COH_CNOO_COCHHH_CH_CNHH,-886.219284,2.22,3.88,3.92,0.91,2.62,3.01,0.4
CNOO_COH_CNOO_COH_CH_CNHH,-846.926965,2.31,3.81,3.87,0.99,2.63,2.94,0.32
CNOO_COH_CNOO_CNMeMe_CH_CNHH,-905.653963,2.2,3.09,3.88,0.97,2.64,3.03,0.27
CNOO_CNOO_CNOO_CNHH_CH_CNHH,-956.303967,2.4,3.58,3.71,1.22,2.39,2.49,-0.04
CNOO_CCN_CNOO_CNHH_CH_CNHH,-844.063433,2.28,3.57,3.75,1.13,2.31,2.43,0.03
CNOO_CCFFF_CNOO_CNHH_CH_CNHH,-1088.864908,2.81,3.66,3.89,1.51,2.51,2.58,-0.21
CNOO_CCl_CNOO_CNHH_CH_CNHH,-1211.421995,2.35,3.59,3.76,1.23,2.46,2.5,-0.12
CNOO_CF_CNOO_CNHH_CH_CNHH,-851.064329,2.42,3.66,3.84,1.22,2.5,2.6,-0.01
CNOO_CBFF_CNOO_CNHH_CH_CNHH,-975.918937,2.25,3.41,3.87,1.03,2.32,2.63,0.19
CNOO_CBHH_CNOO_CNHH_CH_CNHH,-777.294463,2.57,3.47,3.71,1.39,2.36,2.57,-0.21
CNOO_CH_CNOO_CNHH_CH_CNHH,-751.840379,2.38,3.53,3.83,1.17,2.41,2.61,0.03
CNOO_CSiHHH_CNOO_CNHH_CH_CNHH,-1042.515521,2.34,3.46,3.7,1.16,2.38,2.56,0.02
CNOO_CCHHH_CNOO_CNHH_CH_CNHH,-791.143192,2.35,3.49,3.76,1.19,2.43,2.55,-0.03
CNOO_CSH_CNOO_CNHH_CH_CNHH,-1150.016801,1.99,3.33,3.62,0.8,2.25,2.6,0.4
CNOO_COCHHH_CNOO_CNHH_CH_CNHH,-866.343507,2.4,3.58,3.68,1.26,2.55,2.61,-0.12
CNOO_CNHH_CNOO_CNHH_CH_CNHH,-807.215468,2.24,3.53,3.69,0.76,2.53,2.87,0.72
CNOO_CNMeMe_CNOO_CNHH_CH_CNHH,-885.780824,2.02,3.36,3.49,0.79,2.27,2.64,0.43
CNHH_CCHHH_COCHHH_CCFFF_CF_CNOO,-1082.085479,3.3,3.94,4.35,2.24,2.68,2.74,-1.18
CNHH_CCHHH_COCHHH_CCFFF_CF_CCN,-969.84504,3.15,4.36,4.98,2.05,2.66,4.64,-0.95
CNHH_CCHHH_COCHHH_CCFFF_CF_CCFFF,-1214.654077,3.42,4.57,5.17,2.27,2.82,5.1,-1.13
CNHH_CCHHH_COCHHH_CCFFF_CF_CCl,-1337.200797,3.42,4.5,5.07,2.43,2.57,4.98,-1.45
CNHH_CCHHH_COCHHH_CCFFF_CF_CF,-976.834412,3.45,4.57,4.98,2.44,2.57,4.88,-1.44
CNHH_CCHHH_COCHHH_CCFFF_CF_CBFF,-1101.686184,3.28,4.43,5.08,2.16,2.76,4.52,-1.05
CNHH_CCHHH_COCHHH_CCFFF_CF_CBHH,-903.04299,3.14,4.21,4.91,2.08,2.59,3.92,-1.01
CNHH_CCHHH_COCHHH_CCFFF_CF_CH,-877.605378,3.14,4.56,4.69,2.02,2.77,4.65,-0.9
CNHH_CCHHH_COCHHH_CCFFF_CF_CSiHHH,-1168.283538,3.36,4.51,4.98,2.26,2.75,4.94,-1.17
CNHH_CCHHH_COCHHH_CCFFF_CF_CCHHH,-916.912491,3.38,4.56,4.95,2.39,2.62,4.9,-1.4
CNHH_CCHHH_COCHHH_CCFFF_CF_CSH,-1275.789434,3.29,4.36,4.82,2.35,2.48,4.73,-1.4
CNHH_CCHHH_COCHHH_CCFFF_CF_COCHHH,-992.110609,3.39,4.47,4.87,2.38,2.53,4.78,-1.37
CNHH_CCHHH_COCHHH_CCFFF_CF_COH,-952.823373,3.35,4.5,4.64,2.38,2.49,4.53,-1.4
CNHH_CCHHH_COCHHH_CCFFF_CF_CNHH,-932.957891,3.25,4.49,4.51,2.2,2.59,4.44,-1.16
CNHH_CCHHH_COCHHH_CCFFF_CF_CNMeMe,-1011.546245,3.2,4.34,4.69,2.23,2.51,4.64,-1.27
CNOO_CCHHH_COCHHH_CCFFF_CF_CH,-1026.713789,2.55,3.84,4.42,1.59,2.66,3.06,-0.62
CCN_CCHHH_COCHHH_CCFFF_CF_CH,-914.475098,2.25,4.75,5.37,1.33,2.79,4.84,-0.41
CCFFF_CCHHH_COCHHH_CCFFF_CF_CH,-1159.279597,2.43,4.98,5.42,1.47,2.96,5,-0.52
CCl_CCHHH_COCHHH_CCFFF_CF_CH,-1281.83558,2.67,4.9,5.2,1.69,2.94,5.15,-0.72
CF_CCHHH_COCHHH_CCFFF_CF_CH,-921.477168,2.89,5.2,5.69,1.86,3.07,5.14,-0.83
CBFF_CCHHH_COCHHH_CCFFF_CF_CH,-1046.312729,2.62,5.17,5.26,1.66,3.07,5.19,-0.69
CBHH_CCHHH_COCHHH_CCFFF_CF_CH,-847.667984,2.7,4.16,4.78,1.74,2.97,4.05,-0.78
CH_CCHHH_COCHHH_CCFFF_CF_CH,-822.245305,2.72,5.22,5.68,1.75,3.12,5.18,-0.77
CCHHH_CCHHH_COCHHH_CCFFF_CF_CH,-861.549404,2.83,5.08,5.11,1.83,3.04,5.06,-0.83
CSH_CCHHH_COCHHH_CCFFF_CF_CH,-1220.424472,2.71,4.25,5.01,1.71,2.67,4.82,-0.71
COCHHH_CCHHH_COCHHH_CCFFF_CF_CH,-936.750737,2.84,5.02,5.1,1.83,3,5.05,-0.83
COH_CCHHH_COCHHH_CCFFF_CF_CH,-897.46761,3.16,4.95,4.97,2.05,2.96,4.92,-0.94
CSiHHH_CCHHH_COCHHH_CCFFF_CF_CH,-1112.914715,2.56,4.84,5.18,1.61,2.95,4.94,-0.67
CNMeMe_CCHHH_COCHHH_CCFFF_CF_CH,-956.182283,2.79,3.9,4.78,1.7,2.51,4.5,-0.61
CCN_CCHHH_COCHHH_CCFFF_CNOO_CH,-1019.716271,2.32,3.94,4.33,1.39,2.59,2.72,-0.46
CCN_CCHHH_COCHHH_CCFFF_CCN_CH,-907.474897,2.26,4.58,5.22,1.35,2.55,4.5,-0.45
CCN_CCHHH_COCHHH_CCFFF_CCFFF_CH,-1152.28279,2.38,4.72,5.38,1.47,2.68,4.91,-0.57
CCN_CCHHH_COCHHH_CCFFF_CCl_CH,-1274.832618,2.18,4.64,5.19,1.31,2.69,4.62,-0.45
CCN_CCHHH_COCHHH_CCFFF_CBFF_CH,-1039.31658,2.42,4.66,5.39,1.5,2.66,4.78,-0.57
CCN_CCHHH_COCHHH_CCFFF_CBHH_CH,-840.67468,2.42,4.52,5.01,1.47,2.6,4.17,-0.52
CCN_CCHHH_COCHHH_CCFFF_CH_CH,-815.24469,2.39,4.73,5.54,1.48,2.71,4.95,-0.58
CCN_CCHHH_COCHHH_CCFFF_CSiHHH_CH,-1105.917228,2.37,4.71,5.07,1.49,2.72,4.83,-0.61
CCN_CCHHH_COCHHH_CCFFF_CCHHH_CH,-854.547623,2.25,4.72,5.32,1.39,2.76,4.83,-0.53
CCN_CCHHH_COCHHH_CCFFF_CSH_CH,-1213.420791,2.2,3.85,4.69,1.34,2.66,3.67,-0.48
CCN_CCHHH_COCHHH_CCFFF_COCHHH_CH,-929.754994,2.18,4.72,5,1.26,2.9,4.63,-0.35
CCN_CCHHH_COCHHH_CCFFF_COH_CH,-890.46299,2.01,4.61,5.11,1.13,2.77,4.61,-0.26
CCN_CCHHH_COCHHH_CCFFF_CNHH_CH,-870.596887,1.84,4.49,4.54,0.95,2.77,4.33,-0.07
CCN_CCHHH_COCHHH_CCFFF_CNMeMe_CH,-949.182386,2.06,4.12,4.73,1.22,2.73,3.73,-0.37
CCl_CCN_CNOO_CSiHHH_COH_CF,-1453.58357,2.74,3.79,4.06,1.79,2.41,2.62,-0.84
CCl_CCN_CCN_CSiHHH_COH_CF,-1341.344745,2.79,4.32,4.43,1.79,2.57,4.23,-0.79
CCl_CCN_CCFFF_CSiHHH_COH_CF,-1586.156472,2.93,4.51,4.56,1.94,2.73,4.3,-0.96
CCl_CCN_CCl_CSiHHH_COH_CF,-1708.710766,3,4.49,4.76,2,2.7,4.55,-1.01
CCl_CCN_CF_CSiHHH_COH_CF,-1348.347259,3.15,4.68,4.88,2.13,2.8,4.67,-1.11
CCl_CCN_CBFF_CSiHHH_COH_CF,-1473.187043,2.65,4.34,4.36,1.69,2.6,4.14,-0.73
CCl_CCN_CBHH_CSiHHH_COH_CF,-1274.545431,2.49,4.19,4.24,1.55,2.5,4.05,-0.61
CCl_CCN_CH_CSiHHH_COH_CF,-1249.113841,2.9,4.73,5.02,1.92,2.76,4.52,-0.94
CCl_CCN_CSiHHH_CSiHHH_COH_CF,-1539.791527,2.84,4.51,4.61,1.88,2.7,4.4,-0.92
CCl_CCN_CCHHH_CSiHHH_COH_CF,-1288.427723,2.99,4.61,4.87,2.03,2.75,4.66,-1.07
CCl_CCN_CSH_CSiHHH_COH_CF,-1647.305127,2.96,4.25,4.92,1.96,2.63,4.49,-0.96
CCl_CCN_COCHHH_CSiHHH_COH_CF,-1363.625574,3,4.54,4.76,1.96,2.79,4.66,-0.91
CCl_CCN_COH_CSiHHH_COH_CF,-1324.344173,3.16,4.62,4.97,2.15,2.78,4.79,-1.15
CCl_CCN_CNHH_CSiHHH_COH_CF,-1304.483036,3.11,4.55,4.66,2.05,2.85,4.59,-0.99
CCl_CCN_CNMeMe_CSiHHH_COH_CF,-1383.068755,3.01,4.33,4.64,1.93,2.79,4.37,-0.85
CCl_CCN_CBHH_CSiHHH_CNOO_CF,-1403.800121,3.22,3.74,3.95,2.01,2.34,2.76,-0.81
CCl_CCN_CBHH_CSiHHH_CCN_CF,-1291.559284,3.02,4.01,4.03,1.91,2.4,3.82,-0.8
CCl_CCN_CBHH_CSiHHH_CCFFF_CF,-1536.366513,3.18,3.97,4.14,2.04,2.39,3.88,-0.89
CCl_CCN_CBHH_CSiHHH_CCl_CF,-1658.917169,2.73,4.11,4.14,1.75,2.42,3.95,-0.77
CCl_CCN_CBHH_CSiHHH_CF_CF,-1298.553758,2.77,4.17,4.2,1.76,2.44,4,-0.75
CCl_CCN_CBHH_CSiHHH_CBFF_CF,-1423.400576,3.17,3.89,4.15,2,2.36,3.91,-0.84
CCl_CCN_CBHH_CSiHHH_CBHH_CF,-1224.759302,3.11,3.83,4.09,1.92,2.33,3.84,-0.72
CCl_CCN_CBHH_CSiHHH_CH_CF,-1199.325218,2.96,4.18,4.25,1.9,2.45,4.07,-0.84
CCl_CCN_CBHH_CSiHHH_CSiHHH_CF,-1489.999916,2.98,4.03,4.22,1.93,2.4,4,-0.89
CCl_CCN_CBHH_CSiHHH_CCHHH_CF,-1238.630402,2.75,4.14,4.22,1.77,2.43,4.04,-0.78
CCl_CCN_CBHH_CSiHHH_CSH_CF,-1597.506129,2.94,3.71,4.06,1.89,2.39,3.65,-0.84
CCl_CCN_CBHH_CSiHHH_COCHHH_CF,-1313.834198,2.46,4.17,4.27,1.55,2.5,4.07,-0.64
CCl_CCN_CBHH_CSiHHH_CNHH_CF,-1254.668828,2.79,3.87,4.13,1.79,2.41,3.78,-0.78
CCl_CCN_CBHH_CSiHHH_CNMeMe_CF,-1333.269791,2.88,3.49,4.18,1.85,2.4,3.45,-0.82
CCl_CCN_CBHH_CSiHHH_COH_CNOO,-1379.803632,2.4,3.9,3.93,1.51,2.6,2.96,-0.61
CCl_CCN_CBHH_CSiHHH_COH_CCN,-1267.553167,2.71,4.21,4.22,1.75,2.6,3.65,-0.78
CCl_CCN_CBHH_CSiHHH_COH_CCFFF,-1512.366123,2.83,4.24,4.3,1.79,2.71,3.94,-0.76
CCl_CCN_CBHH_CSiHHH_COH_CCl,-1634.911845,2.51,4.15,4.25,1.61,2.5,3.91,-0.71
CCl_CCN_CBHH_CSiHHH_COH_CBFF,-1399.396503,2.78,4.23,4.3,1.76,2.74,3.53,-0.74
CCl_CCN_CBHH_CSiHHH_COH_CBHH,-1200.737062,2.65,4.21,4.26,1.69,2.59,3.38,-0.73
CCl_CCN_CBHH_CSiHHH_COH_CH,-1175.311153,2.6,4.25,4.27,1.62,2.61,4.07,-0.64
CCl_CCN_CBHH_CSiHHH_COH_CSiHHH,-1465.990935,2.62,4.21,4.25,1.65,2.6,3.8,-0.68
CCl_CCN_CBHH_CSiHHH_COH_CCHHH,-1214.619807,2.5,4.16,4.28,1.59,2.49,3.9,-0.67
CCl_CCN_CBHH_CSiHHH_COH_CSH,-1573.501096,2.59,4.03,4.26,1.66,2.57,3.82,-0.73
CCl_CCN_CBHH_CSiHHH_COH_COCHHH,-1289.819488,2.37,4.09,4.26,1.49,2.44,3.86,-0.61
CCl_CCN_CBHH_CSiHHH_COH_COH,-1250.529555,2.54,4.07,4.26,1.6,2.35,4.07,-0.65
CCl_CCN_CBHH_CSiHHH_COH_CNHH,-1230.665406,2.15,3.87,4.22,1.28,2.25,3.76,-0.42
CCl_CCN_CBHH_CSiHHH_COH_CNMeMe,-1309.249969,2.22,3.7,4.31,1.48,2.25,3.72,-0.75
CSiHHH_CCN_CCl_CNOO_COH_CCFFF,-1691.405119,2.55,3.86,4.2,1.68,2.83,2.89,-0.81
CSiHHH_CCN_CCl_CCN_COH_CCFFF,-1579.163471,2.51,4.51,4.7,1.63,2.75,4.25,-0.76
CSiHHH_CCN_CCl_CCFFF_COH_CCFFF,-1823.965941,2.74,4.6,5.12,1.8,2.91,4.34,-0.85
CSiHHH_CCN_CCl_CCl_COH_CCFFF,-1946.525657,2.95,4.66,5.06,1.94,2.99,4.35,-0.92
CSiHHH_CCN_CCl_CF_COH_CCFFF,-1586.166915,3.16,4.89,5.62,2.06,3.09,4.4,-0.96
CSiHHH_CCN_CCl_CBFF_COH_CCFFF,-1711.006643,3.17,4.68,4.88,2.07,3.14,4.38,-0.97
CSiHHH_CCN_CCl_CBHH_COH_CCFFF,-1512.367631,3.36,4.7,4.71,2.2,3.12,4.4,-1.04
CSiHHH_CCN_CCl_CH_COH_CCFFF,-1486.926221,3.02,4.92,5.21,1.99,3.13,4.43,-0.95
CSiHHH_CCN_CCl_CSiHHH_COH_CCFFF,-1777.596376,2.85,4.18,4.77,1.89,3.01,3.97,-0.92
CSiHHH_CCN_CCl_CCHHH_COH_CCFFF,-1526.228376,3.09,4.65,5.02,2.03,3,4.37,-0.97
CSiHHH_CCN_CCl_CSH_COH_CCFFF,-1885.11153,2.93,3.89,5.18,1.91,2.66,4.19,-0.89
CSiHHH_CCN_CCl_COCHHH_COH_CCFFF,-1601.444618,3.14,4.46,5.4,2.03,2.9,4.34,-0.92
CSiHHH_CCN_CCl_COH_COH_CCFFF,-1562.16842,3.62,4.59,5.49,2.33,3.11,4.49,-1.04
CSiHHH_CCN_CCl_CNHH_COH_CCFFF,-1542.309325,3.64,4.35,5.17,2.32,3.1,4.41,-1.01
CSiHHH_CCN_CCl_CNMeMe_COH_CCFFF,-1620.877079,3.08,3.6,4.86,1.91,2.63,4.32,-0.75
CF_CNMeMe_CNOO_CNOO_CNOO_CNMeMe,-1212.712773,2.77,3.62,3.77,1.73,2.4,2.52,-0.69
CF_CNMeMe_CNOO_CCN_CNOO_CNMeMe,-1100.469625,2.74,3.61,3.77,1.64,2.49,2.82,-0.54
CF_CNMeMe_CNOO_CCFFF_CNOO_CNMeMe,-1345.279957,2.91,3.68,3.77,1.85,2.57,2.88,-0.78
CF_CNMeMe_CNOO_CCl_CNOO_CNMeMe,-1467.837944,3.01,3.53,3.83,1.92,2.66,2.83,-0.83
CF_CNMeMe_CNOO_CF_CNOO_CNMeMe,-1107.485702,3.14,3.63,3.91,2.02,2.71,2.89,-0.9
CF_CNMeMe_CNOO_CBFF_CNOO_CNMeMe,-1232.349185,3.46,3.75,3.92,1.62,2.51,3.01,0.22
CF_CNMeMe_CNOO_CBHH_CNOO_CNMeMe,-1033.72154,3.42,3.47,4,1.88,2.34,3.1,-0.33
CF_CNMeMe_CNOO_CH_CNOO_CNMeMe,-1008.251634,3.07,3.81,4,1.96,2.63,3.01,-0.86
CF_CNMeMe_CNOO_CSiHHH_CNOO_CNMeMe,-1298.922742,2.96,3.77,3.96,1.86,2.6,2.9,-0.77
CF_CNMeMe_CNOO_CCHHH_CNOO_CNMeMe,-1047.558504,3.12,3.52,3.86,1.98,2.64,2.95,-0.84
CF_CNMeMe_CNOO_CSH_CNOO_CNMeMe,-1406.431928,3.11,3.37,3.79,1.92,2.49,2.91,-0.72
CF_CNMeMe_CNOO_COCHHH_CNOO_CNMeMe,-1122.767023,3.13,3.55,3.85,2,2.7,2.93,-0.87
CF_CNMeMe_CNOO_COH_CNOO_CNMeMe,-1083.504545,2.98,3.69,4.02,1.1,2.64,2.95,0.77
CF_CNMeMe_CNOO_CNHH_CNOO_CNMeMe,-1063.624142,3.23,3.47,3.89,1.91,2.59,3.08,-0.59
CF_CNMeMe_CNOO_CNMeMe_CNOO_CNMeMe,-1142.213106,3.15,3.63,4.01,1.97,2.68,3.16,-0.79
CNOO_CBFF_CH_CNMeMe_CH_CNMeMe,-928.609409,2.1,2.95,3.75,0.78,2.15,3.27,0.53
CCN_CBFF_CH_CNMeMe_CH_CNMeMe,-816.352845,2.85,3.79,4.59,1.49,2.53,4.36,-0.13
CCFFF_CBFF_CH_CNMeMe_CH_CNMeMe,-1061.156252,3.11,3.86,4.76,1.75,2.61,4.31,-0.39
CCl_CBFF_CH_CNMeMe_CH_CNMeMe,-1183.718693,3.17,4.02,4.51,1.89,2.68,4.55,-0.61
CF_CBFF_CH_CNMeMe_CH_CNMeMe,-823.368485,3.48,4.36,4.48,2.2,2.89,4.5,-0.92
CBFF_CBFF_CH_CNMeMe_CH_CNMeMe,-948.19189,2.95,3.76,4.44,1.59,2.55,4.24,-0.23
CBHH_CBFF_CH_CNMeMe_CH_CNMeMe,-749.553331,3.32,4.57,4.87,2.11,2.84,4.52,-0.9
CH_CBFF_CH_CNMeMe_CH_CNMeMe,-724.130615,3.48,4.29,4.34,2.1,2.86,4.36,-0.73
CCHHH_CBFF_CH_CNMeMe_CH_CNMeMe,-763.426951,3.23,4.02,4.23,1.94,2.74,4.25,-0.65
CSH_CBFF_CH_CNMeMe_CH_CNMeMe,-1122.305728,3.03,3.9,4.32,1.87,2.66,4.26,-0.72
COCHHH_CBFF_CH_CNMeMe_CH_CNMeMe,-838.64021,3.4,4.24,4.45,2.15,2.83,4.48,-0.9
COH_CBFF_CH_CNMeMe_CH_CNMeMe,-799.363354,3.42,4.34,4.35,2.27,2.91,4.37,-1.12
CNHH_CBFF_CH_CNMeMe_CH_CNMeMe,-779.490444,3.37,4.08,4.23,2.26,2.9,4.1,-1.15
CSiHHH_CBFF_CH_CNMeMe_CH_CNMeMe,-1014.789309,3.03,3.85,4.3,1.7,2.64,4.28,-0.36
CNMeMe_CBFF_CH_CNMeMe_CH_CNMeMe,-858.077699,3.24,4.08,4.12,2.18,2.85,4.09,-1.13
CCN_CBFF_CNOO_CCHHH_CBFF_CSiHHH,-1306.99835,3.28,3.99,4.29,2.24,2.47,2.69,-1.21
CCN_CBFF_CCN_CCHHH_CBFF_CSiHHH,-1194.744622,3.24,4.13,4.82,2.19,2.29,4.51,-1.13
CCN_CBFF_CCFFF_CCHHH_CBFF_CSiHHH,-1439.560552,3.35,4.37,5,2.25,2.5,4.77,-1.16
CCN_CBFF_CCl_CCHHH_CBFF_CSiHHH,-1562.109308,3.19,4.17,4.91,2.13,2.37,4.72,-1.06
CCN_CBFF_CF_CCHHH_CBFF_CSiHHH,-1201.750877,3.32,4.18,5.1,2.15,2.4,4.84,-0.98
CCN_CBFF_CBFF_CCHHH_CBFF_CSiHHH,-1326.583982,3.26,4.33,4.83,2.21,2.47,4.51,-1.16
CCN_CBFF_CBHH_CCHHH_CBFF_CSiHHH,-1127.939014,3.17,4.21,4.54,2.12,2.39,4.09,-1.07
CCN_CBFF_CH_CCHHH_CBFF_CSiHHH,-1102.511108,3.31,4.18,4.9,2.21,2.33,4.67,-1.11
CCN_CBFF_CSiHHH_CCHHH_CBFF_CSiHHH,-1393.184395,3.21,4.3,4.83,2.2,2.42,4.62,-1.19
CCN_CBFF_CCHHH_CCHHH_CBFF_CSiHHH,-1141.819911,3.21,4.21,4.9,2.17,2.37,4.65,-1.13
CCN_CBFF_CSH_CCHHH_CBFF_CSiHHH,-1500.698605,3.1,4.07,5.21,1.93,2.54,4.32,-0.76
CCN_CBFF_COCHHH_CCHHH_CBFF_CSiHHH,-1217.021693,3.25,4.18,4.54,2.11,2.43,4.34,-0.98
CCN_CBFF_COH_CCHHH_CBFF_CSiHHH,-1177.746499,3.27,4.14,5.14,2,2.54,4.65,-0.73
CCN_CBFF_CNHH_CCHHH_CBFF_CSiHHH,-1157.880327,2.81,4.1,5.24,1.66,2.57,4.28,-0.5
CCN_CBFF_CNMeMe_CCHHH_CBFF_CSiHHH,-1236.461622,2.89,4.2,5.15,1.7,2.77,4.06,-0.52
CCN_CNOO_CNHH_CCHHH_CBFF_CSiHHH,-1138.287176,2.98,3.97,4.14,1.68,2.58,3.04,-0.39
CCN_CCN_CNHH_CCHHH_CBFF_CSiHHH,-1026.041047,2.65,4.13,5.12,1.51,2.5,4.42,-0.36
CCN_CCFFF_CNHH_CCHHH_CBFF_CSiHHH,-1270.84806,2.87,4.21,5.33,1.67,2.61,4.65,-0.47
CCN_CCl_CNHH_CCHHH_CBFF_CSiHHH,-1393.396101,2.43,4.19,4.93,1.43,2.44,4.56,-0.43
CCN_CF_CNHH_CCHHH_CBFF_CSiHHH,-1033.030816,2.43,4.26,4.96,1.44,2.42,4.52,-0.46
CCN_CBHH_CNHH_CCHHH_CBFF_CSiHHH,-959.238675,2.82,4.07,4.52,1.6,2.58,3.63,-0.38
CCN_CH_CNHH_CCHHH_CBFF_CSiHHH,-933.800206,2.62,4.23,5.04,1.53,2.49,4.66,-0.45
CCN_CSiHHH_CNHH_CCHHH_CBFF_CSiHHH,-1224.477062,2.61,4.22,5.08,1.55,2.56,4.6,-0.48
CCN_CCHHH_CNHH_CCHHH_CBFF_CSiHHH,-973.105469,2.44,4.23,4.85,1.47,2.47,4.56,-0.5
CCN_CSH_CNHH_CCHHH_CBFF_CSiHHH,-1331.98593,2.49,3.85,4.16,1.47,2.47,3.74,-0.45
CCN_COCHHH_CNHH_CCHHH_CBFF_CSiHHH,-1048.304415,2.36,4.21,4.49,1.4,2.41,4.34,-0.44
CCN_COH_CNHH_CCHHH_CBFF_CSiHHH,-1009.021276,1.98,4.26,4.66,1.11,2.43,4.17,-0.23
CCN_CNHH_CNHH_CCHHH_CBFF_CSiHHH,-989.152647,2.34,4.18,4.24,1.37,2.47,4.02,-0.4
CCN_CNMeMe_CNHH_CCHHH_CBFF_CSiHHH,-1067.736938,2.24,3.11,4.22,1.36,2.45,2.91,-0.48
CCN_COH_CNHH_CNOO_CBFF_CSiHHH,-1174.201228,1.53,3.73,3.78,0.27,2.25,3.09,0.99
CCN_COH_CNHH_CCN_CBFF_CSiHHH,-1061.940378,1.76,4.08,4.76,0.76,2.39,4.07,0.23
CCN_COH_CNHH_CCFFF_CBFF_CSiHHH,-1306.752716,1.88,4.34,4.75,0.92,2.58,4.27,0.04
CCN_COH_CNHH_CCl_CBFF_CSiHHH,-1429.302937,1.95,4.16,4.72,1.06,2.39,4.21,-0.18
CCN_COH_CNHH_CF_CBFF_CSiHHH,-1068.943279,2.04,4.37,4.69,1.14,2.46,4.25,-0.24
CCN_COH_CNHH_CBFF_CBFF_CSiHHH,-1193.788171,1.75,4.1,4.7,0.76,2.43,4.03,0.23
CCN_COH_CNHH_CBHH_CBFF_CSiHHH,-995.145508,1.68,3.92,4.52,0.6,2.37,3.76,0.48
CCN_COH_CNHH_CH_CBFF_CSiHHH,-969.719235,1.94,4.35,4.66,1.04,2.49,4.06,-0.13
CCN_COH_CNHH_CSiHHH_CBFF_CSiHHH,-1260.389575,1.82,4.15,4.65,0.94,2.41,4.02,-0.07
CCN_COH_CNHH_CSH_CBFF_CSiHHH,-1367.893668,2.01,3.79,4.64,1.12,2.28,4.02,-0.23
CCN_COH_CNHH_COCHHH_CBFF_CSiHHH,-1084.222412,2.12,4.12,4.62,1.23,2.33,4.23,-0.34
CCN_COH_CNHH_COH_CBFF_CSiHHH,-1044.940775,2.12,4.13,4.65,1.23,2.26,4.05,-0.34
CCN_COH_CNHH_CNHH_CBFF_CSiHHH,-1025.075406,2.13,3.83,4.47,1.28,2.02,4,-0.43
CCN_COH_CNHH_CNMeMe_CBFF_CSiHHH,-1103.660525,2.2,3.41,4.45,1.28,1.87,3.97,-0.35
CNOO_COH_CNHH_CNOO_CBFF_CSiHHH,-1286.44479,1.48,3.48,3.6,0.65,2.09,2.77,0.18
CCFFF_COH_CNHH_CNOO_CBFF_CSiHHH,-1419.009897,1.57,3.64,3.88,0.21,2.27,3.26,1.14
CCl_COH_CNHH_CNOO_CBFF_CSiHHH,-1541.559234,1.56,3.56,3.68,-0.53,2.13,3.32,2.61
CF_COH_CNHH_CNOO_CBFF_CSiHHH,-1181.195907,1.6,3.69,3.77,-0.6,2.14,3.36,2.81
CBFF_COH_CNHH_CNOO_CBFF_CSiHHH,-1306.046398,1.55,3.59,3.81,0.52,2.28,2.98,0.51
CBHH_COH_CNHH_CNOO_CBFF_CSiHHH,-1107.390096,2.67,3.7,4.11,1.73,2.49,2.62,-0.8
CH_COH_CNHH_CNOO_CBFF_CSiHHH,-1081.96801,1.9,3.75,3.88,0.77,2.31,3.34,0.36
CCHHH_COH_CNHH_CNOO_CBFF_CSiHHH,-1121.278231,1.89,3.71,3.73,0.69,2.23,3.29,0.52
CSH_COH_CNHH_CNOO_CBFF_CSiHHH,-1480.152315,1.54,3.44,3.69,-0.37,2.21,3.23,2.27
COCHHH_COH_CNHH_CNOO_CBFF_CSiHHH,-1196.477287,1.59,3.6,3.77,-0.53,2.11,3.36,2.65
COH_COH_CNHH_CNOO_CBFF_CSiHHH,-1157.195066,1.48,3.27,3.66,-0.88,1.88,3.42,3.24
CNHH_COH_CNHH_CNOO_CBFF_CSiHHH,-1137.328428,1.5,3.63,3.73,-0.6,2.12,3.42,2.7
CSiHHH_COH_CNHH_CNOO_CBFF_CSiHHH,-1372.646316,1.59,3.57,3.8,-0.21,2.22,3.32,2
CNMeMe_COH_CNHH_CNOO_CBFF_CSiHHH,-1215.917535,1.49,3.39,3.73,-0.55,2.16,3.22,2.59
COH_COH_CNHH_CNOO_CNOO_CSiHHH,-1137.592967,1.79,3.66,3.77,0.97,2.22,2.52,-0.15
COH_COH_CNHH_CNOO_CCN_CSiHHH,-1025.344913,1.75,3.78,3.94,0.98,2.22,2.65,-0.2
COH_COH_CNHH_CNOO_CCFFF_CSiHHH,-1270.154558,1.84,3.78,4.01,1.02,2.26,2.65,-0.21
COH_COH_CNHH_CNOO_CCl_CSiHHH,-1392.700316,1.75,3.68,3.98,0.9,2.3,2.65,-0.05
COH_COH_CNHH_CNOO_CF_CSiHHH,-1032.34176,1.83,3.79,4.01,0.87,2.4,2.74,0.09
COH_COH_CNHH_CNOO_CBHH_CSiHHH,-958.570608,1.64,3.21,3.79,-0.67,1.92,2.75,2.98
COH_COH_CNHH_CNOO_CH_CSiHHH,-933.112756,1.74,3.83,3.89,0.9,2.3,2.77,-0.06
COH_COH_CNHH_CNOO_CSiHHH_CSiHHH,-1223.786386,1.66,3.69,3.92,0.71,2.22,2.8,0.23
COH_COH_CNHH_CNOO_CCHHH_CSiHHH,-972.414042,1.69,3.73,3.91,0.63,2.3,2.85,0.43
COH_COH_CNHH_CNOO_CSH_CSiHHH,-1331.291693,1.73,3.5,3.72,0.82,2.26,2.7,0.09
COH_COH_CNHH_CNOO_COCHHH_CSiHHH,-1047.61412,1.75,3.67,3.97,0.6,2.45,2.75,0.55
COH_COH_CNHH_CNOO_COH_CSiHHH,-1008.365484,2.45,3.93,4.01,1.21,2.48,3.46,0.04
COH_COH_CNHH_CNOO_CNHH_CSiHHH,-988.486243,2.62,4.11,4.6,1.34,2.57,3.35,-0.06
COH_COH_CNHH_CNOO_CNMeMe_CSiHHH,-1067.045858,2.48,3.56,3.86,1.66,2.56,2.76,-0.84
COH_COH_CNHH_CNOO_CBFF_CNOO,-1070.999546,2.29,3.83,3.87,1.36,2.39,2.49,-0.44
COH_COH_CNHH_CNOO_CBFF_CCN,-958.753408,1.49,3.26,3.85,-0.86,1.88,3.43,3.22
COH_COH_CNHH_CNOO_CBFF_CCFFF,-1203.563558,1.65,3.86,4.08,0.7,2.35,2.77,0.26
COH_COH_CNHH_CNOO_CBFF_CCl,-1326.113708,1.72,3.64,4.05,0.96,2.12,2.77,-0.2
COH_COH_CNHH_CNOO_CBFF_CF,-965.752515,2.03,3.85,3.97,1.32,2.23,2.69,-0.62
COH_COH_CNHH_CNOO_CBFF_CBFF,-1090.598265,1.54,3.3,3.68,-0.92,2.02,3.37,3.37
COH_COH_CNHH_CNOO_CBFF_CBHH,-891.955693,1.56,3.25,3.56,-0.91,1.94,3.26,3.38
COH_COH_CNHH_CNOO_CBFF_CH,-866.512211,1.88,3.86,3.97,1.08,2.31,2.7,-0.28
COH_COH_CNHH_CNOO_CBFF_CCHHH,-905.824578,1.89,3.77,3.96,1.16,2.22,2.72,-0.44
COH_COH_CNHH_CNOO_CBFF_CSH,-1264.704452,1.92,3.45,3.92,1.31,1.91,2.68,-0.69
COH_COH_CNHH_CNOO_CBFF_COCHHH,-981.02479,2.08,3.62,3.94,1.53,1.96,2.69,-0.99
COH_COH_CNHH_CNOO_CBFF_COH,-941.751015,2.09,3.68,3.95,1.45,2.07,2.71,-0.81
COH_COH_CNHH_CNOO_CBFF_CNHH,-921.887955,2.4,3.67,3.95,1.65,2.23,2.77,-0.91
COH_COH_CNHH_CNOO_CBFF_CNMeMe,-1000.480999,1.92,3.32,4.15,-0.35,2.01,3.53,2.62
COCHHH_CNOO_CBHH_CCFFF_CCFFF_CCl,-1710.271854,3.53,3.85,4.03,2.21,2.26,2.93,-0.89
COCHHH_CCN_CBHH_CCFFF_CCFFF_CCl,-1598.008221,3.14,3.87,4.93,1.9,2.34,4.17,-0.67
COCHHH_CCFFF_CBHH_CCFFF_CCFFF_CCl,-1842.814378,3.62,4.39,5.06,2.41,2.57,4.84,-1.2
COCHHH_CCl_CBHH_CCFFF_CCFFF_CCl,-1965.367055,3.08,3.98,4.93,1.94,2.45,4,-0.79
COCHHH_CF_CBHH_CCFFF_CCFFF_CCl,-1605.009599,3.29,4.18,5.19,2.05,2.65,4.02,-0.8
COCHHH_CBFF_CBHH_CCFFF_CCFFF_CCl,-1729.850036,3.38,4.34,4.94,2.25,2.58,4.31,-1.11
COCHHH_CBHH_CBHH_CCFFF_CCFFF_CCl,-1531.215982,3.16,4.57,4.67,2.22,2.77,4.19,-1.28
COCHHH_CH_CBHH_CCFFF_CCFFF_CCl,-1505.77398,3.41,4.25,5.16,2.21,2.57,4.25,-1.01
COCHHH_CSiHHH_CBHH_CCFFF_CCFFF_CCl,-1796.449045,3.32,4.22,4.66,2.21,2.53,4.25,-1.1
COCHHH_CCHHH_CBHH_CCFFF_CCFFF_CCl,-1545.081688,3.26,4.25,5.2,2.15,2.59,4.07,-1.03
COCHHH_CSH_CBHH_CCFFF_CCFFF_CCl,-1903.957501,2.77,4.13,4.62,1.79,2.51,3.72,-0.8
COCHHH_COCHHH_CBHH_CCFFF_CCFFF_CCl,-1620.286172,3.2,4.4,4.99,2.04,2.88,3.77,-0.88
COCHHH_COH_CBHH_CCFFF_CCFFF_CCl,-1581.007082,2.95,4.58,5.08,1.95,2.85,3.86,-0.96
COCHHH_CNHH_CBHH_CCFFF_CCFFF_CCl,-1561.146827,2.8,4.48,4.69,1.81,2.91,3.48,-0.82
COCHHH_CNMeMe_CBHH_CCFFF_CCFFF_CCl,-1639.710601,3.21,4.46,4.58,2.26,2.52,4.41,-1.31
COCHHH_CCN_CBHH_CNOO_CCFFF_CCl,-1465.445919,3.07,3.71,4,1.98,2.32,2.46,-0.88
COCHHH_CCN_CBHH_CCN_CCFFF_CCl,-1353.202548,3.05,3.81,4.78,1.86,2.24,4.24,-0.67
COCHHH_CCN_CBHH_CCl_CCFFF_CCl,-1720.57632,3.42,3.99,5.08,2.22,2.51,4.29,-1.02
COCHHH_CCN_CBHH_CF_CCFFF_CCl,-1360.22849,3.62,4.24,5.24,2.43,2.66,4.34,-1.24
COCHHH_CCN_CBHH_CBFF_CCFFF_CCl,-1485.044341,3.32,4.01,4.78,2.06,2.46,4.25,-0.8
COCHHH_CCN_CBHH_CBHH_CCFFF_CCl,-1286.409913,3.56,4.07,4.9,2.3,2.72,4.23,-1.04
COCHHH_CCN_CBHH_CH_CCFFF_CCl,-1260.983771,3.43,4.12,5.02,2.2,2.49,4.31,-0.98
COCHHH_CCN_CBHH_CSiHHH_CCFFF_CCl,-1551.646481,3.22,3.78,4.63,1.94,2.43,4.15,-0.66
COCHHH_CCN_CBHH_CCHHH_CCFFF_CCl,-1300.291279,3.46,3.98,5.06,2.21,2.57,4.23,-0.96
COCHHH_CCN_CBHH_CSH_CCFFF_CCl,-1659.167234,3.43,3.81,5.1,2.23,2.64,4.2,-1.02
COCHHH_CCN_CBHH_COCHHH_CCFFF_CCl,-1375.504769,3.59,4.13,5.29,2.43,2.69,4.26,-1.28
COCHHH_CCN_CBHH_COH_CCFFF_CCl,-1336.228356,3.81,4.21,5.33,2.61,2.89,4.29,-1.41
COCHHH_CCN_CBHH_CNHH_CCFFF_CCl,-1316.360294,3.8,4.17,5.18,2.66,2.97,4.2,-1.52
COCHHH_CCN_CBHH_CNMeMe_CCFFF_CCl,-1394.949878,3.64,4.06,4.97,2.58,2.99,4.05,-1.53
CNOO_CCN_CBHH_CSiHHH_CCFFF_CCl,-1641.602435,3.14,4.06,4.3,2.05,2.51,2.84,-0.95
CCN_CCN_CBHH_CSiHHH_CCFFF_CCl,-1529.358782,2.96,3.9,4.08,1.91,2.28,3.77,-0.86
CCFFF_CCN_CBHH_CSiHHH_CCFFF_CCl,-1774.165545,3.01,4.08,4.55,1.94,2.39,4.09,-0.87
CCl_CCN_CBHH_CSiHHH_CCFFF_CCl,-1896.725673,3.13,3.89,4.13,2.03,2.33,3.87,-0.92
CF_CCN_CBHH_CSiHHH_CCFFF_CCl,-1536.368117,3.33,4.27,4.65,2.17,2.48,4.32,-1
CBFF_CCN_CBHH_CSiHHH_CCFFF_CCl,-1661.198861,3.23,4.1,4.35,2.13,2.53,3.83,-1.03
CBHH_CCN_CBHH_CSiHHH_CCFFF_CCl,-1462.564372,3.35,4.07,4.13,2.23,2.49,3.8,-1.11
CH_CCN_CBHH_CSiHHH_CCFFF_CCl,-1437.133518,3.29,4.38,4.55,2.17,2.55,4.26,-1.04
CCHHH_CCN_CBHH_CSiHHH_CCFFF_CCl,-1476.435342,3.23,3.94,4.38,2.09,2.37,3.99,-0.95
CSH_CCN_CBHH_CSiHHH_CCFFF_CCl,-1835.317023,3.01,3.44,4.69,1.76,2.29,4.08,-0.51
COH_CCN_CBHH_CSiHHH_CCFFF_CCl,-1512.364544,3.37,4.02,4.82,2.16,2.51,4.27,-0.96
CNHH_CCN_CBHH_CSiHHH_CCFFF_CCl,-1492.508317,3.31,3.84,5.05,2.1,2.6,4.14,-0.89
CSiHHH_CCN_CBHH_CSiHHH_CCFFF_CCl,-1727.800946,3.12,3.43,4.25,2.04,2.32,3.39,-0.96
CNMeMe_CCN_CBHH_CSiHHH_CCFFF_CCl,-1571.100216,3.18,3.57,4.65,2.22,2.85,3.77,-1.26
CSH_CCN_CBHH_CSiHHH_CCFFF_CNOO,-1580.210091,2.57,3.19,3.74,1.56,1.97,2.61,-0.55
CSH_CCN_CBHH_CSiHHH_CCFFF_CCN,-1467.955923,3.14,3.43,4.65,1.89,2.28,3.91,-0.63
CSH_CCN_CBHH_CSiHHH_CCFFF_CCFFF,-1712.760463,3.31,3.54,4.8,1.97,2.36,4.52,-0.62
CSH_CCN_CBHH_CSiHHH_CCFFF_CF,-1474.958253,3.06,3.5,4.71,1.78,2.29,4.26,-0.51
CSH_CCN_CBHH_CSiHHH_CCFFF_CBFF,-1599.793997,3.19,3.47,4.6,1.96,2.22,4.22,-0.73
CSH_CCN_CBHH_CSiHHH_CCFFF_CBHH,-1401.148729,3.06,3.51,4.57,1.88,2.2,4.22,-0.7
CSH_CCN_CBHH_CSiHHH_CCFFF_CH,-1375.723852,3.17,3.49,4.63,1.97,2.19,4.27,-0.76
CSH_CCN_CBHH_CSiHHH_CCFFF_CSiHHH,-1666.39589,3.09,3.38,4.53,1.88,2.19,4.1,-0.66
CSH_CCN_CBHH_CSiHHH_CCFFF_CCHHH,-1415.030315,3,3.4,4.66,1.79,2.18,4.15,-0.57
CSH_CCN_CBHH_CSiHHH_CCFFF_CSH,-1773.906497,2.73,3.43,4.4,1.53,2.3,3.78,-0.34
CSH_CCN_CBHH_CSiHHH_CCFFF_COCHHH,-1490.230211,2.99,3.45,4.53,1.74,2.26,4.12,-0.5
CSH_CCN_CBHH_CSiHHH_CCFFF_COH,-1450.950418,2.89,3.53,4.72,1.61,2.34,4.16,-0.34
CSH_CCN_CBHH_CSiHHH_CCFFF_CNHH,-1431.08642,2.44,3.46,4.38,1.25,2.3,3.71,-0.05
CSH_CCN_CBHH_CSiHHH_CCFFF_CNMeMe,-1509.662926,3.41,3.64,4.52,2.11,2.39,4.29,-0.8
CNOO_CCHHH_CNOO_CNHH_CNHH_CNOO,-995.624709,2.77,3.75,3.94,1.99,2.53,2.54,-1.21
CNOO_CCHHH_CCN_CNHH_CNHH_CNOO,-883.384482,2.67,3.76,4.06,1.87,2.53,2.56,-1.07
CNOO_CCHHH_CCFFF_CNHH_CNHH_CNOO,-1128.188868,3.3,3.89,4.05,2.37,2.64,2.82,-1.44
CNOO_CCHHH_CCl_CNHH_CNHH_CNOO,-1250.738678,3,3.67,4.01,2.06,2.64,2.82,-1.12
CNOO_CCHHH_CF_CNHH_CNHH_CNOO,-890.381982,2.4,3.79,4,1.5,2.55,2.63,-0.61
CNOO_CCHHH_CBFF_CNHH_CNHH_CNOO,-1015.223652,2.7,3.76,4.1,1.93,2.52,2.58,-1.17
CNOO_CCHHH_CBHH_CNHH_CNHH_CNOO,-816.590442,1.86,3.36,3.75,0.9,2.1,2.54,0.06
CNOO_CCHHH_CH_CNHH_CNHH_CNOO,-791.149307,2.54,3.76,4.07,1.76,2.54,2.58,-0.98
CNOO_CCHHH_CSiHHH_CNHH_CNHH_CNOO,-1081.826795,2.54,3.73,4.08,1.77,2.5,2.58,-1
CNOO_CCHHH_CCHHH_CNHH_CNHH_CNOO,-830.453072,2.84,3.67,3.99,1.95,2.65,2.75,-1.05
CNOO_CCHHH_CSH_CNHH_CNHH_CNOO,-1189.333963,2.02,3.59,3.8,1.09,2.46,2.58,-0.17
CNOO_CCHHH_COCHHH_CNHH_CNHH_CNOO,-905.656546,2.24,3.77,3.92,1.32,2.55,2.6,-0.41
CNOO_CCHHH_COH_CNHH_CNHH_CNOO,-866.370044,2.15,3.79,3.9,1.18,2.61,2.68,-0.2
CNOO_CCHHH_CNHH_CNHH_CNHH_CNOO,-846.518666,2.11,3.68,3.74,0.96,2.54,2.78,0.19
CNOO_CCHHH_CNMeMe_CNHH_CNHH_CNOO,-925.095899,2.04,3.62,3.74,0.87,2.51,2.77,0.31
CNOO_CCHHH_CNMeMe_CNOO_CNHH_CNOO,-1074.207892,1.96,3.47,3.63,0.96,2.45,2.52,0.05
CNOO_CCHHH_CNMeMe_CCN_CNHH_CNOO,-961.971516,2.04,3.69,3.9,1.03,2.54,2.83,-0.02
CNOO_CCHHH_CNMeMe_CCFFF_CNHH_CNOO,-1206.77333,2.08,3.67,3.83,1.04,2.59,2.96,0
CNOO_CCHHH_CNMeMe_CCl_CNHH_CNOO,-1329.323811,2.06,3.63,3.73,0.93,2.5,2.65,0.19
CNOO_CCHHH_CNMeMe_CF_CNHH_CNOO,-968.96601,2.11,3.71,3.79,0.95,2.53,2.6,0.2
CNOO_CCHHH_CNMeMe_CBFF_CNHH_CNOO,-1093.809161,2.05,3.64,3.87,1.02,2.56,2.8,0.01
CNOO_CCHHH_CNMeMe_CBHH_CNHH_CNOO,-895.178352,2.33,3.65,3.73,1.57,2.53,2.6,-0.8
CNOO_CCHHH_CNMeMe_CH_CNHH_CNOO,-869.734787,2.17,3.73,3.79,1.1,2.6,2.67,-0.03
CNOO_CCHHH_CNMeMe_CSiHHH_CNHH_CNOO,-1160.410031,2.08,3.67,3.76,1,2.59,2.86,0.09
CNOO_CCHHH_CNMeMe_CCHHH_CNHH_CNOO,-909.039796,2.14,3.66,3.74,1.06,2.54,2.7,0.01
CNOO_CCHHH_CNMeMe_CSH_CNHH_CNOO,-1267.917446,1.98,3.56,3.66,0.83,2.49,2.76,0.32
CNOO_CCHHH_CNMeMe_COCHHH_CNHH_CNOO,-984.245505,2.12,3.65,3.72,1.07,2.51,2.63,-0.02
CNOO_CCHHH_CNMeMe_COH_CNHH_CNOO,-944.944711,2.71,3.72,3.8,1.96,2.61,2.72,-1.21
CNOO_CCHHH_CNMeMe_CNMeMe_CNHH_CNOO,-1003.685269,2.14,3.65,3.7,1.13,2.54,2.72,-0.12
CCN_CCHHH_CNMeMe_CSH_CNHH_CNOO,-1155.672271,2.16,3.7,4.01,1.11,2.52,3.2,-0.06
CCFFF_CCHHH_CNMeMe_CSH_CNHH_CNOO,-1400.479996,2.26,3.76,4.08,1.25,2.56,3.23,-0.25
CCl_CCHHH_CNMeMe_CSH_CNHH_CNOO,-1523.030452,2.4,3.74,4.08,1.44,2.58,3.23,-0.48
CF_CCHHH_CNMeMe_CSH_CNHH_CNOO,-1162.672748,2.52,3.79,4.11,1.56,2.62,3.22,-0.6
CBFF_CCHHH_CNMeMe_CSH_CNHH_CNOO,-1287.510699,2.11,3.55,3.86,0.96,2.5,3.11,0.18
CBHH_CCHHH_CNMeMe_CSH_CNHH_CNOO,-1088.861809,2.45,3.81,4.1,1.54,2.61,3.22,-0.64
CH_CCHHH_CNMeMe_CSH_CNHH_CNOO,-1063.436097,2.51,3.79,4.09,1.56,2.61,3.23,-0.62
CCHHH_CCHHH_CNMeMe_CSH_CNHH_CNOO,-1102.739481,2.49,3.72,4.06,1.55,2.63,3.22,-0.61
CSH_CCHHH_CNMeMe_CSH_CNHH_CNOO,-1461.61937,2.44,3.65,4,1.47,2.6,3.21,-0.51
COCHHH_CCHHH_CNMeMe_CSH_CNHH_CNOO,-1177.94149,2.52,3.75,4.07,1.59,2.61,3.19,-0.67
COH_CCHHH_CNMeMe_CSH_CNHH_CNOO,-1138.660734,3.1,3.9,4.18,2.11,2.87,3.16,-1.12
CNHH_CCHHH_CNMeMe_CSH_CNHH_CNOO,-1118.796343,3.08,3.91,4.15,2.09,2.8,3.2,-1.1
CSiHHH_CCHHH_CNMeMe_CSH_CNHH_CNOO,-1354.108891,2.35,3.7,4.01,1.38,2.57,3.21,-0.42
CNMeMe_CCHHH_CNMeMe_CSH_CNHH_CNOO,-1197.374598,2.77,3.62,4,1.85,2.61,3.11,-0.94
CNOO_CCHHH_CBHH_CBHH_CH_CBFF,-750.872258,2.38,3.41,3.86,1.63,2.21,2.82,-0.87
CCN_CCHHH_CBHH_CBHH_CH_CBFF,-638.623025,2.37,4.04,4.2,1.55,2.28,3.81,-0.73
CCFFF_CCHHH_CBHH_CBHH_CH_CBFF,-883.427786,2.57,4.24,4.47,1.69,2.53,3.86,-0.8
CCl_CCHHH_CBHH_CBHH_CH_CBFF,-1005.983651,3.28,4.44,4.61,2.22,2.78,3.89,-1.16
CF_CCHHH_CBHH_CBHH_CH_CBFF,-645.629483,2.64,4.26,4.44,1.81,2.27,3.85,-0.98
CBFF_CCHHH_CBHH_CBHH_CH_CBFF,-770.454682,2.59,3.87,4.51,1.71,2.49,3.62,-0.83
CBHH_CCHHH_CBHH_CBHH_CH_CBFF,-571.81215,2.69,3.81,4.17,1.84,2.33,3.57,-0.99
CH_CCHHH_CBHH_CBHH_CH_CBFF,-546.386666,2.68,4.17,4.52,1.78,2.48,3.85,-0.88
CCHHH_CCHHH_CBHH_CBHH_CH_CBFF,-585.689063,2.86,4.1,4.35,1.97,2.42,3.79,-1.08
CSH_CCHHH_CBHH_CBHH_CH_CBFF,-944.573252,2.7,3.44,4.55,1.91,1.95,3.72,-1.11
COCHHH_CCHHH_CBHH_CBHH_CH_CBFF,-660.902741,2.6,3.68,4.35,1.82,1.95,3.73,-1.04
COH_CCHHH_CBHH_CBHH_CH_CBFF,-621.616223,2.81,3.87,4.57,2.01,2.08,3.81,-1.22
CNHH_CCHHH_CBHH_CBHH_CH_CBFF,-601.74296,3.38,4.54,4.73,2.28,2.86,3.89,-1.18
CSiHHH_CCHHH_CBHH_CBHH_CH_CBFF,-837.057336,3.13,4.24,4.52,2.12,2.66,3.98,-1.1
CNMeMe_CCHHH_CBHH_CBHH_CH_CBFF,-680.339141,3.35,4.33,4.66,2.26,2.83,3.86,-1.17
COH_CBFF_CBHH_CNOO_CCN_COH,-928.826824,2.63,3.84,3.9,1.61,2.36,2.61,-0.6
COH_CBFF_CBHH_CCN_CCN_COH,-816.574877,3.31,4.05,4.82,1.94,2.41,4.63,-0.57
COH_CBFF_CBHH_CCFFF_CCN_COH,-1061.387606,3.49,4.19,4.83,2.06,2.49,4.65,-0.63
COH_CBFF_CBHH_CCl_CCN_COH,-1183.94755,3.6,4.07,4.63,2.13,2.55,4.48,-0.66
COH_CBFF_CBHH_CF_CCN_COH,-823.601307,3.22,4.12,4.96,2,2.49,4.22,-0.79
COH_CBFF_CBHH_CBFF_CCN_COH,-948.412814,3.63,4.19,4.67,2.14,2.57,4.5,-0.64
COH_CBFF_CBHH_CBHH_CCN_COH,-749.778197,3.24,4.01,4.6,1.97,2.52,4.14,-0.71
COH_CBFF_CBHH_CH_CCN_COH,-724.356028,3.13,4.09,4.93,1.9,2.42,4.19,-0.66
COH_CBFF_CBHH_CSiHHH_CCN_COH,-1015.020409,3.55,4.07,4.65,2.05,2.55,4.51,-0.54
COH_CBFF_CBHH_CCHHH_CCN_COH,-763.665389,3.42,4.27,5.19,2.16,2.76,4.01,-0.91
COH_CBFF_CBHH_CSH_CCN_COH,-1122.540101,3.42,4.02,4.99,2.13,2.74,4.04,-0.84
COH_CBFF_CBHH_COCHHH_CCN_COH,-838.886077,3.29,3.96,5.09,2.07,2.53,4.13,-0.85
COH_CBFF_CBHH_COH_CCN_COH,-799.597146,3.47,4.07,5.12,2.19,2.69,4.17,-0.92
COH_CBFF_CBHH_CNHH_CCN_COH,-779.737513,3.48,4.01,5.07,2.24,2.73,4.1,-1
COH_CBFF_CBHH_CNMeMe_CCN_COH,-858.324934,3.49,4.03,4.94,2.39,2.91,4,-1.3
COH_CBFF_CNOO_CSiHHH_CCN_COH,-1194.079885,3.06,3.82,3.94,2.06,2.57,3.2,-1.06
COH_CBFF_CCN_CSiHHH_CCN_COH,-1081.828163,3.36,4,5.29,1.97,2.46,4.7,-0.58
COH_CBFF_CCFFF_CSiHHH_CCN_COH,-1326.635878,3.36,4.16,5.35,1.97,2.57,4.92,-0.58
COH_CBFF_CCl_CSiHHH_CCN_COH,-1449.190858,3.59,4,5.48,2.07,2.52,4.87,-0.54
COH_CBFF_CF_CSiHHH_CCN_COH,-1088.829871,3.74,4.17,5.51,2.14,2.63,4.98,-0.54
COH_CBFF_CBFF_CSiHHH_CCN_COH,-1213.665506,3.34,4.12,5.31,1.95,2.56,4.78,-0.56
COH_CBFF_CH_CSiHHH_CCN_COH,-989.59577,3.51,4.23,5.45,2.04,2.63,4.97,-0.57
COH_CBFF_CSiHHH_CSiHHH_CCN_COH,-1280.270701,3.38,4.07,5.13,1.96,2.53,4.86,-0.54
COH_CBFF_CCHHH_CSiHHH_CCN_COH,-1028.905251,3.55,4.07,5.44,2.05,2.52,4.91,-0.55
COH_CBFF_CSH_CSiHHH_CCN_COH,-1387.781417,3.62,3.66,5.43,1.94,2.45,4.5,-0.26
COH_CBFF_COCHHH_CSiHHH_CCN_COH,-1104.105159,3.75,3.83,5.43,1.98,2.5,4.74,-0.21
COH_CBFF_COH_CSiHHH_CCN_COH,-1064.823901,3.79,3.98,5.45,2.04,2.62,4.69,-0.29
COH_CBFF_CNHH_CSiHHH_CCN_COH,-1044.963019,3.68,3.95,5.05,1.92,2.66,4.47,-0.16
COH_CBFF_CNMeMe_CSiHHH_CCN_COH,-1123.541216,3.42,3.85,4.92,1.73,2.59,4.23,-0.05
COH_CBFF_CNMeMe_CSiHHH_CCN_CNOO,-1252.791625,2.99,3.74,4.14,1.65,2.65,2.73,-0.3
COH_CBFF_CNMeMe_CSiHHH_CCN_CCN,-1140.552057,3.07,3.96,4.9,1.64,2.68,3.93,-0.21
COH_CBFF_CNMeMe_CSiHHH_CCN_CCFFF,-1385.359155,3.14,4.14,4.97,1.7,2.85,3.98,-0.26
COH_CBFF_CNMeMe_CSiHHH_CCN_CCl,-1507.910634,3.29,3.9,5.1,1.75,2.64,4.1,-0.21
COH_CBFF_CNMeMe_CSiHHH_CCN_CF,-1147.549936,3.39,4.03,5.06,1.77,2.7,4.27,-0.14
COH_CBFF_CNMeMe_CSiHHH_CCN_CBFF,-1272.389193,3.04,4.06,4.68,1.66,2.8,3.79,-0.29
COH_CBFF_CNMeMe_CSiHHH_CCN_CBHH,-1073.747341,2.87,3.86,4.3,1.61,2.66,3.42,-0.35
COH_CBFF_CNMeMe_CSiHHH_CCN_CH,-1048.317068,3.29,4.12,5.02,1.76,2.81,4.23,-0.24
COH_CBFF_CNMeMe_CSiHHH_CCN_CSiHHH,-1338.990281,3.23,4.05,4.97,1.75,2.8,4.03,-0.26
COH_CBFF_CNMeMe_CSiHHH_CCN_CCHHH,-1087.623343,3.36,3.99,4.98,1.81,2.72,4.14,-0.27
COH_CBFF_CNMeMe_CSiHHH_CCN_CSH,-1446.500522,3.32,3.6,5.02,1.72,2.47,4.1,-0.11
COH_CBFF_CNMeMe_CSiHHH_CCN_COCHHH,-1162.823187,3.36,3.97,4.98,1.78,2.69,4.2,-0.2
COH_CBFF_CNMeMe_CSiHHH_CCN_CNHH,-1103.673799,3.48,3.55,4.98,1.84,2.41,4.17,-0.21
COH_CBFF_CNMeMe_CSiHHH_CCN_CNMeMe,-1182.250718,3.39,3.67,5.01,1.94,2.43,4.32,-0.49
CNOO_CBFF_CNMeMe_CSiHHH_CCN_COH,-1252.792703,2.73,3.72,3.79,1.68,2.28,2.66,-0.63
CCN_CBFF_CNMeMe_CSiHHH_CCN_COH,-1140.549708,2.81,3.99,5.14,1.76,2.31,4.29,-0.71
CCFFF_CBFF_CNMeMe_CSiHHH_CCN_COH,-1385.357898,3.02,4.18,5.29,1.92,2.48,4.49,-0.82
CCl_CBFF_CNMeMe_CSiHHH_CCN_COH,-1507.911298,3.2,4.09,5.21,2.04,2.44,4.52,-0.88
CF_CBFF_CNMeMe_CSiHHH_CCN_COH,-1147.548934,3.39,4.28,5.28,2.15,2.52,4.66,-0.91
CBFF_CBFF_CNMeMe_CSiHHH_CCN_COH,-1272.390413,3.04,4.01,4.7,1.82,2.43,4.13,-0.59
CBHH_CBFF_CNMeMe_CSiHHH_CCN_COH,-1073.746746,3.31,3.98,4.7,1.85,2.54,4.28,-0.39
CH_CBFF_CNMeMe_CSiHHH_CCN_COH,-1048.317004,3.26,4.15,5.18,1.89,2.54,4.33,-0.53
CCHHH_CBFF_CNMeMe_CSiHHH_CCN_COH,-1087.613337,3.32,4.03,5.15,2.04,2.47,4.49,-0.77
CSH_CBFF_CNMeMe_CSiHHH_CCN_COH,-1446.49924,3.14,3.85,4.81,2,2.43,4.21,-0.87
COCHHH_CBFF_CNMeMe_CSiHHH_CCN_COH,-1162.82733,3.07,4.2,5.14,1.96,2.47,4.58,-0.86
CNHH_CBFF_CNMeMe_CSiHHH_CCN_COH,-1103.66859,3.52,3.68,4.85,1.86,2.58,4.39,-0.2
CSiHHH_CBFF_CNMeMe_CSiHHH_CCN_COH,-1338.984706,3.12,3.9,4.48,1.87,2.44,4.11,-0.62
CNMeMe_CBFF_CNMeMe_CSiHHH_CCN_COH,-1182.281479,2.87,4.29,5.03,1.86,2.57,4.6,-0.86
COH_CBFF_CNMeMe_CSiHHH_CNOO_COH,-1235.796931,3.12,3.7,4.31,1.86,2.25,3.25,-0.6
COH_CBFF_CNMeMe_CSiHHH_CCFFF_COH,-1368.346546,3.46,4.24,5.2,2.13,2.66,4.8,-0.8
COH_CBFF_CNMeMe_CSiHHH_CCl_COH,-1490.898242,3.58,3.92,4.83,1.97,2.72,4.3,-0.35
COH_CBFF_CNMeMe_CSiHHH_CF_COH,-1130.535975,3.63,4.03,4.71,2.05,2.81,4.35,-0.47
COH_CBFF_CNMeMe_CSiHHH_CBFF_COH,-1255.379988,3.41,4.03,5.09,2.02,2.52,4.52,-0.64
COH_CBFF_CNMeMe_CSiHHH_CBHH_COH,-1056.728585,3.33,3.64,4.8,1.86,2.32,3.96,-0.39
COH_CBFF_CNMeMe_CSiHHH_CH_COH,-1031.29959,3.71,3.97,4.7,2.01,2.82,4.41,-0.3
COH_CBFF_CNMeMe_CSiHHH_CSiHHH_COH,-1321.969587,3.41,4.19,5.01,2.21,2.58,4.77,-1.02
COH_CBFF_CNMeMe_CSiHHH_CCHHH_COH,-1070.602642,3.62,3.91,4.66,2.03,2.74,4.28,-0.44
COH_CBFF_CNMeMe_CSiHHH_CSH_COH,-1429.482842,3.41,4.13,4.87,2.14,2.55,4.78,-0.88
COH_CBFF_CNMeMe_CSiHHH_COCHHH_COH,-1145.809281,3.37,4.01,4.83,2.28,2.54,4.27,-1.19
COH_CBFF_CNMeMe_CSiHHH_COH_COH,-1106.520687,3.5,3.98,4.62,2.06,2.68,4.26,-0.62
COH_CBFF_CNMeMe_CSiHHH_CNHH_COH,-1086.653329,3.6,3.9,4.65,1.98,2.69,4.33,-0.37
COH_CBFF_CNMeMe_CSiHHH_CNMeMe_COH,-1165.228625,2.91,4.29,4.59,1.97,2.52,4.52,-1.04
CNOO_CNOO_CNMeMe_CF_CCN_CH,-966.519107,2.79,3.74,3.86,1.56,2.34,2.62,-0.33
CCN_CNOO_CNMeMe_CF_CCN_CH,-854.27797,2.87,4.03,4.12,1.56,2.6,3.08,-0.25
CCFFF_CNOO_CNMeMe_CF_CCN_CH,-1099.087607,2.98,3.78,4.35,1.67,2.7,2.8,-0.36
CCl_CNOO_CNMeMe_CF_CCN_CH,-1221.646292,3.06,3.75,4.25,1.72,2.73,2.77,-0.39
CF_CNOO_CNMeMe_CF_CCN_CH,-861.295143,3.21,3.93,4.41,1.82,2.84,2.87,-0.44
CBFF_CNOO_CNMeMe_CF_CCN_CH,-986.148982,3.15,3.83,4.07,1.35,2.47,3.33,0.44
CBHH_CNOO_CNMeMe_CF_CCN_CH,-787.523405,3.02,3.88,4.02,1.4,2.48,3.3,0.22
CH_CNOO_CNMeMe_CF_CCN_CH,-762.059844,3.13,4.01,4.3,1.71,2.74,3.03,-0.3
CCHHH_CNOO_CNMeMe_CF_CCN_CH,-801.367481,3.15,3.82,4.21,1.77,2.74,2.89,-0.38
CSH_CNOO_CNMeMe_CF_CCN_CH,-1160.242669,3.16,3.77,4.02,1.7,2.66,3.29,-0.23
COCHHH_CNOO_CNMeMe_CF_CCN_CH,-876.576855,3.17,3.82,4.2,1.81,2.77,2.83,-0.45
COH_CNOO_CNMeMe_CF_CCN_CH,-837.310836,3.2,3.97,4.12,1.67,2.7,3.49,-0.13
CNHH_CNOO_CNMeMe_CF_CCN_CH,-817.438414,3.25,3.96,4.1,1.77,2.78,3.3,-0.3
CSiHHH_CNOO_CNMeMe_CF_CCN_CH,-1052.732219,3.08,4.04,4.12,1.66,2.67,3.17,-0.24
CNMeMe_CNOO_CNMeMe_CF_CCN_CH,-896.023846,3.18,3.85,4.05,1.78,2.8,3.18,-0.38
CBFF_CNOO_CNMeMe_CF_CNOO_CH,-1098.389704,3.04,3.69,3.85,1.28,2.38,2.49,0.49
CBFF_CNOO_CNMeMe_CF_CCFFF_CH,-1230.963561,3.26,3.98,4.11,1.41,2.6,3.56,0.43
CBFF_CNOO_CNMeMe_CF_CCl_CH,-1353.51534,3.37,3.87,4.19,1.59,2.6,3.37,0.2
CBFF_CNOO_CNMeMe_CF_CF_CH,-993.154849,3.5,4.03,4.25,1.69,2.7,3.48,0.12
CBFF_CNOO_CNMeMe_CF_CBFF_CH,-1117.989938,3.07,3.81,4.04,1.28,2.45,3.45,0.52
CBFF_CNOO_CNMeMe_CF_CBHH_CH,-919.345559,2.91,3.69,4,1.21,2.34,3.35,0.5
CBFF_CNOO_CNMeMe_CF_CH_CH,-893.918283,3.34,3.93,4.17,1.52,2.59,3.55,0.31
CBFF_CNOO_CNMeMe_CF_CSiHHH_CH,-1184.595293,3.28,3.87,4.13,1.49,2.57,3.51,0.3
CBFF_CNOO_CNMeMe_CF_CCHHH_CH,-933.231093,3.41,3.92,4.21,1.62,2.64,3.48,0.16
CBFF_CNOO_CNMeMe_CF_CSH_CH,-1292.109288,3.37,3.73,4.24,1.71,2.54,3.1,-0.05
CBFF_CNOO_CNMeMe_CF_COCHHH_CH,-1008.437645,3.53,4,4.31,1.77,2.79,3.34,-0.02
CBFF_CNOO_CNMeMe_CF_COH_CH,-969.152448,3.59,4.01,4.34,1.88,2.72,3.28,-0.17
CBFF_CNOO_CNMeMe_CF_CNHH_CH,-949.291285,3.58,4.01,4.4,1.92,2.8,3.08,-0.26
CBFF_CNOO_CNMeMe_CF_CNMeMe_CH,-1027.876142,3.52,3.94,4.29,1.77,2.79,2.94,-0.01
CBFF_CNOO_CNMeMe_CF_CBFF_CNOO,-1322.466352,3.22,3.76,3.97,1.42,2.47,2.85,0.38
CBFF_CNOO_CNMeMe_CF_CBFF_CCN,-1210.220271,3.05,3.75,4.02,1.27,2.35,3.27,0.52
CBFF_CNOO_CNMeMe_CF_CBFF_CCFFF,-1455.032637,3.29,4.02,4.09,1.45,2.64,3.53,0.39
CBFF_CNOO_CNMeMe_CF_CBFF_CCl,-1577.580403,3.04,3.62,4.01,1.29,2.34,3.42,0.47
CBFF_CNOO_CNMeMe_CF_CBFF_CF,-1217.222341,3.02,3.72,4.01,1.24,2.39,3.54,0.53
CBFF_CNOO_CNMeMe_CF_CBFF_CBFF,-1342.061422,3.3,4.02,4.08,1.49,2.52,3.39,0.33
CBFF_CNOO_CNMeMe_CF_CBFF_CBHH,-1143.418283,3.28,3.81,4.02,1.52,2.38,3.28,0.25
CBFF_CNOO_CNMeMe_CF_CBFF_CSiHHH,-1408.660377,3.25,3.89,4.11,1.47,2.55,3.45,0.32
CBFF_CNOO_CNMeMe_CF_CBFF_CCHHH,-1157.293385,3.03,3.67,4.02,1.3,2.38,3.45,0.44
CBFF_CNOO_CNMeMe_CF_CBFF_CSH,-1516.168854,2.82,3.38,3.98,1.19,2.06,3.35,0.43
CBFF_CNOO_CNMeMe_CF_CBFF_COCHHH,-1232.496111,3.01,3.68,4.02,1.27,2.34,3.5,0.48
CBFF_CNOO_CNMeMe_CF_CBFF_COH,-1193.217733,2.88,3.56,4,1.19,2.21,3.51,0.51
CBFF_CNOO_CNMeMe_CF_CBFF_CNHH,-1173.34632,2.7,3.32,3.96,1.21,1.92,3.48,0.28
CBFF_CNOO_CNMeMe_CF_CBFF_CNMeMe,-1251.930029,3.05,3.39,4.07,1.46,2.19,3.48,0.13
CBFF_CNOO_CNOO_CF_CBFF_CF,-1287.721955,3.39,3.66,3.8,2.13,2.17,2.47,-0.86
CBFF_CNOO_CCN_CF_CBFF_CF,-1175.488116,3.31,3.64,3.69,2.02,2.07,3.14,-0.73
CBFF_CNOO_CCFFF_CF_CBFF_CF,-1420.298262,3.28,3.73,3.85,1.98,2.2,3.17,-0.68
CBFF_CNOO_CCl_CF_CBFF_CF,-1542.85523,3.41,3.63,3.71,1.97,2.2,3.22,-0.52
CBFF_CNOO_CF_CF_CBFF_CF,-1182.490074,3.55,3.81,3.84,2.05,2.3,3.28,-0.56
CBFF_CNOO_CBFF_CF_CBFF_CF,-1307.332562,3.29,3.77,3.95,2.01,2.17,3.19,-0.72
CBFF_CNOO_CBHH_CF_CBFF_CF,-1108.703233,3.58,3.88,4.3,2.16,2.28,2.98,-0.75
CBFF_CNOO_CH_CF_CBFF_CF,-1083.263043,3.33,3.82,3.83,2.04,2.19,3.22,-0.74
CBFF_CNOO_CSiHHH_CF_CBFF_CF,-1373.94383,3.26,3.69,3.84,1.98,2.13,3.25,-0.69
CBFF_CNOO_CCHHH_CF_CBFF_CF,-1122.577368,3.39,3.7,3.85,2.02,2.14,3.33,-0.65
CBFF_CNOO_CSH_CF_CBFF_CF,-1481.454026,3.11,3.53,3.91,1.57,2.23,3.39,-0.02
CBFF_CNOO_COCHHH_CF_CBFF_CF,-1197.775007,3.41,3.7,3.81,1.68,2.35,3.32,0.05
CBFF_CNOO_COH_CF_CBFF_CF,-1158.494511,3.34,3.7,4.18,1.75,2.3,3.48,-0.16
CBFF_CNOO_CNHH_CF_CBFF_CF,-1138.639887,3.26,3.83,4.16,1.53,2.43,3.64,0.2
CF_CH_CNOO_CSH_CCFFF_CCl,-1730.695351,3.78,3.91,4.16,2.45,2.65,2.83,-1.11
CF_CH_CCN_CSH_CCFFF_CCl,-1618.453785,3.84,4.18,5.8,2.48,2.74,4.76,-1.12
CF_CH_CCFFF_CSH_CCFFF_CCl,-1863.266829,3.96,4.31,5.82,2.51,2.94,5.07,-1.06
CF_CH_CCl_CSH_CCFFF_CCl,-1985.814531,3.78,4.27,5.68,2.5,2.71,5.07,-1.22
CF_CH_CF_CSH_CCFFF_CCl,-1625.45183,3.89,4.35,5.67,2.52,2.77,5.22,-1.16
CF_CH_CBFF_CSH_CCFFF_CCl,-1750.295277,3.83,4.24,5.76,2.45,2.87,4.76,-1.07
CF_CH_CBHH_CSH_CCFFF_CCl,-1551.652193,3.76,4.15,5.36,2.43,2.77,4.32,-1.09
CF_CH_CH_CSH_CCFFF_CCl,-1526.217879,3.9,4.35,5.72,2.54,2.82,5.18,-1.18
CF_CH_CSiHHH_CSH_CCFFF_CCl,-1816.895577,3.87,4.29,5.71,2.52,2.82,5.09,-1.17
CF_CH_CCHHH_CSH_CCFFF_CCl,-1565.528249,3.83,4.34,5.65,2.55,2.73,5.2,-1.28
CF_CH_CSH_CSH_CCFFF_CCl,-1924.401735,3.45,4.27,5.04,2.28,2.68,4.86,-1.1
CF_CH_COCHHH_CSH_CCFFF_CCl,-1640.724327,3.82,4.34,5.41,2.51,2.74,5.17,-1.21
CF_CH_COH_CSH_CCFFF_CCl,-1601.438955,3.68,4.35,5.36,2.34,2.76,5.16,-1
CF_CH_CNHH_CSH_CCFFF_CCl,-1581.574273,3.33,4.36,5.04,2.06,2.75,4.97,-0.79
CF_CH_CNMeMe_CSH_CCFFF_CCl,-1660.161936,3.41,4.31,5.24,2.21,2.75,4.64,-1.02
CF_CNOO_CNHH_CSH_CCFFF_CCl,-1786.060791,3.4,3.93,4.17,1.89,2.72,3.01,-0.39
CF_CCN_CNHH_CSH_CCFFF_CCl,-1673.815768,3.29,4.18,5.29,1.91,2.71,4.74,-0.54
CF_CCFFF_CNHH_CSH_CCFFF_CCl,-1918.62429,3.47,4.29,5.35,2.03,2.85,4.91,-0.6
CF_CCl_CNHH_CSH_CCFFF_CCl,-2041.168678,3.15,4.29,4.97,2.02,2.65,4.86,-0.89
CF_CF_CNHH_CSH_CCFFF_CCl,-1680.803704,3.18,4.4,4.89,2.1,2.66,4.79,-1.01
CF_CBFF_CNHH_CSH_CCFFF_CCl,-1805.6573,3.4,4.19,5.24,1.9,2.83,4.63,-0.41
CF_CBHH_CNHH_CSH_CCFFF_CCl,-1607.014142,3.27,4.04,4.74,1.77,2.7,3.99,-0.27
CF_CSiHHH_CNHH_CSH_CCFFF_CCl,-1872.253665,3.29,4.3,5.09,2.01,2.76,4.94,-0.73
CF_CCHHH_CNHH_CSH_CCFFF_CCl,-1620.88004,3.19,4.37,4.86,2.09,2.69,4.81,-0.98
CF_CSH_CNHH_CSH_CCFFF_CCl,-1979.757223,3.24,4.19,4.53,2.02,2.71,4.36,-0.79
CF_COCHHH_CNHH_CSH_CCFFF_CCl,-1696.07698,3.1,4.36,4.85,2.04,2.65,4.78,-0.99
CF_COH_CNHH_CSH_CCFFF_CCl,-1656.792796,2.79,4.44,4.58,1.85,2.65,4.52,-0.9
CF_CNHH_CNHH_CSH_CCFFF_CCl,-1636.928133,2.98,4.59,4.74,2,2.98,4.69,-1.03
CF_CNMeMe_CNHH_CSH_CCFFF_CCl,-1715.511896,3.17,3.8,4.33,2.04,2.69,3.76,-0.9
CF_CBHH_CNHH_CNOO_CCFFF_CCl,-1413.301023,3.05,3.82,4.28,1.81,2.45,2.63,-0.56
CF_CBHH_CNHH_CCN_CCFFF_CCl,-1301.060157,3.18,4.31,4.84,1.81,2.68,3.89,-0.43
CF_CBHH_CNHH_CCFFF_CCFFF_CCl,-1545.867546,3.25,4.42,4.93,1.89,2.7,3.99,-0.53
CF_CBHH_CNHH_CCl_CCFFF_CCl,-1668.427766,3.39,4.33,4.9,1.9,2.79,4.04,-0.41
CF_CBHH_CNHH_CF_CCFFF_CCl,-1308.078627,3.55,4.51,5,1.99,2.9,4.13,-0.43
CF_CBHH_CNHH_CBFF_CCFFF_CCl,-1432.89918,3.33,4.38,4.89,1.88,2.72,4.03,-0.43
CF_CBHH_CNHH_CBHH_CCFFF_CCl,-1234.258984,3.42,4.26,4.54,1.89,2.76,4.03,-0.36
CF_CBHH_CNHH_CH_CCFFF_CCl,-1208.836428,3.52,4.49,5,1.99,2.86,4.12,-0.45
CF_CBHH_CNHH_CSiHHH_CCFFF_CCl,-1499.502846,3.34,4.3,4.87,1.87,2.72,4.03,-0.4
CF_CBHH_CNHH_CCHHH_CCFFF_CCl,-1248.144948,3.43,4.33,4.91,1.9,2.79,4.09,-0.38
CF_CBHH_CNHH_COCHHH_CCFFF_CCl,-1323.357055,3.5,4.28,4.85,1.91,2.83,4.07,-0.33
CF_CBHH_CNHH_COH_CCFFF_CCl,-1284.070019,3.45,4.28,4.9,1.88,2.82,4.15,-0.3
CF_CBHH_CNHH_CNHH_CCFFF_CCl,-1264.204054,3.38,4.12,4.76,1.84,2.77,4.09,-0.29
CF_CBHH_CNHH_CNMeMe_CCFFF_CCl,-1342.791939,3.3,3.95,4.45,1.85,2.69,3.91,-0.41
CNOO_CBFF_CBHH_CBHH_CH_CSH,-1109.754643,1.97,3.41,3.59,0.81,2,2.98,0.35
CCN_CBFF_CBHH_CBHH_CH_CSH,-997.50152,2.3,3.85,4.33,1.36,2.28,3.87,-0.42
CCFFF_CBFF_CBHH_CBHH_CH_CSH,-1242.311396,2.38,4.05,4.45,1.49,2.43,4.03,-0.6
CCl_CBFF_CBHH_CBHH_CH_CSH,-1364.865248,2.33,3.78,4.37,1.41,2.24,3.91,-0.49
CF_CBFF_CBHH_CBHH_CH_CSH,-1004.50533,2.42,3.93,4.66,1.45,2.28,3.99,-0.47
CBFF_CBFF_CBHH_CBHH_CH_CSH,-1129.336061,2.33,3.81,4.1,1.43,2.34,3.7,-0.52
CBHH_CBFF_CBHH_CBHH_CH_CSH,-930.6872,2.27,3.59,3.82,1.34,2.29,3.38,-0.4
CH_CBFF_CBHH_CBHH_CH_CSH,-905.263904,2.42,3.95,4.19,1.54,2.24,3.91,-0.65
CCHHH_CBFF_CBHH_CBHH_CH_CSH,-944.566388,2.4,3.89,4.28,1.51,2.29,3.92,-0.62
CSH_CBFF_CBHH_CBHH_CH_CSH,-1303.448892,2.88,4.23,4.54,1.97,2.61,4.04,-1.07
COCHHH_CBFF_CBHH_CBHH_CH_CSH,-1019.78254,2.2,3.52,4.33,1.11,2.09,3.74,-0.02
COH_CBFF_CBHH_CBHH_CH_CSH,-980.49392,3.15,3.77,4.16,1.91,2.38,3.99,-0.67
CNHH_CBFF_CBHH_CBHH_CH_CSH,-960.620931,2.75,4.1,4.31,1.87,2.42,4.05,-1
CSiHHH_CBFF_CBHH_CBHH_CH_CSH,-1195.933804,2.41,3.52,4.04,1.54,2.31,3.44,-0.66
CNMeMe_CBFF_CBHH_CBHH_CH_CSH,-1039.214855,2.8,4.03,4.13,1.96,2.43,3.8,-1.13
CNOO_CBFF_CNOO_CBHH_CH_CSH,-1288.808177,2.24,3.65,3.71,1.34,2.33,2.58,-0.44
CNOO_CBFF_CCN_CBHH_CH_CSH,-1176.557095,2.3,3.59,3.75,1.4,2.16,2.8,-0.5
CNOO_CBFF_CCFFF_CBHH_CH_CSH,-1421.372352,2.38,3.74,3.79,1.43,2.38,2.86,-0.48
CNOO_CBFF_CCl_CBHH_CH_CSH,-1543.924034,2.33,3.54,3.79,1.57,2.04,2.87,-0.81
CNOO_CBFF_CF_CBHH_CH_CSH,-1183.563384,2.51,3.62,3.82,1.71,2.12,2.87,-0.91
CNOO_CBFF_CBFF_CBHH_CH_CSH,-1308.399849,2.27,3.7,3.7,1.3,2.3,2.84,-0.33
CNOO_CBFF_CH_CBHH_CH_CSH,-1084.324309,2.41,3.63,3.83,1.51,2.26,2.88,-0.61
CNOO_CBFF_CSiHHH_CBHH_CH_CSH,-1374.999805,2.3,3.64,3.73,1.42,2.22,2.9,-0.55
CNOO_CBFF_CCHHH_CBHH_CH_CSH,-1123.637234,2.4,3.58,3.8,1.61,2.13,2.9,-0.81
CNOO_CBFF_CSH_CBHH_CH_CSH,-1482.514976,2.36,3.33,3.72,1.71,1.75,2.85,-1.06
CNOO_CBFF_COCHHH_CBHH_CH_CSH,-1198.836779,2.46,3.43,3.74,1.71,1.87,2.89,-0.95
CNOO_CBFF_COH_CBHH_CH_CSH,-1159.561849,2.61,3.51,3.76,1.81,2,2.91,-1.01
CNOO_CBFF_CNHH_CBHH_CH_CSH,-1139.700411,2.63,3.67,3.76,1.53,2.48,2.98,-0.44
CNOO_CBFF_CNMeMe_CBHH_CH_CSH,-1218.291695,1.85,3.24,4.05,0.43,1.93,3.53,0.99
CNOO_CBFF_CNMeMe_CBHH_CNOO_CSH,-1422.795179,2.11,2.95,3.44,0.99,1.66,2.45,0.12
CNOO_CBFF_CNMeMe_CBHH_CCN_CSH,-1310.530276,1.92,3.42,3.78,0.85,2.04,2.89,0.22
CNOO_CBFF_CNMeMe_CBHH_CCFFF_CSH,-1555.337433,1.84,3.18,3.98,-0.22,1.88,3.43,2.27
CNOO_CBFF_CNMeMe_CBHH_CCl_CSH,-1677.882798,1.91,3.3,4.01,0.22,2,3.45,1.46
CNOO_CBFF_CNMeMe_CBHH_CF_CSH,-1317.528617,1.83,3.24,4.09,0.54,1.95,3.56,0.76
CNOO_CBFF_CNMeMe_CBHH_CBFF_CSH,-1442.370051,1.83,3.15,3.93,-0.12,1.78,3.39,2.07
CNOO_CBFF_CNMeMe_CBHH_CBHH_CSH,-1243.727775,1.78,3.08,3.86,0.21,1.62,3.32,1.37
CNOO_CBFF_CNMeMe_CBHH_CSiHHH_CSH,-1508.969702,1.85,3.22,3.99,0.5,1.9,3.52,0.85
CNOO_CBFF_CNMeMe_CBHH_CCHHH_CSH,-1257.605941,1.91,3.29,4.08,0.66,2.06,3.55,0.59
CNOO_CBFF_CNMeMe_CBHH_CSH_CSH,-1616.477785,2.08,3.37,3.76,0.64,2.11,3.28,0.79
CNOO_CBFF_CNMeMe_CBHH_COCHHH_CSH,-1332.793027,2.72,3.69,3.74,1.87,2.41,2.55,-1.02
CNOO_CBFF_CNMeMe_CBHH_COH_CSH,-1293.524219,2.14,3.81,3.93,1.18,2.42,2.77,-0.22
CNOO_CBFF_CNMeMe_CBHH_CNHH_CSH,-1273.674832,2.22,3.67,4.07,1.27,2.22,3.65,-0.32
CNOO_CBFF_CNMeMe_CBHH_CNMeMe_CSH,-1352.261538,2.23,3.52,3.89,1.36,2,3.56,-0.49
CNOO_CNOO_CNMeMe_CBHH_CCFFF_CSH,-1535.722627,2.52,3.27,3.65,1.36,2.04,2.72,-0.19
CNOO_CCN_CNMeMe_CBHH_CCFFF_CSH,-1423.485679,2.39,3.39,3.59,1.34,2.08,2.82,-0.29
CNOO_CCFFF_CNMeMe_CBHH_CCFFF_CSH,-1668.29292,2.52,3.34,3.69,1.4,2.09,2.83,-0.29
CNOO_CCl_CNMeMe_CBHH_CCFFF_CSH,-1790.836182,2.13,3.35,3.5,1.34,1.89,2.78,-0.54
CNOO_CF_CNMeMe_CBHH_CCFFF_CSH,-1430.475627,2.2,3.4,3.57,1.54,1.88,2.8,-0.87
CNOO_CBHH_CNMeMe_CBHH_CCFFF_CSH,-1356.69243,1.33,2.96,3.49,0.85,1.43,2.73,-0.37
CNOO_CH_CNMeMe_CBHH_CCFFF_CSH,-1331.252797,2.33,3.38,3.69,1.44,1.96,2.89,-0.55
CNOO_CSiHHH_CNMeMe_CBHH_CCFFF_CSH,-1621.925347,2.22,3.32,3.69,1.23,2,2.89,-0.24
CNOO_CCHHH_CNMeMe_CBHH_CCFFF_CSH,-1370.55041,2.12,3.32,3.62,1.39,1.86,2.85,-0.65
CNOO_CSH_CNMeMe_CBHH_CCFFF_CSH,-1729.427333,2.21,3.12,3.32,1.32,1.92,2.72,-0.42
CNOO_COCHHH_CNMeMe_CBHH_CCFFF_CSH,-1445.749435,2.14,3.31,3.45,1.52,1.88,2.81,-0.91
CNOO_COH_CNMeMe_CBHH_CCFFF_CSH,-1406.468903,1.59,3.12,3.58,1.11,1.67,2.82,-0.63
CNOO_CNHH_CNMeMe_CBHH_CCFFF_CSH,-1386.599321,1.6,3,3.42,0.84,1.96,2.88,-0.07
CNOO_CNMeMe_CNMeMe_CBHH_CCFFF_CSH,-1465.179248,1.64,2.83,3.24,1.16,1.76,2.5,-0.69
CNOO_CBFF_CNMeMe_CBHH_CCFFF_CNOO,-1361.62082,1.91,3.53,3.82,-0.49,2.42,2.62,2.89
CNOO_CBFF_CNMeMe_CBHH_CCFFF_CCN,-1249.383437,1.88,3.47,3.8,-0.4,2.29,3.31,2.69
CNOO_CBFF_CNMeMe_CBHH_CCFFF_CCFFF,-1494.190374,1.9,3.56,3.84,-0.41,2.44,3.33,2.72
CNOO_CBFF_CNMeMe_CBHH_CCFFF_CCl,-1616.744396,1.95,3.47,3.91,-0.32,2.25,3.41,2.59
CNOO_CBFF_CNMeMe_CBHH_CCFFF_CF,-1256.386554,2,3.6,3.97,-0.35,2.33,3.45,2.71
CNOO_CBFF_CNMeMe_CBHH_CCFFF_CBFF,-1381.224853,1.98,3.63,3.9,-0.2,2.48,3.44,2.38
CNOO_CBFF_CNMeMe_CBHH_CCFFF_CBHH,-1182.582033,2.11,3.78,3.95,0.93,2.59,2.93,0.26
CNOO_CBFF_CNMeMe_CBHH_CCFFF_CH,-1157.157208,2.02,3.69,3.96,0.2,2.5,3.49,1.63
CNOO_CBFF_CNMeMe_CBHH_CCFFF_CSiHHH,-1447.828991,1.99,3.58,3.94,0.31,2.41,3.46,1.38
CNOO_CBFF_CNMeMe_CBHH_CCFFF_CCHHH,-1196.460994,1.99,3.56,3.98,0.17,2.33,3.5,1.64
CNOO_CBFF_CNMeMe_CBHH_CCFFF_COCHHH,-1271.667941,1.96,3.41,4.07,0.28,2.07,3.54,1.41
CNOO_CBFF_CNMeMe_CBHH_CCFFF_COH,-1232.385016,1.98,3.48,4.07,0.23,2.14,3.54,1.52
CNOO_CBFF_CNMeMe_CBHH_CCFFF_CNHH,-1212.516136,1.76,3.27,4.1,0.43,1.7,3.51,0.91
CNOO_CBFF_CNMeMe_CBHH_CCFFF_CNMeMe,-1291.100425,1.76,3.09,4.04,0.4,1.65,3.46,0.96
CNOO_CBFF_CNMeMe_CNOO_CCFFF_CNOO,-1540.646418,2,3.72,3.75,0.65,2.53,2.59,0.7
CNOO_CBFF_CNMeMe_CCN_CCFFF_CNOO,-1428.410892,1.99,3.81,3.88,0.53,2.62,2.66,0.93
CNOO_CBFF_CNMeMe_CCFFF_CCFFF_CNOO,-1673.218459,1.94,3.78,3.85,0.42,2.53,2.59,1.1
CNOO_CBFF_CNMeMe_CCl_CCFFF_CNOO,-1795.770428,1.89,3.71,3.74,-0.45,2.56,2.65,2.78
CNOO_CBFF_CNMeMe_CF_CCFFF_CNOO,-1435.411265,1.93,3.73,3.81,-0.57,2.61,2.64,3.06
CNOO_CBFF_CNMeMe_CBFF_CCFFF_CNOO,-1560.254737,1.99,3.74,3.9,0.14,2.62,2.67,1.7
CNOO_CBFF_CNMeMe_CH_CCFFF_CNOO,-1336.18829,1.99,3.73,3.8,0.13,2.63,2.67,1.74
CNOO_CBFF_CNMeMe_CSiHHH_CCFFF_CNOO,-1626.861158,1.87,3.71,3.72,-0.19,2.52,2.62,2.25
CNOO_CBFF_CNMeMe_CCHHH_CCFFF_CNOO,-1375.49445,1.87,3.63,3.75,-0.44,2.55,2.64,2.75
CNOO_CBFF_CNMeMe_CSH_CCFFF_CNOO,-1734.363779,1.89,3.2,3.7,-0.33,2.45,2.64,2.55
CNOO_CBFF_CNMeMe_COCHHH_CCFFF_CNOO,-1450.694613,1.9,3.67,3.76,-0.51,2.56,2.66,2.91
CNOO_CBFF_CNMeMe_COH_CCFFF_CNOO,-1411.408572,1.82,3.52,3.67,-0.88,2.41,2.64,3.58
CNOO_CBFF_CNMeMe_CNHH_CCFFF_CNOO,-1391.540547,1.7,3.22,3.4,-0.77,2.25,2.64,3.25
CNOO_CBFF_CNMeMe_CNMeMe_CCFFF_CNOO,-1470.132786,1.96,2.73,3.69,0.21,2.62,2.66,1.54
COH_CNOO_CCl_CBHH_CNOO_CCFFF,-1538.450257,3.43,3.69,3.82,2.26,2.68,2.79,-1.09
COH_CNOO_CCl_CBHH_CCN_CCFFF,-1426.177593,3.85,3.88,4.05,2.46,2.91,3.09,-1.08
COH_CNOO_CCl_CBHH_CCFFF_CCFFF,-1670.983436,3.81,3.95,4.12,2.53,2.92,3.18,-1.25
COH_CNOO_CCl_CBHH_CCl_CCFFF,-1793.544548,3.91,4.05,4.15,2.57,3.02,3.23,-1.22
COH_CNOO_CCl_CBHH_CF_CCFFF,-1433.176232,3.91,4.02,4.23,2.47,3.05,3.23,-1.02
COH_CNOO_CCl_CBHH_CBFF_CCFFF,-1558.015342,3.72,3.77,4.07,2.47,2.81,3.1,-1.21
COH_CNOO_CCl_CBHH_CBHH_CCFFF,-1359.408407,3.12,3.65,4.59,1.89,2.5,2.93,-0.67
COH_CNOO_CCl_CBHH_CH_CCFFF,-1333.939883,3.69,3.83,3.88,2.18,2.78,3.08,-0.67
COH_CNOO_CCl_CBHH_CSiHHH_CCFFF,-1624.634164,3.87,3.9,4.07,2.56,2.95,3.16,-1.25
COH_CNOO_CCl_CBHH_CCHHH_CCFFF,-1373.248623,3.86,3.93,4.03,2.41,2.95,3.2,-0.96
COH_CNOO_CCl_CBHH_CSH_CCFFF,-1732.153949,3.91,4.05,4.15,2.68,3.01,3.22,-1.44
COH_CNOO_CCl_CBHH_COCHHH_CCFFF,-1448.474438,3.95,4.12,4.24,2.64,3.03,3.34,-1.34
COH_CNOO_CCl_CBHH_COH_CCFFF,-1409.183451,3.96,4.14,4.3,2.64,3.02,3.38,-1.31
COH_CNOO_CCl_CBHH_CNHH_CCFFF,-1389.344902,3.95,4.19,4.26,2.77,3.02,3.34,-1.58
COH_CNOO_CCl_CBHH_CNMeMe_CCFFF,-1467.940078,3.94,4.14,4.21,2.73,3.04,3.32,-1.52
CNOO_COCHHH_CNMeMe_CBFF_CF_CNOO,-1212.858038,2.08,3.83,3.87,0.91,2.67,2.69,0.26
CCN_COCHHH_CNMeMe_CBFF_CF_CNOO,-1100.615982,1.99,3.8,3.91,0.74,2.6,2.7,0.5
CCFFF_COCHHH_CNMeMe_CBFF_CF_CNOO,-1345.4229,2.16,3.87,3.93,1.07,2.68,2.75,0.02
CCl_COCHHH_CNMeMe_CBFF_CF_CNOO,-1467.975401,2.19,3.78,3.91,1.09,2.66,2.7,0.01
CF_COCHHH_CNMeMe_CBFF_CF_CNOO,-1107.612812,2.22,3.78,3.91,1.1,2.66,2.69,0.02
CBFF_COCHHH_CNMeMe_CBFF_CF_CNOO,-1232.455465,2.17,3.88,3.91,1.11,2.69,2.71,-0.05
CBHH_COCHHH_CNMeMe_CBFF_CF_CNOO,-1033.816238,2.86,3.86,4.05,1.98,2.62,2.7,-1.1
CH_COCHHH_CNMeMe_CBFF_CF_CNOO,-1008.380422,2.21,3.84,3.92,1.15,2.69,2.72,-0.1
CCHHH_COCHHH_CNMeMe_CBFF_CF_CNOO,-1047.685809,2.33,3.84,3.91,1.32,2.7,2.75,-0.31
CSH_COCHHH_CNMeMe_CBFF_CF_CNOO,-1406.569989,2.29,3.61,3.9,1.17,2.5,2.72,-0.06
COCHHH_COCHHH_CNMeMe_CBFF_CF_CNOO,-1122.884776,2.5,3.75,3.95,1.57,2.71,2.75,-0.65
COH_COCHHH_CNMeMe_CBFF_CF_CNOO,-1083.610337,2.49,3.82,3.93,1.4,2.64,2.72,-0.3
CNHH_COCHHH_CNMeMe_CBFF_CF_CNOO,-1063.749423,2.81,3.57,3.96,2.11,2.28,2.79,-1.4
CSiHHH_COCHHH_CNMeMe_CBFF_CF_CNOO,-1299.057198,2.24,3.87,3.91,1.23,2.69,2.75,-0.23
CNMeMe_COCHHH_CNMeMe_CBFF_CF_CNOO,-1142.332935,2.84,3.85,3.95,1.9,2.75,2.82,-0.96
CCN_COCHHH_CNOO_CBFF_CF_CNOO,-1171.137059,2.63,3.9,3.95,1.77,2.49,2.64,-0.92
CCN_COCHHH_CCN_CBFF_CF_CNOO,-1058.900228,2.44,3.83,4.18,1.62,2.45,2.72,-0.79
CCN_COCHHH_CCFFF_CBFF_CF_CNOO,-1303.707332,2.59,3.91,4.3,1.73,2.51,2.77,-0.87
CCN_COCHHH_CCl_CBFF_CF_CNOO,-1426.255918,2.34,3.88,4.25,1.57,2.51,2.67,-0.8
CCN_COCHHH_CF_CBFF_CF_CNOO,-1065.892558,2.36,3.87,4.24,1.55,2.49,2.74,-0.74
CCN_COCHHH_CBFF_CBFF_CF_CNOO,-1190.745859,2.38,3.89,4.4,1.56,2.57,2.78,-0.74
CCN_COCHHH_CBHH_CBFF_CF_CNOO,-992.111191,1.58,3.54,3.77,0.88,2.45,2.68,-0.19
CCN_COCHHH_CH_CBFF_CF_CNOO,-966.671372,2.42,3.83,4.24,1.6,2.5,2.8,-0.78
CCN_COCHHH_CSiHHH_CBFF_CF_CNOO,-1257.346279,2.36,3.86,4.27,1.57,2.56,2.75,-0.78
CCN_COCHHH_CCHHH_CBFF_CF_CNOO,-1005.973705,2.34,3.86,4.25,1.57,2.56,2.7,-0.79
CCN_COCHHH_CSH_CBFF_CF_CNOO,-1364.852904,2.11,3.86,4.02,1.22,2.51,2.55,-0.33
CCN_COCHHH_COCHHH_CBFF_CF_CNOO,-1081.170767,2.29,3.85,4.22,1.51,2.54,2.7,-0.74
CCN_COCHHH_COH_CBFF_CF_CNOO,-1041.886254,2.32,3.88,4.23,1.36,2.52,2.64,-0.4
CCN_COCHHH_CNHH_CBFF_CF_CNOO,-1022.033378,1.96,3.91,3.94,0.8,2.61,2.7,0.36
CCN_CNOO_CNMeMe_CBFF_CF_CNOO,-1190.589348,2.65,3.84,4.1,1.52,2.65,2.68,-0.4
CCN_CCN_CNMeMe_CBFF_CF_CNOO,-1078.351125,2.34,3.88,4.05,1.24,2.64,2.66,-0.14
CCN_CCFFF_CNMeMe_CBFF_CF_CNOO,-1323.157278,2.52,3.87,4.11,1.32,2.67,2.67,-0.13
CCN_CCl_CNMeMe_CBFF_CF_CNOO,-1445.703496,2.07,3.83,3.93,0.92,2.58,2.68,0.23
CCN_CF_CNMeMe_CBFF_CF_CNOO,-1085.339297,2.05,3.84,3.93,0.75,2.61,2.69,0.55
CCN_CBFF_CNMeMe_CBFF_CF_CNOO,-1210.191555,2.56,3.86,4.12,1.46,2.66,2.68,-0.36
CCN_CBHH_CNMeMe_CBFF_CF_CNOO,-1011.552907,2.57,3.86,4.08,1.51,2.66,2.7,-0.45
CCN_CH_CNMeMe_CBFF_CF_CNOO,-986.117017,2.28,3.88,4,1.06,2.65,2.67,0.15
CCN_CSiHHH_CNMeMe_CBFF_CF_CNOO,-1276.790468,2.26,3.86,4,1.14,2.64,2.69,-0.02
CCN_CCHHH_CNMeMe_CBFF_CF_CNOO,-1025.417442,2.07,3.83,3.91,0.9,2.58,2.7,0.28
CCN_CSH_CNMeMe_CBFF_CF_CNOO,-1384.295192,2.18,3.38,3.88,1.11,2.56,2.68,-0.05
CCN_COH_CNMeMe_CBFF_CF_CNOO,-1061.330426,1.72,3.65,3.91,0.34,2.54,2.72,1.03
CCN_CNHH_CNMeMe_CBFF_CF_CNOO,-1041.463207,2.12,3.82,3.86,0.89,2.63,2.7,0.33
CCN_CNMeMe_CNMeMe_CBFF_CF_CNOO,-1120.050165,2.13,2.52,3.85,0.97,2.38,2.66,0.18
CCN_COH_CNMeMe_CBFF_CF_CCN,-949.091015,1.71,3.96,4.63,0.36,2.46,3.89,0.98
CCN_COH_CNMeMe_CBFF_CF_CCFFF,-1193.899936,1.81,4.18,4.65,0.49,2.7,3.93,0.83
CCN_COH_CNMeMe_CBFF_CF_CCl,-1316.449117,1.85,4,4.56,0.79,2.42,4.03,0.26
CCN_COH_CNMeMe_CBFF_CF_CF,-956.084966,1.91,4.15,4.5,0.91,2.47,4.16,0.1
CCN_COH_CNMeMe_CBFF_CF_CBFF,-1080.934127,1.72,4,4.5,0.31,2.61,3.81,1.1
CCN_COH_CNMeMe_CBFF_CF_CBHH,-882.294037,1.66,3.62,4.15,0.17,2.41,3.28,1.31
CCN_COH_CNMeMe_CBFF_CF_CH,-856.856149,1.84,4.2,4.48,0.66,2.66,4.14,0.53
CCN_COH_CNMeMe_CBFF_CF_CSiHHH,-1147.534503,1.82,4.1,4.43,0.6,2.64,4.03,0.61
CCN_COH_CNMeMe_CBFF_CF_CCHHH,-896.163877,1.85,4.1,4.43,0.82,2.53,4.09,0.22
CCN_COH_CNMeMe_CBFF_CF_CSH,-1255.040381,1.79,3.72,4.51,0.85,2.19,4.08,0.1
CCN_COH_CNMeMe_CBFF_CF_COCHHH,-971.36027,1.85,4.06,4.48,0.93,2.42,4.13,-0.01
CCN_COH_CNMeMe_CBFF_CF_COH,-932.077559,1.85,3.97,4.35,1,2.26,4.17,-0.14
CCN_COH_CNMeMe_CBFF_CF_CNHH,-912.216713,1.92,3.84,4.49,1.14,2.35,4.08,-0.36
CCN_COH_CNMeMe_CBFF_CF_CNMeMe,-990.80252,1.78,3.63,4.43,1.04,2.09,4.14,-0.3
CH_CCHHH_CCFFF_CNHH_CH_CNOO,-868.358355,3.75,3.93,4.35,2.64,2.68,2.85,-1.52
CH_CCHHH_CCFFF_CNHH_CH_CCN,-756.112756,3.75,4.39,5.29,2.53,2.81,4.68,-1.31
CH_CCHHH_CCFFF_CNHH_CH_CCFFF,-1000.925042,3.91,4.56,5.35,2.73,2.88,5.06,-1.55
CH_CCHHH_CCFFF_CNHH_CH_CCl,-1123.471009,3.88,4.53,5.01,2.56,2.99,4.97,-1.24
CH_CCHHH_CCFFF_CNHH_CH_CF,-763.108589,3.86,4.56,4.99,2.5,2.99,4.95,-1.14
CH_CCHHH_CCFFF_CNHH_CH_CBFF,-887.952269,3.77,4.45,5.3,2.67,2.77,4.53,-1.58
CH_CCHHH_CCFFF_CNHH_CH_CBHH,-689.306915,3.63,4.28,5.22,2.55,2.65,4.09,-1.46
CH_CCHHH_CCFFF_CNHH_CH_CH,-663.872852,3.78,4.54,5.07,2.62,2.8,5.02,-1.45
CH_CCHHH_CCFFF_CNHH_CH_CSiHHH,-954.550584,3.76,4.47,5.1,2.62,2.78,5.05,-1.49
CH_CCHHH_CCFFF_CNHH_CH_CCHHH,-703.180207,3.78,4.51,4.88,2.54,2.87,4.84,-1.31
CH_CCHHH_CCFFF_CNHH_CH_CSH,-1062.055853,3.56,4.37,4.53,2.28,2.93,4.5,-1
CH_CCHHH_CCFFF_CNHH_CH_COCHHH,-778.378924,3.82,4.52,4.84,2.48,2.98,4.81,-1.15
CH_CCHHH_CCFFF_CNHH_CH_COH,-739.09333,3.86,4.58,4.61,2.42,3.09,4.59,-0.98
CH_CCHHH_CCFFF_CNHH_CH_CNHH,-719.227687,3.58,4.34,4.52,2.19,3.07,4.33,-0.81
CH_CCHHH_CCFFF_CNHH_CH_CNMeMe,-797.814997,3.58,4.38,4.43,2.26,3.03,4.39,-0.93
CNOO_CCHHH_CCFFF_CNHH_CH_CNHH,-923.704409,2.52,3.58,3.93,1.33,2.52,2.61,-0.14
CCN_CCHHH_CCFFF_CNHH_CH_CNHH,-811.459365,2.93,4.12,4.59,1.6,2.71,4.58,-0.27
CCFFF_CCHHH_CCFFF_CNHH_CH_CNHH,-1056.26761,3.11,4.28,4.56,1.79,2.77,4.55,-0.46
CCl_CCHHH_CCFFF_CNHH_CH_CNHH,-1178.823465,3.36,4.42,4.49,2.05,2.97,4.49,-0.75
CF_CCHHH_CCFFF_CNHH_CH_CNHH,-818.470342,3.6,4.38,4.68,2.26,3.17,4.39,-0.93
CBFF_CCHHH_CCFFF_CNHH_CH_CNHH,-943.293039,2.74,3.74,4.52,1.35,2.51,4.52,0.03
CBHH_CCHHH_CCFFF_CNHH_CH_CNHH,-744.647098,3.37,4.65,4.96,2.18,3.2,4.64,-0.99
CCHHH_CCHHH_CCFFF_CNHH_CH_CNHH,-758.533062,3.46,4.28,4.34,2.12,3,4.29,-0.78
CSH_CCHHH_CCFFF_CNHH_CH_CNHH,-1117.409203,3.28,4.25,4.33,2.04,2.95,4.31,-0.8
COCHHH_CCHHH_CCFFF_CNHH_CH_CNHH,-833.740753,3.56,4.14,4.56,2.26,3.17,4.14,-0.96
COH_CCHHH_CCFFF_CNHH_CH_CNHH,-794.459939,3.67,4.3,4.56,2.4,3.23,4.31,-1.12
CNHH_CCHHH_CCFFF_CNHH_CH_CNHH,-774.589445,3.56,4.15,4.5,2.35,3.21,4.16,-1.13
CSiHHH_CCHHH_CCFFF_CNHH_CH_CNHH,-1009.895182,3.26,4.17,4.32,1.9,2.84,4.33,-0.54
CNMeMe_CCHHH_CCFFF_CNHH_CH_CNHH,-853.177508,3.54,3.91,4.34,2.41,3.26,3.91,-1.29
CBFF_CCHHH_CCFFF_CNOO_CH_CNHH,-1092.421404,2.53,3.85,4.33,1.43,2.77,2.99,-0.32
CBFF_CCHHH_CCFFF_CCN_CH_CNHH,-980.173389,2.41,4.35,5.25,1.3,2.74,4.48,-0.18
CBFF_CCHHH_CCFFF_CCFFF_CH_CNHH,-1224.981372,2.84,4.99,5.22,1.73,3.1,4.96,-0.63
CBFF_CCHHH_CCFFF_CCl_CH_CNHH,-1347.53289,2.68,4.35,5.07,1.55,2.79,4.69,-0.42
CBFF_CCHHH_CCFFF_CF_CH_CNHH,-987.171435,2.67,4.57,5,1.48,2.8,4.82,-0.29
CBFF_CCHHH_CCFFF_CBFF_CH_CNHH,-1112.010073,2.63,4.8,5.14,1.56,3.03,4.82,-0.49
CBFF_CCHHH_CCFFF_CBHH_CH_CNHH,-913.363693,2.46,4.43,4.53,1.4,2.88,4.19,-0.35
CBFF_CCHHH_CCFFF_CH_CH_CNHH,-887.934355,2.71,4.8,5.03,1.62,2.98,4.84,-0.52
CBFF_CCHHH_CCFFF_CSiHHH_CH_CNHH,-1178.609113,2.95,4.85,4.99,1.84,3.1,4.72,-0.73
CBFF_CCHHH_CCFFF_CCHHH_CH_CNHH,-927.238702,2.76,4.48,4.92,1.63,2.83,4.77,-0.49
CBFF_CCHHH_CCFFF_CSH_CH_CNHH,-1286.118443,3.01,4.13,4.77,1.79,2.83,4.58,-0.58
CBFF_CCHHH_CCFFF_COCHHH_CH_CNHH,-1002.440467,3.05,4.36,4.79,1.84,2.85,4.61,-0.63
CBFF_CCHHH_CCFFF_COH_CH_CNHH,-963.156246,2.9,4.23,4.79,1.62,2.75,4.75,-0.34
CBFF_CCHHH_CCFFF_CNMeMe_CH_CNHH,-1021.877807,3.08,3.96,4.36,1.81,2.83,4.34,-0.54
CBFF_CNOO_CCFFF_CNHH_CH_CNHH,-1108.503391,2.61,3.58,3.86,0.88,2.1,3.42,0.85
CBFF_CCN_CCFFF_CNHH_CH_CNHH,-996.224047,2.9,3.88,4.75,1.53,2.54,4.49,-0.16
CBFF_CCFFF_CCFFF_CNHH_CH_CNHH,-1241.033214,3.14,4.06,4.7,1.73,2.7,4.66,-0.32
CBFF_CCl_CCFFF_CNHH_CH_CNHH,-1363.582259,3.38,4.41,4.47,2.01,2.99,4.43,-0.65
CBFF_CF_CCFFF_CNHH_CH_CNHH,-1003.223001,2.94,3.97,4.62,1.51,2.73,4.61,-0.08
CBFF_CBFF_CCFFF_CNHH_CH_CNHH,-1128.06581,2.97,3.86,4.72,1.48,2.61,4.7,0.01
CBFF_CBHH_CCFFF_CNHH_CH_CNHH,-929.420946,2.92,3.88,4.61,1.52,2.63,4.57,-0.11
CBFF_CH_CCFFF_CNHH_CH_CNHH,-903.994539,3.04,3.92,4.63,1.54,2.67,4.62,-0.05
CBFF_CSiHHH_CCFFF_CNHH_CH_CNHH,-1194.66352,2.87,3.75,4.62,1.46,2.55,4.59,-0.05
CBFF_CSH_CCFFF_CNHH_CH_CNHH,-1302.178726,3.57,4.41,4.65,2.22,3.11,4.58,-0.87
CBFF_COCHHH_CCFFF_CNHH_CH_CNHH,-1018.508552,3.72,4.55,4.66,2.34,3.37,4.53,-0.95
CBFF_COH_CCFFF_CNHH_CH_CNHH,-979.21598,3.53,4.34,4.63,2.13,3.29,4.31,-0.74
CBFF_CNHH_CCFFF_CNHH_CH_CNHH,-959.373854,3.88,4.6,4.64,2.46,3.39,4.57,-1.05
CBFF_CNMeMe_CCFFF_CNHH_CH_CNHH,-1037.969905,3.84,4.59,4.62,2.45,3.36,4.56,-1.06
CBFF_CNOO_CCFFF_CNHH_CNOO_CNHH,-1313.000314,2.32,3.49,3.76,1.02,2.15,2.96,0.28
CBFF_CNOO_CCFFF_CNHH_CCN_CNHH,-1200.747769,2.51,3.46,3.8,1.02,2.07,3.32,0.46
CBFF_CNOO_CCFFF_CNHH_CCFFF_CNHH,-1445.555103,2.49,3.57,3.8,1.02,2.1,3.32,0.45
CBFF_CNOO_CCFFF_CNHH_CCl_CNHH,-1568.106724,2.68,3.52,3.89,0.9,2.11,3.44,0.89
CBFF_CNOO_CCFFF_CNHH_CF_CNHH,-1207.741709,2.77,3.64,3.93,0.86,2.17,3.5,1.04
CBFF_CNOO_CCFFF_CNHH_CBFF_CNHH,-1332.589472,2.33,3.48,3.76,0.9,2.09,3.28,0.54
CBFF_CNOO_CCFFF_CNHH_CBHH_CNHH,-1133.918954,2.04,3.74,3.83,0.35,2.16,3.06,1.33
CBFF_CNOO_CCFFF_CNHH_CSiHHH_CNHH,-1399.180302,2.55,3.49,3.81,0.91,2.07,3.36,0.73
CBFF_CNOO_CCFFF_CNHH_CCHHH_CNHH,-1147.813541,2.7,3.55,3.9,0.85,2.11,3.47,1
CBFF_CNOO_CCFFF_CNHH_CSH_CNHH,-1506.696108,2.65,3.42,3.87,0.97,2.09,3.42,0.7
CBFF_CNOO_CCFFF_CNHH_COCHHH_CNHH,-1223.019063,2.83,3.57,3.95,0.91,2.19,3.52,1.01
CBFF_CNOO_CCFFF_CNHH_COH_CNHH,-1183.735092,3.35,3.67,3.99,1.23,2.54,3.54,0.89
CBFF_CNOO_CCFFF_CNHH_CNHH_CNHH,-1163.863388,3,3.58,4.03,0.76,2.38,3.5,1.47
CBFF_CNOO_CCFFF_CNHH_CNMeMe_CNHH,-1242.450219,2.78,3.25,3.93,0.74,2.11,3.49,1.3
CCHHH_CNOO_CNMeMe_CNHH_CBFF_CCHHH,-928.637297,3.06,3.47,3.93,2.03,2.52,2.73,-1
CCHHH_CCN_CNMeMe_CNHH_CBFF_CCHHH,-816.398762,3.28,3.94,4.79,1.99,2.58,4.32,-0.69
CCHHH_CCFFF_CNMeMe_CNHH_CBFF_CCHHH,-1061.200066,3.37,3.97,4.63,2.01,2.67,4.17,-0.65
CCHHH_CCl_CNMeMe_CNHH_CBFF_CCHHH,-1183.748943,3.52,4.04,4.52,2.37,2.6,4.26,-1.21
CCHHH_CF_CNMeMe_CNHH_CBFF_CCHHH,-823.391578,3.51,4.19,4.75,2.41,2.59,4.69,-1.32
CCHHH_CBFF_CNMeMe_CNHH_CBFF_CCHHH,-948.227189,3.47,4.11,4.73,2.13,2.71,4.69,-0.8
CCHHH_CBHH_CNMeMe_CNHH_CBFF_CCHHH,-749.582442,2.98,3.62,4.42,1.65,2.4,3.8,-0.32
CCHHH_CH_CNMeMe_CNHH_CBFF_CCHHH,-724.155097,3.45,4.13,4.58,2.15,2.69,4.58,-0.86
CCHHH_CSiHHH_CNMeMe_CNHH_CBFF_CCHHH,-1014.823758,3.34,3.94,4.63,2.08,2.6,4.24,-0.82
CCHHH_CCHHH_CNMeMe_CNHH_CBFF_CCHHH,-763.452372,3.52,4.05,4.56,2.34,2.59,4.31,-1.15
CCHHH_CSH_CNMeMe_CNHH_CBFF_CCHHH,-1122.330902,3.46,3.93,4.36,2.22,2.63,4.09,-0.97
CCHHH_COCHHH_CNMeMe_CNHH_CBFF_CCHHH,-838.660263,3.44,4.09,4.65,2.34,2.55,4.59,-1.25
CCHHH_COH_CNMeMe_CNHH_CBFF_CCHHH,-799.369387,3.52,4.2,4.3,2.37,2.68,4.21,-1.22
CCHHH_CNHH_CNMeMe_CNHH_CBFF_CCHHH,-779.502957,3.44,4.22,4.4,2.28,2.81,4.38,-1.13
CCHHH_CNMeMe_CNMeMe_CNHH_CBFF_CCHHH,-858.085116,3.47,3.8,4.48,2.36,2.57,4.06,-1.26
CCHHH_CBHH_CNMeMe_CNOO_CBFF_CCHHH,-898.726679,2.34,3.53,3.8,1.45,2.15,3.29,-0.55
CCHHH_CBHH_CNMeMe_CCN_CBFF_CCHHH,-786.457247,3.11,4.1,4.6,1.87,2.69,3.66,-0.63
CCHHH_CBHH_CNMeMe_CCFFF_CBFF_CCHHH,-1031.263954,3.2,4.31,4.73,2.01,2.75,3.8,-0.82
CCHHH_CBHH_CNMeMe_CCl_CBFF_CCHHH,-1153.820119,3.34,4.18,4.66,1.99,2.79,3.82,-0.65
CCHHH_CBHH_CNMeMe_CF_CBFF_CCHHH,-793.463306,3.48,4.27,4.73,2.02,2.86,3.89,-0.56
CCHHH_CBHH_CNMeMe_CBFF_CBFF_CCHHH,-918.289772,3.01,4.03,4.59,1.88,2.58,3.62,-0.76
CCHHH_CBHH_CNMeMe_CBHH_CBFF_CCHHH,-719.643925,3.16,3.8,4.62,1.76,2.47,3.91,-0.37
CCHHH_CBHH_CNMeMe_CH_CBFF_CCHHH,-694.220384,3.26,3.97,4.78,1.87,2.55,3.94,-0.47
CCHHH_CBHH_CNMeMe_CSiHHH_CBFF_CCHHH,-984.884006,3.13,3.91,4.7,1.88,2.58,3.81,-0.62
CCHHH_CBHH_CNMeMe_CCHHH_CBFF_CCHHH,-733.521981,3.25,3.97,4.62,1.86,2.62,3.86,-0.48
CCHHH_CBHH_CNMeMe_CSH_CBFF_CCHHH,-1092.404755,3.28,4.24,4.7,2.1,2.77,3.77,-0.92
CCHHH_CBHH_CNMeMe_COCHHH_CBFF_CCHHH,-808.738612,3.47,4.22,4.63,2.09,2.83,3.75,-0.72
CCHHH_CBHH_CNMeMe_COH_CBFF_CCHHH,-769.451881,3.11,3.74,4.57,1.74,2.42,3.87,-0.36
CCHHH_CBHH_CNMeMe_CNMeMe_CBFF_CCHHH,-828.163565,2.75,3.56,3.89,1.64,2.44,3.4,-0.53
CCHHH_CBHH_CNMeMe_CNHH_CNOO_CCHHH,-729.994059,3.27,3.8,3.96,2.27,2.4,3.19,-1.27
CCHHH_CBHH_CNMeMe_CNHH_CCN_CCHHH,-617.754202,3.09,3.74,4.47,1.69,2.52,3.81,-0.28
CCHHH_CBHH_CNMeMe_CNHH_CCFFF_CCHHH,-862.557174,3.26,3.83,4.46,1.81,2.67,3.88,-0.37
CCHHH_CBHH_CNMeMe_CNHH_CCl_CCHHH,-985.108914,3.4,3.82,4.45,1.93,2.73,3.81,-0.46
CCHHH_CBHH_CNMeMe_CNHH_CF_CCHHH,-624.750109,3.48,3.95,4.36,1.96,2.86,3.77,-0.45
CCHHH_CBHH_CNMeMe_CNHH_CBHH_CCHHH,-550.964202,3.42,4.31,4.68,2.39,2.85,3.66,-1.35
CCHHH_CBHH_CNMeMe_CNHH_CH_CCHHH,-525.504683,3.34,3.84,4.32,1.83,2.71,3.8,-0.32
CCHHH_CBHH_CNMeMe_CNHH_CSiHHH_CCHHH,-816.178417,3.27,3.75,4.4,1.82,2.62,3.79,-0.36
CCHHH_CBHH_CNMeMe_CNHH_CCHHH_CCHHH,-564.810452,3.47,3.82,4.36,1.98,2.72,3.79,-0.5
CCHHH_CBHH_CNMeMe_CNHH_CSH_CCHHH,-923.692662,3.29,3.8,4.34,1.88,2.68,3.68,-0.46
CCHHH_CBHH_CNMeMe_CNHH_COCHHH_CCHHH,-640.019029,3.43,3.81,4.3,1.99,2.79,3.69,-0.55
CCHHH_CBHH_CNMeMe_CNHH_COH_CCHHH,-600.736042,3.53,3.89,4.19,2.07,2.86,3.71,-0.6
CCHHH_CBHH_CNMeMe_CNHH_CNHH_CCHHH,-580.865214,3.37,3.95,4.19,2.08,2.8,3.48,-0.79
CCHHH_CBHH_CNMeMe_CNHH_CNMeMe_CCHHH,-659.448542,3.32,3.73,4.29,1.93,2.69,3.68,-0.53
CCHHH_CBHH_CNOO_CNHH_CCN_CCHHH,-688.335671,3.78,4.06,4.21,2.54,2.71,3.28,-1.3
CCHHH_CBHH_CCN_CNHH_CCN_CCHHH,-576.056015,3.55,3.65,5.1,2.21,2.39,4.53,-0.87
CCHHH_CBHH_CCFFF_CNHH_CCN_CCHHH,-820.862819,3.92,4.31,4.34,2.6,2.99,4.24,-1.28
CCHHH_CBHH_CCl_CNHH_CCN_CCHHH,-943.414609,3.47,3.67,5.11,2.08,2.42,4.47,-0.68
CCHHH_CBHH_CF_CNHH_CCN_CCHHH,-583.054002,3.56,3.8,5.23,2.08,2.49,4.52,-0.59
CCHHH_CBHH_CBFF_CNHH_CCN_CCHHH,-707.889202,3.82,4.23,4.31,2.55,2.99,4.2,-1.28
CCHHH_CBHH_CBHH_CNHH_CCN_CCHHH,-509.243528,3.36,3.63,4.82,2.14,2.35,4.05,-0.93
CCHHH_CBHH_CH_CNHH_CCN_CCHHH,-483.813114,3.58,3.77,5.24,2.21,2.4,4.69,-0.84
CCHHH_CBHH_CSiHHH_CNHH_CCN_CCHHH,-774.48746,3.48,3.61,5.06,2.17,2.31,4.51,-0.86
CCHHH_CBHH_CCHHH_CNHH_CCN_CCHHH,-523.120454,3.52,3.68,5.13,2.1,2.39,4.48,-0.68
CCHHH_CBHH_CSH_CNHH_CCN_CCHHH,-882.000509,3.13,3.63,4.67,1.8,2.4,4.07,-0.47
CCHHH_CBHH_COCHHH_CNHH_CCN_CCHHH,-598.322179,3.52,3.72,4.92,2.06,2.43,4.45,-0.61
CCHHH_CBHH_COH_CNHH_CCN_CCHHH,-559.044308,3.29,3.78,4.85,1.79,2.48,4.12,-0.29
CCHHH_CBHH_CNHH_CNHH_CCN_CCHHH,-539.174142,3.11,3.78,4.57,1.62,2.51,3.9,-0.13
CNOO_CBHH_CNHH_CNHH_CCN_CCHHH,-704.346979,1.43,3.06,3.87,0.64,1.73,2.54,0.16
CCN_CBHH_CNHH_CNHH_CCN_CCHHH,-592.094421,2.98,3.76,4.39,1.44,2.42,3.67,0.1
CCFFF_CBHH_CNHH_CNHH_CCN_CCHHH,-836.905756,3.13,3.87,4.56,1.59,2.48,3.82,-0.06
CCl_CBHH_CNHH_CNHH_CCN_CCHHH,-959.461206,3.18,3.86,4.64,1.69,2.55,3.94,-0.2
CF_CBHH_CNHH_CNHH_CCN_CCHHH,-599.110369,3.27,4.02,4.75,1.79,2.63,4.05,-0.3
CBFF_CBHH_CNHH_CNHH_CCN_CCHHH,-723.933294,3.08,3.78,4.23,1.5,2.46,3.63,0.07
CBHH_CBHH_CNHH_CNHH_CCN_CCHHH,-525.284554,3.28,4.3,4.74,1.88,2.7,3.97,-0.48
CH_CBHH_CNHH_CNHH_CCN_CCHHH,-499.869382,3.21,3.99,4.38,1.68,2.55,3.76,-0.14
CSH_CBHH_CNHH_CNHH_CCN_CCHHH,-898.041668,2.89,4.17,4.33,1.92,2.54,4.12,-0.95
COCHHH_CBHH_CNHH_CNHH_CCN_CCHHH,-614.367675,3.15,4.46,4.51,2.12,2.7,4.43,-1.09
COH_CBHH_CNHH_CNHH_CCN_CCHHH,-575.108308,3.12,3.91,4.64,1.74,2.62,3.97,-0.36
CNHH_CBHH_CNHH_CNHH_CCN_CCHHH,-555.225831,2.95,4.07,4.53,2,2.65,4.07,-1.04
CSiHHH_CBHH_CNHH_CNHH_CCN_CCHHH,-790.53561,3.05,3.73,4.41,1.51,2.45,3.74,0.03
CNMeMe_CBHH_CNHH_CNHH_CCN_CCHHH,-633.820193,3.13,3.82,4.32,1.89,2.65,3.85,-0.65
CNOO_CBHH_CNHH_CNHH_CCN_CNOO,-869.513854,1.06,3.03,3.08,0.05,1.7,2.31,0.96
CNOO_CBHH_CNHH_CNHH_CCN_CCN,-757.268559,1.23,3.05,3.48,0.37,1.66,2.38,0.5
CNOO_CBHH_CNHH_CNHH_CCN_CCFFF,-1002.080149,1.32,3.16,3.67,0.45,1.83,2.42,0.42
CNOO_CBHH_CNHH_CNHH_CCN_CCl,-1124.628538,2.92,3.56,3.77,1.53,2.35,2.6,-0.14
CNOO_CBHH_CNHH_CNHH_CCN_CF,-764.272319,1.52,3.07,3.9,0.81,1.68,2.51,-0.09
CNOO_CBHH_CNHH_CNHH_CCN_CBFF,-889.109054,1.15,3.1,3.28,-0.39,1.78,2.42,1.93
CNOO_CBHH_CNHH_CNHH_CCN_CBHH,-690.465203,1.1,2.93,3.06,-0.54,1.69,2.45,2.17
CNOO_CBHH_CNHH_CNHH_CCN_CH,-665.032451,1.31,3.11,3.79,0.48,1.77,2.47,0.34
CNOO_CBHH_CNHH_CNHH_CCN_CSiHHH,-955.709714,1.35,3.08,3.71,0.4,1.79,2.49,0.55
CNOO_CBHH_CNHH_CNHH_CCN_CSH,-1063.226703,1.47,2.81,3.89,0.81,1.43,2.53,-0.14
CNOO_CBHH_CNHH_CNHH_CCN_COCHHH,-779.548487,1.72,2.77,3.9,1.11,1.29,2.6,-0.49
CNOO_CBHH_CNHH_CNHH_CCN_COH,-740.268083,1.57,2.98,3.91,0.81,1.61,2.61,-0.06
CNOO_CBHH_CNHH_CNHH_CCN_CNHH,-720.40935,2.08,2.8,3.95,0.98,1.68,2.74,0.11
CNOO_CBHH_CNHH_CNHH_CCN_CNMeMe,-798.99532,1.83,2.63,3.93,0.81,1.43,2.74,0.21
CSH_CCFFF_CBFF_CNOO_CSH_CCHHH,-1833.415133,2.9,3.64,3.89,2.11,2.23,2.59,-1.31
CSH_CCFFF_CBFF_CCN_CSH_CCHHH,-1721.172991,2.73,3.68,4.02,1.98,2.13,3.63,-1.24
CSH_CCFFF_CBFF_CCFFF_CSH_CCHHH,-1965.979391,2.95,3.68,3.98,2.06,2.18,3.7,-1.17
CSH_CCFFF_CBFF_CCl_CSH_CCHHH,-2088.537159,3.1,3.89,4.24,2.23,2.35,3.92,-1.36
CSH_CCFFF_CBFF_CF_CSH_CCHHH,-1728.184372,3.18,4.22,4.82,2.28,2.6,4.35,-1.38
CSH_CCFFF_CBFF_CBFF_CSH_CCHHH,-1853.024288,3.58,3.97,5.12,2.26,2.68,4.76,-0.95
CSH_CCFFF_CBFF_CBHH_CSH_CCHHH,-1654.404076,3.64,4,5.29,2.37,2.8,4.57,-1.1
CSH_CCFFF_CBFF_CH_CSH_CCHHH,-1628.952531,3.49,4.08,4.27,2.34,2.57,4.18,-1.18
CSH_CCFFF_CBFF_CSiHHH_CSH_CCHHH,-1919.618355,3.21,3.67,4.08,2.02,2.4,3.99,-0.84
CSH_CCFFF_CBFF_CCHHH_CSH_CCHHH,-1668.251997,3.28,3.83,4.32,2.23,2.43,4.1,-1.17
CSH_CCFFF_CBFF_CSH_CSH_CCHHH,-2027.127319,3.21,3.57,3.91,2.08,2.45,3.52,-0.94
CSH_CCFFF_CBFF_COCHHH_CSH_CCHHH,-1743.462584,3.18,3.92,4.6,2.34,2.41,4.26,-1.51
CSH_CCFFF_CBFF_COH_CSH_CCHHH,-1704.182186,3.7,4.02,4.89,2.49,2.77,4.6,-1.28
CSH_CCFFF_CBFF_CNHH_CSH_CCHHH,-1684.316556,3.58,3.82,4.84,2.43,2.72,4.44,-1.29
CSH_CCFFF_CBFF_CNMeMe_CSH_CCHHH,-1762.908749,3.3,3.58,4.64,2.52,2.9,4.2,-1.74
CSH_CCFFF_CBFF_CSiHHH_CSH_CNOO,-2084.797429,2.93,3.6,4.02,1.94,2.33,2.82,-0.95
CSH_CCFFF_CBFF_CSiHHH_CSH_CCN,-1972.547509,2.82,3.61,5.12,1.96,2.23,4.11,-1.1
CSH_CCFFF_CBFF_CSiHHH_CSH_CCFFF,-2217.359964,3.02,3.72,4.83,2.09,2.33,4.32,-1.16
CSH_CCFFF_CBFF_CSiHHH_CSH_CCl,-2339.907534,2.99,3.7,4.77,2.08,2.27,4.36,-1.17
CSH_CCFFF_CBFF_CSiHHH_CSH_CF,-1979.54484,3.2,3.71,4.06,1.97,2.46,3.96,-0.74
CSH_CCFFF_CBFF_CSiHHH_CSH_CBFF,-2104.389466,2.91,3.68,5.06,1.93,2.38,4.14,-0.96
CSH_CCFFF_CBFF_CSiHHH_CSH_CBHH,-1905.744514,2.79,3.61,4.6,1.83,2.3,3.67,-0.86
CSH_CCFFF_CBFF_CSiHHH_CSH_CH,-1880.308505,3.25,3.61,3.83,2.06,2.32,3.78,-0.88
CSH_CCFFF_CBFF_CSiHHH_CSH_CSiHHH,-2170.984504,3.34,3.72,4,2.15,2.43,3.91,-0.96
CSH_CCFFF_CBFF_CSiHHH_CSH_CSH,-2278.495825,2.88,3.66,4.19,1.74,2.43,4.1,-0.61
CSH_CCFFF_CBFF_CSiHHH_CSH_COCHHH,-1994.819053,2.83,3.74,4.33,1.75,2.4,4.11,-0.67
CSH_CCFFF_CBFF_CSiHHH_CSH_COH,-1955.53792,3.18,3.86,4.5,1.89,2.6,4.42,-0.6
CSH_CCFFF_CBFF_CSiHHH_CSH_CNHH,-1935.669658,2.81,3.79,4.28,1.6,2.56,4.22,-0.4
CSH_CCFFF_CBFF_CSiHHH_CSH_CNMeMe,-2014.252427,2.67,3.77,4.13,1.47,2.58,4.07,-0.27
CNOO_CCFFF_CBFF_CSiHHH_CSH_CNMeMe,-1820.545747,2.74,3.89,4.09,1.6,2.88,2.92,-0.46
CCN_CCFFF_CBFF_CSiHHH_CSH_CNMeMe,-1708.305749,2.57,3.88,4.31,1.42,2.74,3.86,-0.26
CCFFF_CCFFF_CBFF_CSiHHH_CSH_CNMeMe,-1953.103651,2.65,3.95,4.42,1.52,2.78,3.92,-0.38
CCl_CCFFF_CBFF_CSiHHH_CSH_CNMeMe,-2075.665226,2.76,4.09,4.38,1.59,2.8,4.11,-0.42
CF_CCFFF_CBFF_CSiHHH_CSH_CNMeMe,-1715.307338,2.95,4.33,4.65,1.71,2.92,4.33,-0.47
CBFF_CCFFF_CBFF_CSiHHH_CSH_CNMeMe,-1840.139383,2.79,4.02,4.59,1.65,2.93,3.95,-0.52
CBHH_CCFFF_CBFF_CSiHHH_CSH_CNMeMe,-1641.498625,2.88,4.17,4.45,1.73,2.91,4.07,-0.57
CH_CCFFF_CBFF_CSiHHH_CSH_CNMeMe,-1616.071851,2.9,4.13,4.68,1.73,2.95,4.11,-0.57
CCHHH_CCFFF_CBFF_CSiHHH_CSH_CNMeMe,-1655.371788,2.84,4.16,4.44,1.68,2.84,4.13,-0.52
COCHHH_CCFFF_CBFF_CSiHHH_CSH_CNMeMe,-1730.57871,2.88,4.02,4.52,1.57,2.7,4.34,-0.27
COH_CCFFF_CBFF_CSiHHH_CSH_CNMeMe,-1691.294738,3.29,4.21,4.49,2.14,2.82,4.03,-0.98
CNHH_CCFFF_CBFF_CSiHHH_CSH_CNMeMe,-1671.434443,3.48,4,4.17,2.24,2.81,3.82,-1
CSiHHH_CCFFF_CBFF_CSiHHH_CSH_CNMeMe,-1906.737071,2.66,3.77,3.99,1.55,2.72,3.67,-0.43
CNMeMe_CCFFF_CBFF_CSiHHH_CSH_CNMeMe,-1750.01994,2.58,3.42,4.25,1.63,2.61,3.81,-0.67
CCN_CCFFF_CNOO_CSiHHH_CSH_CNMeMe,-1688.703735,2.54,3.77,3.93,1.37,2.65,2.7,-0.2
CCN_CCFFF_CCN_CSiHHH_CSH_CNMeMe,-1576.464291,2.42,3.69,4.09,1.32,2.51,3.68,-0.21
CCN_CCFFF_CCFFF_CSiHHH_CSH_CNMeMe,-1821.268929,2.48,3.77,4.24,1.41,2.62,3.7,-0.33
CCN_CCFFF_CCl_CSiHHH_CSH_CNMeMe,-1943.824864,2.72,3.85,4.18,1.62,2.52,3.85,-0.52
CCN_CCFFF_CF_CSiHHH_CSH_CNMeMe,-1583.468283,2.82,4.04,4.33,1.63,2.65,4.04,-0.45
CCN_CCFFF_CBHH_CSiHHH_CSH_CNMeMe,-1509.662734,2.7,4.01,4.25,1.57,2.67,4,-0.43
CCN_CCFFF_CH_CSiHHH_CSH_CNMeMe,-1484.235537,2.61,3.99,4.35,1.47,2.76,3.95,-0.33
CCN_CCFFF_CSiHHH_CSiHHH_CSH_CNMeMe,-1774.90642,2.65,3.79,4.25,1.57,2.61,3.76,-0.49
CCN_CCFFF_CCHHH_CSiHHH_CSH_CNMeMe,-1523.539529,2.8,3.87,4.28,1.76,2.55,3.85,-0.71
CCN_CCFFF_CSH_CSiHHH_CSH_CNMeMe,-1882.415393,2.8,3.66,4.04,1.92,2.2,3.73,-1.03
CCN_CCFFF_COCHHH_CSiHHH_CSH_CNMeMe,-1598.741752,2.79,3.99,4.27,1.67,2.6,4,-0.55
CCN_CCFFF_COH_CSiHHH_CSH_CNMeMe,-1559.464514,2.86,4.02,4.27,1.73,2.5,4.13,-0.6
CCN_CCFFF_CNHH_CSiHHH_CSH_CNMeMe,-1539.599076,2.97,3.79,4.3,2.04,2.3,3.98,-1.11
CCN_CCFFF_CNMeMe_CSiHHH_CSH_CNMeMe,-1618.178028,2.68,3.68,4.14,1.93,1.95,3.92,-1.18
CCFFF_CSH_CF_CNOO_CCFFF_CH,-1608.115556,3.04,3.83,4.07,2.12,2.63,2.95,-1.2
CCFFF_CSH_CF_CCN_CCFFF_CH,-1495.878481,2.82,3.59,4.73,1.96,2.62,3.4,-1.1
CCFFF_CSH_CF_CCFFF_CCFFF_CH,-1740.683666,2.9,3.71,5.01,2.01,2.8,3.5,-1.12
CCFFF_CSH_CF_CCl_CCFFF_CH,-1863.243425,3.16,3.89,4.64,2.19,2.67,3.71,-1.23
CCFFF_CSH_CF_CF_CCFFF_CH,-1502.889635,3.36,4.17,5.17,2.33,2.89,3.97,-1.3
CCFFF_CSH_CF_CBFF_CCFFF_CH,-1627.722553,3.06,3.95,5.22,2.14,2.94,3.7,-1.22
CCFFF_CSH_CF_CBHH_CCFFF_CH,-1429.084114,3.18,4.15,4.89,2.23,2.83,3.89,-1.29
CCFFF_CSH_CF_CH_CCFFF_CH,-1403.660154,3.11,4.22,5.33,2.17,3,3.94,-1.24
CCFFF_CSH_CF_CSiHHH_CCFFF_CH,-1694.322003,2.98,3.88,4.52,2.09,2.63,3.63,-1.19
CCFFF_CSH_CF_CCHHH_CCFFF_CH,-1442.962079,3.24,4.05,4.86,2.26,2.77,3.83,-1.28
CCFFF_CSH_CF_CSH_CCFFF_CH,-1801.836307,2.75,3.93,4.94,1.93,2.29,4.35,-1.11
CCFFF_CSH_CF_COCHHH_CCFFF_CH,-1518.165986,3.38,4.19,4.65,2.32,2.71,4.01,-1.26
CCFFF_CSH_CF_COH_CCFFF_CH,-1478.881726,3.38,4.28,4.73,2.35,2.68,4.08,-1.32
CCFFF_CSH_CF_CNHH_CCFFF_CH,-1459.024078,3.56,4.07,4.3,2.18,2.67,4.08,-0.8
CCFFF_CSH_CF_CNMeMe_CCFFF_CH,-1537.604176,3.21,3.48,4.06,1.8,2.55,3.96,-0.39
CCFFF_CSH_CF_CNMeMe_CNOO_CH,-1405.046026,2.77,3.29,3.92,1.92,2.03,2.91,-1.06
CCFFF_CSH_CF_CNMeMe_CCN_CH,-1292.796934,3.14,3.49,4.01,1.83,2.43,3.93,-0.51
CCFFF_CSH_CF_CNMeMe_CCl_CH,-1660.15065,2.88,3.65,4.76,1.92,2.26,4.41,-0.96
CCFFF_CSH_CF_CNMeMe_CF_CH,-1299.790234,3.23,3.81,4.33,1.96,2.57,4.23,-0.69
CCFFF_CSH_CF_CNMeMe_CBFF_CH,-1424.634453,3.15,3.45,3.97,1.72,2.44,3.87,-0.3
CCFFF_CSH_CF_CNMeMe_CBHH_CH,-1225.989471,3.06,3.42,3.91,1.68,2.28,3.82,-0.31
CCFFF_CSH_CF_CNMeMe_CH_CH,-1200.550506,3.32,3.76,4.26,2.03,2.5,4.09,-0.75
CCFFF_CSH_CF_CNMeMe_CSiHHH_CH,-1491.230852,3.14,3.72,4.14,2.19,2.92,3.67,-1.25
CCFFF_CSH_CF_CNMeMe_CCHHH_CH,-1239.857081,3.12,3.66,4.23,1.86,2.44,4.14,-0.6
CCFFF_CSH_CF_CNMeMe_CSH_CH,-1598.735068,3.17,3.51,4.1,1.8,2.5,4.02,-0.43
CCFFF_CSH_CF_CNMeMe_COCHHH_CH,-1315.066382,3.09,3.82,4.44,1.89,2.61,4.34,-0.69
CCFFF_CSH_CF_CNMeMe_COH_CH,-1275.780849,2.7,4.15,4.38,1.83,3.24,4.08,-0.95
CCFFF_CSH_CF_CNMeMe_CNHH_CH,-1255.906805,2.72,3.87,4.33,1.79,2.41,4.2,-0.87
CCFFF_CSH_CF_CNMeMe_CNMeMe_CH,-1334.495176,2.61,3.74,4.57,1.77,2.28,4.22,-0.94
CCFFF_CNOO_CF_CNMeMe_CBFF_CH,-1230.938618,3.15,3.47,3.98,2.01,2.64,2.88,-0.86
CCFFF_CCN_CF_CNMeMe_CBFF_CH,-1118.690962,3.23,3.51,5.44,1.82,2.45,4.53,-0.4
CCFFF_CCFFF_CF_CNMeMe_CBFF_CH,-1363.501843,3.24,3.59,5.47,1.8,2.63,4.57,-0.36
CCFFF_CCl_CF_CNMeMe_CBFF_CH,-1486.046438,3.03,3.46,5.42,1.82,2.29,4.59,-0.62
CCFFF_CF_CF_CNMeMe_CBFF_CH,-1125.683419,3.1,3.67,5.49,1.94,2.3,4.68,-0.78
CCFFF_CBFF_CF_CNMeMe_CBFF_CH,-1250.533752,3.25,3.6,5.24,1.74,2.59,4.39,-0.23
CCFFF_CBHH_CF_CNMeMe_CBFF_CH,-1051.88898,3.17,3.5,4.72,1.64,2.42,4.05,-0.11
CCFFF_CH_CF_CNMeMe_CBFF_CH,-1026.455648,3.32,3.83,5.57,1.88,2.52,4.69,-0.45
CCFFF_CSiHHH_CF_CNMeMe_CBFF_CH,-1317.127554,3.34,3.68,5.54,1.85,2.49,4.4,-0.36
CCFFF_CCHHH_CF_CNMeMe_CBFF_CH,-1065.759099,3.07,3.57,5.38,1.78,2.31,4.64,-0.49
CCFFF_COCHHH_CF_CNMeMe_CBFF_CH,-1140.957945,2.91,3.54,5.22,1.9,2.15,4.48,-0.89
CCFFF_COH_CF_CNMeMe_CBFF_CH,-1101.669076,2.76,3.63,5.18,1.91,1.98,4.42,-1.06
CCFFF_CNHH_CF_CNMeMe_CBFF_CH,-1081.804535,2.53,3.68,4.75,1.66,2.1,4.26,-0.78
CCFFF_CNMeMe_CF_CNMeMe_CBFF_CH,-1160.388401,2.33,3.5,4.49,1.51,2.01,3.96,-0.68
CBFF_CF_CH_CNHH_CNOO_CCFFF,-1152.35711,3.66,3.98,4.26,2.42,2.75,3,-1.17
CBFF_CF_CH_CNHH_CCN_CCFFF,-1040.109715,3.71,4.46,5.6,2.57,2.75,4.96,-1.42
CBFF_CF_CH_CNHH_CCFFF_CCFFF,-1284.917325,3.82,4.55,5.66,2.64,2.82,5.56,-1.47
CBFF_CF_CH_CNHH_CCl_CCFFF,-1407.46396,3.58,4.63,5.37,2.59,2.79,5.31,-1.6
CBFF_CF_CH_CNHH_CF_CCFFF,-1047.100672,3.73,4.75,5.28,2.72,2.85,5.2,-1.72
CBFF_CF_CH_CNHH_CBFF_CCFFF,-1171.949956,3.72,4.37,5.63,2.45,2.76,5.03,-1.18
CBFF_CF_CH_CNHH_CBHH_CCFFF,-973.305508,3.5,4.12,5.29,2.22,2.57,4.47,-0.93
CBFF_CF_CH_CNHH_CH_CCFFF,-947.866698,3.81,4.62,5.19,2.69,2.82,5.09,-1.58
CBFF_CF_CH_CNHH_CSiHHH_CCFFF,-1238.543047,3.73,4.49,5.43,2.63,2.79,5.22,-1.52
CBFF_CF_CH_CNHH_CCHHH_CCFFF,-987.173644,3.65,4.67,5.23,2.64,2.8,5.16,-1.63
CBFF_CF_CH_CNHH_CSH_CCFFF,-1346.05318,3.6,4.47,4.7,2.57,2.74,4.56,-1.55
CBFF_CF_CH_CNHH_COCHHH_CCFFF,-1062.37827,3.51,4.73,4.89,2.49,2.95,4.85,-1.47
CBFF_CF_CH_CNHH_COH_CCFFF,-1023.095318,3.61,4.77,4.99,2.6,2.96,4.94,-1.59
CBFF_CF_CH_CNHH_CNHH_CCFFF,-1003.223812,2.92,4.15,4.93,2.12,2.44,4.81,-1.33
CBFF_CF_CH_CNHH_CNMeMe_CCFFF,-1081.80121,3.66,3.88,4.59,2.63,2.77,3.85,-1.61
CBFF_CF_CH_CNOO_CBHH_CCFFF,-1122.420489,2,3.81,4.09,1.31,2.41,2.82,-0.62
CBFF_CF_CH_CCN_CBHH_CCFFF,-1010.158829,2.47,4.68,4.89,1.68,2.66,4.63,-0.88
CBFF_CF_CH_CCFFF_CBHH_CCFFF,-1254.971593,3.07,5.05,5.46,2.09,3.15,4.69,-1.11
CBFF_CF_CH_CCl_CBHH_CCFFF,-1377.526723,2.86,4.68,4.85,1.99,2.79,4.68,-1.12
CBFF_CF_CH_CF_CBHH_CCFFF,-1017.166218,3.06,4.67,4.85,1.95,2.65,4.41,-0.84
CBFF_CF_CH_CBFF_CBHH_CCFFF,-1142.001973,3.25,4.76,4.95,2.01,2.91,4.36,-0.76
CBFF_CF_CH_CBHH_CBHH_CCFFF,-943.367668,3.38,4.22,4.6,2.01,2.66,4.19,-0.65
CBFF_CF_CH_CH_CBHH_CCFFF,-917.933626,3.33,4.95,5.01,2.06,2.95,4.38,-0.78
CBFF_CF_CH_CSiHHH_CBHH_CCFFF,-1208.607384,3.17,4.27,4.72,1.97,2.81,4.02,-0.78
CBFF_CF_CH_CCHHH_CBHH_CCFFF,-957.239242,3.35,4.71,4.83,2.1,2.82,4.49,-0.85
CBFF_CF_CH_CSH_CBHH_CCFFF,-1316.125389,2.46,4.57,4.87,1.68,2.89,4.69,-0.89
CBFF_CF_CH_COCHHH_CBHH_CCFFF,-1032.449046,2.6,4.63,4.94,1.81,2.7,4.74,-1.03
CBFF_CF_CH_COH_CBHH_CCFFF,-993.166158,3.52,4.41,5.21,2.18,2.7,4.47,-0.83
CBFF_CF_CH_CNMeMe_CBHH_CCFFF,-1051.892189,3.46,3.81,5.02,2.2,2.52,4.26,-0.95
CCl_CSH_COH_CSiHHH_CNOO_CNOO,-1864.778078,2.95,3.86,3.89,1.94,2.5,2.54,-0.92
CCl_CSH_COH_CSiHHH_CNOO_CCN,-1752.5413,2.84,3.81,3.89,1.85,2.36,2.62,-0.86
CCl_CSH_COH_CSiHHH_CNOO_CCFFF,-1997.351317,3.05,3.84,4.11,1.99,2.65,2.73,-0.93
CCl_CSH_COH_CSiHHH_CNOO_CCl,-2119.90607,3.12,3.88,4.04,2.09,2.45,2.72,-1.06
CCl_CSH_COH_CSiHHH_CNOO_CF,-1759.542854,3.24,3.95,4.14,2.17,2.5,2.77,-1.11
CCl_CSH_COH_CSiHHH_CNOO_CBFF,-1884.387406,2.86,3.89,4.02,1.83,2.43,2.82,-0.81
CCl_CSH_COH_CSiHHH_CNOO_CBHH,-1685.771663,2.99,3.83,4.21,1.88,2.27,3.03,-0.77
CCl_CSH_COH_CSiHHH_CNOO_CH,-1660.313131,2.98,3.9,4.07,1.94,2.55,2.74,-0.89
CCl_CSH_COH_CSiHHH_CNOO_CSiHHH,-1950.993145,2.88,3.88,3.98,1.86,2.48,2.76,-0.83
CCl_CSH_COH_CSiHHH_CNOO_CCHHH,-1699.626165,3.09,3.92,4.08,2.06,2.5,2.82,-1.02
CCl_CSH_COH_CSiHHH_CNOO_CSH,-2058.504619,3.11,3.64,3.97,2.08,2.16,2.93,-1.04
CCl_CSH_COH_CSiHHH_CNOO_COCHHH,-1774.822116,3.3,3.91,3.98,2.22,2.31,2.88,-1.13
CCl_CSH_COH_CSiHHH_CNOO_COH,-1735.549921,3.28,3.89,4.23,2.2,2.32,3.16,-1.13
CCl_CSH_COH_CSiHHH_CNOO_CNHH,-1715.69097,3.43,3.87,4.22,2.16,2.48,3.22,-0.89
CCl_CSH_COH_CSiHHH_CNOO_CNMeMe,-1794.262907,3.18,3.72,3.79,1.89,2.41,2.95,-0.6
CNOO_CSH_COH_CSiHHH_CNOO_CNMeMe,-1539.153342,3.09,3.79,3.96,1.95,2.43,2.92,-0.81
CCN_CSH_COH_CSiHHH_CNOO_CNMeMe,-1426.907349,2.89,3.74,3.79,1.82,2.26,2.97,-0.74
CCFFF_CSH_COH_CSiHHH_CNOO_CNMeMe,-1671.710932,3.05,3.75,3.93,1.91,2.4,2.92,-0.76
CF_CSH_COH_CSiHHH_CNOO_CNMeMe,-1433.907042,3.22,3.75,4.11,1.89,2.42,3.24,-0.57
CBFF_CSH_COH_CSiHHH_CNOO_CNMeMe,-1558.744767,3.22,3.95,4.07,1.94,2.54,3.16,-0.67
CBHH_CSH_COH_CSiHHH_CNOO_CNMeMe,-1360.107258,3.33,3.84,4.03,1.84,2.64,3.03,-0.35
CH_CSH_COH_CSiHHH_CNOO_CNMeMe,-1334.67214,3.24,3.92,4.07,1.95,2.54,3.14,-0.65
CCHHH_CSH_COH_CSiHHH_CNOO_CNMeMe,-1373.966786,3.25,3.77,3.83,1.91,2.48,2.93,-0.56
CSH_CSH_COH_CSiHHH_CNOO_CNMeMe,-1732.846989,3.17,3.4,3.77,1.67,2.4,2.95,-0.17
COCHHH_CSH_COH_CSiHHH_CNOO_CNMeMe,-1449.173254,3.22,3.39,3.89,1.67,2.35,3.09,-0.12
COH_CSH_COH_CSiHHH_CNOO_CNMeMe,-1409.894916,3.21,3.64,4.03,1.61,2.52,3.15,0
CNHH_CSH_COH_CSiHHH_CNOO_CNMeMe,-1390.030888,2.95,3.54,4.02,1.39,2.44,3.26,0.16
CSiHHH_CSH_COH_CSiHHH_CNOO_CNMeMe,-1625.339536,3.15,3.76,3.8,1.91,2.46,2.91,-0.67
CNMeMe_CSH_COH_CSiHHH_CNOO_CNMeMe,-1468.60629,2.74,3.31,3.45,1.37,2.44,2.91,0.01
CNOO_CNOO_CF_CNMeMe_CSiHHH_CCl,-1624.568174,3.14,3.32,3.88,1.8,2.45,2.54,-0.47
CNOO_CCN_CF_CNMeMe_CSiHHH_CCl,-1512.324858,3.26,3.36,3.91,1.95,2.42,2.51,-0.65
CNOO_CCFFF_CF_CNMeMe_CSiHHH_CCl,-1757.134545,3.27,3.29,3.86,1.84,2.47,2.57,-0.41
CNOO_CCl_CF_CNMeMe_CSiHHH_CCl,-1879.682185,3.05,3.35,3.93,2.02,2.32,2.57,-0.99
CNOO_CF_CF_CNMeMe_CSiHHH_CCl,-1519.317602,3.11,3.43,3.95,2.08,2.36,2.58,-1.04
CNOO_CBFF_CF_CNMeMe_CSiHHH_CCl,-1644.170615,2.55,3.12,3.96,1.83,2.46,2.98,-1.11
CNOO_CBHH_CF_CNMeMe_CSiHHH_CCl,-1445.527211,3.35,3.41,3.86,2.24,2.33,2.63,-1.12
CNOO_CH_CF_CNMeMe_CSiHHH_CCl,-1420.092397,3.11,3.37,3.86,2.25,2.46,2.65,-1.4
CNOO_CSiHHH_CF_CNMeMe_CSiHHH_CCl,-1710.769299,3.15,3.28,3.84,1.95,2.4,2.63,-0.75
CNOO_CCHHH_CF_CNMeMe_CSiHHH_CCl,-1459.398335,3.06,3.29,3.9,2.03,2.32,2.63,-0.99
CNOO_CSH_CF_CNMeMe_CSiHHH_CCl,-1818.27322,3.03,3.25,3.87,1.93,2.35,2.58,-0.83
CNOO_COCHHH_CF_CNMeMe_CSiHHH_CCl,-1534.595447,2.9,3.45,4,2.06,2.35,2.66,-1.21
CNOO_COH_CF_CNMeMe_CSiHHH_CCl,-1495.310497,2.35,3.31,3.84,1.66,2.4,2.74,-0.97
CNOO_CNHH_CF_CNMeMe_CSiHHH_CCl,-1475.443874,2.44,3.27,3.87,1.79,2.11,2.65,-1.13
CNOO_CNMeMe_CF_CNMeMe_CSiHHH_CCl,-1554.025677,2.14,3.44,3.77,1.48,2.49,2.64,-0.83
CNOO_CCFFF_CNOO_CNMeMe_CSiHHH_CCl,-1862.374698,3.02,3.29,3.86,1.84,2.43,2.51,-0.66
CNOO_CCFFF_CCN_CNMeMe_CSiHHH_CCl,-1750.135098,3.04,3.27,3.86,1.81,2.41,2.5,-0.57
CNOO_CCFFF_CCFFF_CNMeMe_CSiHHH_CCl,-1994.944104,2.99,3.35,3.86,1.8,2.45,2.54,-0.62
CNOO_CCFFF_CCl_CNMeMe_CSiHHH_CCl,-2117.496407,3.15,3.17,3.86,1.77,2.41,2.54,-0.4
CNOO_CCFFF_CBFF_CNMeMe_CSiHHH_CCl,-1881.974809,2.94,3.31,3.85,1.76,2.42,2.51,-0.58
CNOO_CCFFF_CBHH_CNMeMe_CSiHHH_CCl,-1683.332261,2.83,3.24,3.85,1.7,2.33,2.5,-0.56
CNOO_CCFFF_CH_CNMeMe_CSiHHH_CCl,-1657.901748,3.15,3.39,3.87,1.86,2.49,2.55,-0.57
CNOO_CCFFF_CSiHHH_CNMeMe_CSiHHH_CCl,-1948.578129,3.03,3.28,3.86,1.78,2.41,2.53,-0.53
CNOO_CCFFF_CCHHH_CNMeMe_CSiHHH_CCl,-1697.211881,3.13,3.23,3.86,1.8,2.41,2.56,-0.46
CNOO_CCFFF_CSH_CNMeMe_CSiHHH_CCl,-2056.086758,2.92,3.18,3.85,1.62,2.35,2.56,-0.33
CNOO_CCFFF_COCHHH_CNMeMe_CSiHHH_CCl,-1772.409264,3.2,3.26,3.86,1.81,2.45,2.57,-0.42
CNOO_CCFFF_COH_CNMeMe_CSiHHH_CCl,-1733.129504,3.24,3.43,3.82,2.19,2.45,2.62,-1.14
CNOO_CCFFF_CNHH_CNMeMe_CSiHHH_CCl,-1713.26817,3.01,3.53,3.8,1.92,2.58,2.64,-0.83
CNOO_CCFFF_CNMeMe_CNMeMe_CSiHHH_CCl,-1791.849461,2.82,3.46,3.77,1.72,2.49,2.63,-0.63
COH_CCHHH_CCFFF_CCFFF_CF_CNOO,-1324.478448,3.56,3.99,4.44,2.53,2.62,2.86,-1.51
COH_CCHHH_CCFFF_CCFFF_CF_CCN,-1212.239548,3.39,4.83,5.84,2.35,2.8,4.6,-1.32
COH_CCHHH_CCFFF_CCFFF_CF_CCFFF,-1457.050498,3.53,4.98,6.14,2.48,2.9,5.06,-1.43
COH_CCHHH_CCFFF_CCFFF_CF_CCl,-1579.598221,3.29,4.87,5.63,2.27,2.82,5.11,-1.26
COH_CCHHH_CCFFF_CCFFF_CF_CF,-1219.233834,3.35,4.97,5.62,2.28,2.87,5.47,-1.21
COH_CCHHH_CCFFF_CCFFF_CF_CBFF,-1344.083479,3.53,4.93,6.06,2.5,2.88,4.59,-1.47
COH_CCHHH_CCFFF_CCFFF_CF_CBHH,-1145.440577,3.32,4.78,5.29,2.28,2.8,4.01,-1.23
COH_CCHHH_CCFFF_CCFFF_CF_CH,-1120.006954,3.38,5,5.86,2.35,2.87,5.24,-1.32
COH_CCHHH_CCFFF_CCFFF_CF_CSiHHH,-1410.685809,3.37,4.93,5.81,2.37,2.84,4.98,-1.36
COH_CCHHH_CCFFF_CCFFF_CF_CCHHH,-1159.315881,3.3,4.95,5.66,2.31,2.83,5.6,-1.31
COH_CCHHH_CCFFF_CCFFF_CF_CSH,-1518.189871,3.05,4.65,5.2,2.04,2.79,4.85,-1.03
COH_CCHHH_CCFFF_CCFFF_CF_COCHHH,-1234.508563,3.3,4.91,5.55,2.27,2.85,5.18,-1.24
COH_CCHHH_CCFFF_CCFFF_CF_COH,-1195.223908,3.18,4.9,5.07,2.08,2.87,4.93,-0.98
COH_CCHHH_CCFFF_CCFFF_CF_CNHH,-1175.360777,3,4.85,4.9,1.9,2.93,4.83,-0.79
COH_CCHHH_CCFFF_CCFFF_CF_CNMeMe,-1253.945542,2.98,4.5,5.07,1.97,2.83,4.47,-0.96
COH_CCHHH_CCFFF_CNOO_CF_CNHH,-1042.791455,2.91,3.92,4.37,1.89,2.52,2.94,-0.88
COH_CCHHH_CCFFF_CCN_CF_CNHH,-930.548549,2.74,4.6,4.9,1.7,2.77,4.81,-0.66
COH_CCHHH_CCFFF_CCl_CF_CNHH,-1297.918321,3.22,4.76,4.81,2.11,3.03,4.69,-1
COH_CCHHH_CCFFF_CF_CF_CNHH,-937.566911,3.47,4.74,5.1,2.32,3.21,4.67,-1.17
COH_CCHHH_CCFFF_CBFF_CF_CNHH,-1062.386719,3.24,4.78,4.92,2.13,3.03,4.69,-1.01
COH_CCHHH_CCFFF_CBHH_CF_CNHH,-863.743888,3.43,3.6,4.61,2.31,3.11,3.55,-1.18
COH_CCHHH_CCFFF_CH_CF_CNHH,-838.322807,3.31,4.73,5.01,2.19,3.07,4.65,-1.08
COH_CCHHH_CCFFF_CSiHHH_CF_CNHH,-1128.993267,3.16,4.68,4.74,2.07,2.95,4.61,-0.98
COH_CCHHH_CCFFF_CCHHH_CF_CNHH,-877.63521,3.36,4.64,4.88,2.23,3.09,4.57,-1.1
COH_CCHHH_CCFFF_CSH_CF_CNHH,-1236.509081,3.25,4.48,4.54,2.14,2.97,4.46,-1.03
COH_CCHHH_CCFFF_COCHHH_CF_CNHH,-952.844871,3.46,4.42,4.79,2.36,3.12,4.37,-1.25
COH_CCHHH_CCFFF_COH_CF_CNHH,-913.562822,3.66,4.45,4.9,2.48,3.25,4.36,-1.3
COH_CCHHH_CCFFF_CNHH_CF_CNHH,-893.697843,3.67,4.29,4.72,2.54,3.22,4.22,-1.41
COH_CCHHH_CCFFF_CNMeMe_CF_CNHH,-972.284661,3.53,4.18,4.48,2.52,3.19,4.14,-1.51
COH_CCHHH_CCFFF_CCN_CNOO_CNHH,-1035.810387,3.13,4.11,4.28,1.76,2.83,3.15,-0.39
COH_CCHHH_CCFFF_CCN_CCN_CNHH,-923.561889,2.85,4.4,5.21,1.64,2.81,4.42,-0.43
COH_CCHHH_CCFFF_CCN_CCFFF_CNHH,-1168.368947,3.07,4.44,5.36,1.75,2.9,4.85,-0.44
COH_CCHHH_CCFFF_CCN_CCl_CNHH,-1290.915042,2.64,4.45,4.89,1.59,2.71,4.8,-0.54
COH_CCHHH_CCFFF_CCN_CBFF_CNHH,-1055.40406,3.05,4.31,5.18,1.72,2.88,4.3,-0.39
COH_CCHHH_CCFFF_CCN_CBHH_CNHH,-856.762758,3,4.28,4.5,1.67,2.82,3.57,-0.34
COH_CCHHH_CCFFF_CCN_CH_CNHH,-831.319813,2.82,4.51,4.96,1.66,2.8,4.88,-0.5
COH_CCHHH_CCFFF_CCN_CSiHHH_CNHH,-1121.997898,2.91,4.5,5.01,1.74,2.89,4.73,-0.56
COH_CCHHH_CCFFF_CCN_CCHHH_CNHH,-870.625234,2.75,4.55,4.82,1.71,2.79,4.79,-0.67
COH_CCHHH_CCFFF_CCN_CSH_CNHH,-1229.506165,2.76,4.1,4.43,1.64,2.76,4.07,-0.51
COH_CCHHH_CCFFF_CCN_COCHHH_CNHH,-945.824198,2.66,4.55,4.86,1.65,2.75,4.81,-0.64
COH_CCHHH_CCFFF_CCN_COH_CNHH,-906.535904,2.42,4.56,4.59,1.5,2.72,4.52,-0.57
COH_CCHHH_CCFFF_CCN_CNHH_CNHH,-886.67121,2.6,4.48,4.57,1.53,2.74,4.5,-0.47
COH_CCHHH_CCFFF_CCN_CNMeMe_CNHH,-965.256226,2.65,3.29,4.47,1.58,2.76,3.26,-0.51
COH_CNOO_CCFFF_CCN_CBHH_CNHH,-1021.930116,2.5,3.61,3.85,1.18,2.36,2.76,0.14
COH_CCN_CCFFF_CCN_CBHH_CNHH,-909.689755,2.82,4.1,4.57,1.42,2.59,3.73,-0.03
COH_CCFFF_CCFFF_CCN_CBHH_CNHH,-1154.493655,2.81,4.15,4.5,1.4,2.66,3.69,0.01
COH_CCl_CCFFF_CCN_CBHH_CNHH,-1277.050973,2.91,4.24,4.53,1.58,2.77,3.57,-0.26
COH_CF_CCFFF_CCN_CBHH_CNHH,-916.693509,3.11,4.4,4.61,1.74,2.96,3.61,-0.37
COH_CBFF_CCFFF_CCN_CBHH_CNHH,-1041.525155,2.81,4.05,4.53,1.44,2.6,3.71,-0.07
COH_CBHH_CCFFF_CCN_CBHH_CNHH,-842.882595,2.47,3.66,4.41,1.1,2.21,3.68,0.27
COH_CH_CCFFF_CCN_CBHH_CNHH,-817.455616,3.07,4.31,4.58,1.66,2.83,3.71,-0.25
COH_CSiHHH_CCFFF_CCN_CBHH_CNHH,-1108.126888,2.92,4.13,4.5,1.56,2.7,3.67,-0.21
COH_CSH_CCFFF_CCN_CBHH_CNHH,-1215.640346,2.84,4.09,4.51,1.6,2.69,3.51,-0.36
COH_COCHHH_CCFFF_CCN_CBHH_CNHH,-931.974436,3.07,4.32,4.49,1.75,2.99,3.46,-0.43
COH_COH_CCFFF_CCN_CBHH_CNHH,-892.692361,3.15,4.37,4.57,1.82,3.04,3.51,-0.49
COH_CNHH_CCFFF_CCN_CBHH_CNHH,-872.821448,3.04,4.35,4.53,1.87,2.99,3.37,-0.7
COH_CNMeMe_CCFFF_CCN_CBHH_CNHH,-951.408296,2.99,4.14,4.36,1.64,2.83,3.5,-0.29
CNOO_CBHH_CCFFF_CCN_CBHH_CNHH,-972.173334,2.5,3.7,3.94,1.67,2.41,2.83,-0.83
CCN_CBHH_CCFFF_CCN_CBHH_CNHH,-859.900734,2.82,4.29,4.74,1.81,2.79,3.64,-0.8
CCFFF_CBHH_CCFFF_CCN_CBHH_CNHH,-1104.709688,2.87,4.52,4.75,1.87,2.88,3.65,-0.87
CCl_CBHH_CCFFF_CCN_CBHH_CNHH,-1227.264979,2.98,4.37,4.69,1.91,2.87,3.6,-0.84
CF_CBHH_CCFFF_CCN_CBHH_CNHH,-866.900641,3.1,4.55,4.7,1.9,2.96,3.62,-0.7
CBFF_CBHH_CCFFF_CCN_CBHH_CNHH,-991.743197,2.77,4.33,4.74,1.8,2.79,3.64,-0.84
CBHH_CBHH_CCFFF_CCN_CBHH_CNHH,-793.131712,2.4,3.99,4.63,1.47,2.62,3.58,-0.53
CH_CBHH_CCFFF_CCN_CBHH_CNHH,-767.666204,2.74,3.99,4.62,1.5,2.45,3.77,-0.25
CCHHH_CBHH_CCFFF_CCN_CBHH_CNHH,-806.973102,3.05,4.42,4.59,1.88,2.92,3.63,-0.71
CSH_CBHH_CCFFF_CCN_CBHH_CNHH,-1165.871897,2.95,4.42,4.74,2.04,2.89,3.61,-1.14
COCHHH_CBHH_CCFFF_CCN_CBHH_CNHH,-882.193842,3.1,4.39,4.67,2.04,2.91,3.56,-0.97
CNHH_CBHH_CCFFF_CCN_CBHH_CNHH,-823.059437,3.09,4.56,4.75,2.16,2.97,3.59,-1.24
CSiHHH_CBHH_CCFFF_CCN_CBHH_CNHH,-1058.351137,2.91,4.42,4.7,1.95,2.89,3.61,-0.99
CNMeMe_CBHH_CCFFF_CCN_CBHH_CNHH,-901.610429,2.49,3.33,3.84,0.99,2.26,3.21,0.51
CSiHHH_COH_COCHHH_CH_CNOO_CBHH,-942.499269,2.48,4.07,4.32,1.33,2.49,3.01,-0.18
CSiHHH_COH_COCHHH_CH_CCN_CBHH,-830.222844,2.41,4.33,4.59,1.51,2.63,3.83,-0.6
CSiHHH_COH_COCHHH_CH_CCFFF_CBHH,-1075.030501,2.87,4.07,4.83,1.95,2.88,3.99,-1.03
CSiHHH_COH_COCHHH_CH_CCl_CBHH,-1197.582592,2.43,4.42,4.69,1.56,2.76,3.76,-0.69
CSiHHH_COH_COCHHH_CH_CF_CBHH,-837.221558,2.54,4.52,4.78,1.64,2.83,3.77,-0.74
CSiHHH_COH_COCHHH_CH_CBFF_CBHH,-962.060204,2.81,4.1,4.74,1.84,2.75,4.03,-0.87
CSiHHH_COH_COCHHH_CH_CBHH_CBHH,-763.415965,2.52,4.03,4.3,1.5,2.54,3.77,-0.49
CSiHHH_COH_COCHHH_CH_CH_CBHH,-737.981632,2.58,4.47,4.75,1.71,2.73,3.84,-0.85
CSiHHH_COH_COCHHH_CH_CSiHHH_CBHH,-1028.656834,2.48,4.21,4.47,1.63,2.67,3.78,-0.77
CSiHHH_COH_COCHHH_CH_CCHHH_CBHH,-777.291347,2.49,4.42,4.65,1.61,2.77,3.76,-0.72
CSiHHH_COH_COCHHH_CH_CSH_CBHH,-1136.16878,2.27,4.3,4.39,1.4,2.76,3.63,-0.53
CSiHHH_COH_COCHHH_CH_COCHHH_CBHH,-852.500027,2.56,4.44,4.61,1.61,2.9,3.68,-0.65
CSiHHH_COH_COCHHH_CH_COH_CBHH,-813.208203,2.38,4.43,4.51,1.46,2.86,3.71,-0.55
CSiHHH_COH_COCHHH_CH_CNHH_CBHH,-793.349083,2.26,4.16,4.26,1.33,2.72,3.6,-0.41
CSiHHH_COH_COCHHH_CH_CNMeMe_CBHH,-871.930978,2.3,4.09,4.33,1.37,2.75,3.58,-0.45
CSiHHH_COH_COCHHH_CH_CNOO_CNOO,-1121.506904,2.74,3.94,4.02,1.74,2.65,2.7,-0.75
CSiHHH_COH_COCHHH_CH_CNOO_CCN,-1009.269117,2.64,3.78,4.1,1.67,2.54,2.68,-0.71
CSiHHH_COH_COCHHH_CH_CNOO_CCFFF,-1254.077289,2.72,3.87,4.26,1.76,2.63,2.8,-0.8
CSiHHH_COH_COCHHH_CH_CNOO_CCl,-1376.633013,2.99,3.89,4.3,1.99,2.74,2.84,-0.99
CSiHHH_COH_COCHHH_CH_CNOO_CF,-1016.263307,3.06,4,4.39,2.08,2.79,2.9,-1.09
CSiHHH_COH_COCHHH_CH_CNOO_CBFF,-1141.121272,2.24,4.05,4.09,0.82,2.5,2.85,0.59
CSiHHH_COH_COCHHH_CH_CNOO_CH,-917.039467,2.52,3.89,4.32,1.51,2.68,2.85,-0.5
CSiHHH_COH_COCHHH_CH_CNOO_CSiHHH,-1207.719121,2.73,3.92,4.33,1.75,2.74,2.88,-0.78
CSiHHH_COH_COCHHH_CH_CNOO_CCHHH,-956.35101,2.94,3.97,4.38,1.95,2.82,2.94,-0.95
CSiHHH_COH_COCHHH_CH_CNOO_CSH,-1315.228473,2.94,3.97,4.05,2.01,2.38,2.98,-1.09
CSiHHH_COH_COCHHH_CH_CNOO_COCHHH,-1031.54364,3.08,3.97,4.44,2.13,2.56,2.95,-1.18
CSiHHH_COH_COCHHH_CH_CNOO_COH,-992.273755,2.98,4.29,4.52,2.07,2.81,3.31,-1.15
CSiHHH_COH_COCHHH_CH_CNOO_CNHH,-972.416426,3.2,4.25,4.46,2.3,2.62,3.29,-1.4
CSiHHH_COH_COCHHH_CH_CNOO_CNMeMe,-1050.988492,3.01,3.98,4.09,2.08,2.46,3.16,-1.14
CNOO_COH_COCHHH_CH_CNOO_CBFF,-1054.930523,1.59,3.64,3.72,0.47,2.1,2.48,0.66
CCN_COH_COCHHH_CH_CNOO_CBFF,-942.683596,1.91,3.89,4.12,0.7,2.3,2.61,0.51
CCFFF_COH_COCHHH_CH_CNOO_CBFF,-1187.492115,2.1,4.01,4.09,0.75,2.47,2.85,0.6
CCl_COH_COCHHH_CH_CNOO_CBFF,-1310.048795,2.33,4.05,4.14,0.86,2.49,2.89,0.62
CF_COH_COCHHH_CH_CNOO_CBFF,-949.689057,2.49,4.17,4.17,0.93,2.58,3.03,0.63
CBFF_COH_COCHHH_CH_CNOO_CBFF,-1074.524362,2.51,4.09,4.23,1.12,2.62,3.04,0.27
CBHH_COH_COCHHH_CH_CNOO_CBFF,-875.883163,2.68,4.11,4.16,1.21,2.54,3.14,0.26
CH_COH_COCHHH_CH_CNOO_CBFF,-850.447932,2.39,4.11,4.16,0.92,2.59,2.99,0.54
CCHHH_COH_COCHHH_CH_CNOO_CBFF,-889.756173,2.46,4.11,4.12,0.93,2.51,2.98,0.6
CSH_COH_COCHHH_CH_CNOO_CBFF,-1248.649803,2.64,3.64,4.14,1.15,2.17,3.07,0.33
COCHHH_COH_COCHHH_CH_CNOO_CBFF,-964.974593,2.56,3.94,4.23,0.94,2.38,2.98,0.69
COH_COH_COCHHH_CH_CNOO_CBFF,-925.693349,2.88,3.93,4.15,1.29,2.39,3.36,0.31
CNHH_COH_COCHHH_CH_CNOO_CBFF,-905.835035,2.92,3.68,4.56,1.24,2.23,3.38,0.44
CNMeMe_COH_COCHHH_CH_CNOO_CBFF,-984.408934,2.74,3.45,4.24,1.08,2.06,3.25,0.58
CBFF_CF_CNOO_CSiHHH_CCl_CCN,-1602.429171,3.01,3.92,4.24,2.02,2.54,2.88,-1.02
CBFF_CF_CCN_CSiHHH_CCl_CCN,-1490.189063,2.98,4.52,4.7,1.98,2.78,4.22,-0.99
CBFF_CF_CCFFF_CSiHHH_CCl_CCN,-1735.001889,3.1,4.56,4.92,2.07,2.94,4.27,-1.05
CBFF_CF_CCl_CSiHHH_CCl_CCN,-1857.552366,2.92,4.66,4.69,1.96,2.78,4.37,-1
CBFF_CF_CF_CSiHHH_CCl_CCN,-1497.186573,2.98,4.71,4.83,1.98,2.83,4.42,-0.98
CBFF_CF_CBFF_CSiHHH_CCl_CCN,-1622.034913,2.96,4.46,4.82,1.97,2.88,4.18,-0.97
CBFF_CF_CBHH_CSiHHH_CCl_CCN,-1423.394443,2.89,4.38,4.7,1.91,2.79,3.81,-0.93
CBFF_CF_CH_CSiHHH_CCl_CCN,-1397.958699,2.97,4.62,4.9,1.98,2.91,4.34,-0.98
CBFF_CF_CSiHHH_CSiHHH_CCl_CCN,-1688.637864,2.96,4.52,4.82,1.99,2.87,4.25,-1.01
CBFF_CF_CCHHH_CSiHHH_CCl_CCN,-1437.270816,2.92,4.69,4.81,1.97,2.83,4.41,-1.01
CBFF_CF_CSH_CSiHHH_CCl_CCN,-1796.143565,2.7,4.36,4.7,1.79,2.65,4.42,-0.87
CBFF_CF_COCHHH_CSiHHH_CCl_CCN,-1512.463832,2.87,4.64,4.76,1.92,2.77,4.42,-0.97
CBFF_CF_COH_CSiHHH_CCl_CCN,-1473.178822,2.83,4.69,4.8,1.86,2.75,4.52,-0.89
CBFF_CF_CNHH_CSiHHH_CCl_CCN,-1453.316912,2.55,4.51,4.82,1.58,2.7,4.55,-0.61
CBFF_CF_CNMeMe_CSiHHH_CCl_CCN,-1531.905142,2.55,4.23,4.82,1.63,2.61,4.27,-0.7
CBFF_CNOO_CNHH_CSiHHH_CCl_CCN,-1558.60324,3.47,3.81,4,1.87,2.62,3.15,-0.27
CBFF_CCN_CNHH_CSiHHH_CCl_CCN,-1446.329652,2.82,4.43,4.69,1.8,2.73,4.27,-0.77
CBFF_CCFFF_CNHH_CSiHHH_CCl_CCN,-1691.139391,2.99,4.46,4.66,1.9,2.76,4.38,-0.82
CBFF_CCl_CNHH_CSiHHH_CCl_CCN,-1813.685227,2.57,4.48,4.8,1.62,2.71,4.53,-0.67
CBFF_CBFF_CNHH_CSiHHH_CCl_CCN,-1578.176113,3.05,4.43,4.59,1.95,2.79,4.18,-0.85
CBFF_CBHH_CNHH_CSiHHH_CCl_CCN,-1379.533805,3,4.34,4.57,1.89,2.77,3.44,-0.79
CBFF_CH_CNHH_CSiHHH_CCl_CCN,-1354.086976,2.43,4.28,4.54,1.44,2.63,4.25,-0.44
CBFF_CSiHHH_CNHH_CSiHHH_CCl_CCN,-1644.764437,2.64,4.34,4.57,1.67,2.68,4.31,-0.7
CBFF_CCHHH_CNHH_CSiHHH_CCl_CCN,-1393.392446,2.54,4.49,4.79,1.6,2.72,4.54,-0.66
CBFF_CSH_CNHH_CSiHHH_CCl_CCN,-1752.279309,2.78,4.42,4.49,1.77,2.73,4.39,-0.76
CBFF_COCHHH_CNHH_CSiHHH_CCl_CCN,-1468.596371,2.53,4.51,4.76,1.61,2.7,4.49,-0.68
CBFF_COH_CNHH_CSiHHH_CCl_CCN,-1429.305702,2.5,4.47,4.65,1.55,2.69,4.5,-0.59
CBFF_CNMeMe_CNHH_CSiHHH_CCl_CCN,-1488.05345,3.01,4.32,4.5,1.96,2.74,4.04,-0.91
CBFF_CNHH_CNHH_CSiHHH_CNOO_CCN,-1154.33658,2.85,3.74,3.83,1.76,2.42,2.52,-0.68
CBFF_CNHH_CNHH_CSiHHH_CCN_CCN,-1042.076368,2.45,4.09,4.29,1.46,2.47,3.97,-0.46
CBFF_CNHH_CNHH_CSiHHH_CCFFF_CCN,-1286.903956,3.11,4.18,4.52,1.96,2.71,3.9,-0.8
CBFF_CNHH_CNHH_CSiHHH_CF_CCN,-1049.078116,2.64,4.5,4.61,1.62,2.85,4.36,-0.59
CBFF_CNHH_CNHH_CSiHHH_CBFF_CCN,-1173.914439,2.48,4.03,4.3,1.49,2.47,3.9,-0.49
CBFF_CNHH_CNHH_CSiHHH_CBHH_CCN,-975.273381,2.4,3.86,4.09,1.38,2.33,3.73,-0.36
CBFF_CNHH_CNHH_CSiHHH_CH_CCN,-949.841678,2.7,4.41,4.61,1.7,2.76,4.29,-0.7
CBFF_CNHH_CNHH_CSiHHH_CSiHHH_CCN,-1240.535734,3.15,4.34,4.49,2.04,2.72,4.07,-0.93
CBFF_CNHH_CNHH_CSiHHH_CCHHH_CCN,-989.170381,3.19,4.52,4.58,2.07,2.84,4.24,-0.96
CBFF_CNHH_CNHH_CSiHHH_CSH_CCN,-1348.045125,2.93,4.35,4.5,1.91,2.72,4.19,-0.89
CBFF_CNHH_CNHH_CSiHHH_COCHHH_CCN,-1064.363309,2.54,4.49,4.53,1.52,2.94,4.37,-0.5
CBFF_CNHH_CNHH_CSiHHH_COH_CCN,-1025.085592,3.04,4.43,4.65,1.99,2.93,4.38,-0.93
CBFF_CNHH_CNHH_CSiHHH_CNHH_CCN,-1005.207946,2.13,3.99,4.41,1.16,2.66,4.03,-0.2
CBFF_CNHH_CNHH_CSiHHH_CNMeMe_CCN,-1083.81069,2.86,4.18,4.45,1.83,2.93,4.14,-0.8
CBFF_CNHH_CNHH_CSiHHH_CCl_CNOO,-1521.683454,2.31,3.85,4.1,1.39,2.66,2.76,-0.47
CBFF_CNHH_CNHH_CSiHHH_CCl_CCFFF,-1654.249169,2.71,4.45,4.78,1.67,2.99,4.31,-0.64
CBFF_CNHH_CNHH_CSiHHH_CCl_CCl,-1776.801048,2.78,4.62,4.64,1.82,2.8,4.49,-0.85
CBFF_CNHH_CNHH_CSiHHH_CCl_CF,-1416.436427,2.92,4.7,4.74,1.94,2.85,4.59,-0.96
CBFF_CNHH_CNHH_CSiHHH_CCl_CBFF,-1541.280688,2.4,4.27,4.43,1.44,2.81,4.14,-0.47
CBFF_CNHH_CNHH_CSiHHH_CCl_CBHH,-1342.637052,2.26,4.01,4.14,1.37,2.56,3.7,-0.47
CBFF_CNHH_CNHH_CSiHHH_CCl_CH,-1317.200494,2.76,4.58,4.72,1.77,2.95,4.44,-0.78
CBFF_CNHH_CNHH_CSiHHH_CCl_CSiHHH,-1607.878847,2.66,4.46,4.62,1.68,2.88,4.32,-0.7
CBFF_CNHH_CNHH_CSiHHH_CCl_CCHHH,-1356.512311,2.81,4.62,4.67,1.87,2.88,4.52,-0.92
CBFF_CNHH_CNHH_CSiHHH_CCl_CSH,-1715.389748,2.76,4.34,4.66,1.88,2.58,4.52,-0.99
CBFF_CNHH_CNHH_CSiHHH_CCl_COCHHH,-1431.714039,2.94,4.59,4.61,2.04,2.7,4.53,-1.15
CBFF_CNHH_CNHH_CSiHHH_CCl_COH,-1392.429356,2.9,4.57,4.65,2,2.69,4.5,-1.1
CBFF_CNHH_CNHH_CSiHHH_CCl_CNHH,-1372.577098,3.35,4.43,4.57,2.4,2.61,4.38,-1.45
CBFF_CNHH_CNHH_CSiHHH_CCl_CNMeMe,-1451.147055,2.78,4.19,4.64,1.96,2.55,4.54,-1.14
CNOO_CNHH_CNHH_CSiHHH_CCl_CCN,-1389.849267,2.47,3.7,4.3,1.48,2.7,2.95,-0.48
CCN_CNHH_CNHH_CSiHHH_CCl_CCN,-1277.60618,2.23,3.95,4.19,1.22,2.52,3.87,-0.22
CCFFF_CNHH_CNHH_CSiHHH_CCl_CCN,-1522.410597,2.34,4.12,4.4,1.34,2.61,4.1,-0.33
CCl_CNHH_CNHH_CSiHHH_CCl_CCN,-1644.963692,2.58,4.31,4.33,1.58,2.66,4.21,-0.58
CF_CNHH_CNHH_CSiHHH_CCl_CCN,-1284.6029,2.71,4.51,4.66,1.7,2.69,4.51,-0.68
CBHH_CNHH_CNHH_CSiHHH_CCl_CCN,-1210.825647,3.15,4.31,4.33,2.03,2.74,4.08,-0.91
CH_CNHH_CNHH_CSiHHH_CCl_CCN,-1185.366697,2.6,4.52,4.57,1.64,2.73,4.45,-0.67
CCHHH_CNHH_CNHH_CSiHHH_CCl_CCN,-1224.666113,2.68,4.36,4.55,1.69,2.7,4.29,-0.7
CSH_CNHH_CNHH_CSiHHH_CCl_CCN,-1583.548627,2.68,3.88,4.5,1.62,2.52,4.24,-0.55
COCHHH_CNHH_CNHH_CSiHHH_CCl_CCN,-1299.872162,2.49,4.13,4.37,1.58,2.44,4.21,-0.68
COH_CNHH_CNHH_CSiHHH_CCl_CCN,-1260.601528,3.22,4.25,4.39,2.01,2.72,4.34,-0.81
CNHH_CNHH_CNHH_CSiHHH_CCl_CCN,-1240.72758,3.06,4.09,4.19,1.88,2.66,4.16,-0.7
CSiHHH_CNHH_CNHH_CSiHHH_CCl_CCN,-1476.037725,2.45,3.91,4.37,1.49,2.62,3.79,-0.53
CNMeMe_CNHH_CNHH_CSiHHH_CCl_CCN,-1319.30601,2.63,3.47,4.06,1.49,2.4,4.03,-0.35
CBFF_CNHH_CNHH_CNOO_CCl_CCN,-1323.254587,2.83,3.69,4.08,1.8,2.47,2.62,-0.77
CBFF_CNHH_CNHH_CCN_CCl_CCN,-1211.016303,2.87,4.31,4.44,1.76,2.58,4.24,-0.66
CBFF_CNHH_CNHH_CCFFF_CCl_CCN,-1455.824789,2.98,4.59,4.76,1.9,2.72,4.67,-0.81
CBFF_CNHH_CNHH_CCl_CCl_CCN,-1578.37996,3.16,4.41,4.59,2.04,2.73,4.42,-0.93
CBFF_CNHH_CNHH_CF_CCl_CCN,-1218.015814,3.33,4.6,4.67,2.16,2.84,4.53,-1
CBFF_CNHH_CNHH_CBFF_CCl_CCN,-1342.850849,3.13,4.65,4.71,2.01,2.79,4.64,-0.9
CBFF_CNHH_CNHH_CBHH_CCl_CCN,-1144.192362,2.76,4.06,4.51,1.75,2.77,4,-0.74
CBFF_CNHH_CNHH_CH_CCl_CCN,-1118.76753,2.31,4.24,4.44,1.3,2.68,4.16,-0.3
CBFF_CNHH_CNHH_CCHHH_CCl_CCN,-1158.089917,3.28,4.55,4.59,2.14,2.82,4.49,-1
CBFF_CNHH_CNHH_CSH_CCl_CCN,-1516.974986,3.17,4.08,4.46,2.02,2.67,4.4,-0.88
CBFF_CNHH_CNHH_COCHHH_CCl_CCN,-1233.301853,3.42,4.36,4.41,2.22,2.85,4.31,-1.03
CBFF_CNHH_CNHH_COH_CCl_CCN,-1194.011849,3.44,4.51,4.55,2.28,2.89,4.45,-1.11
CBFF_CNHH_CNHH_CNHH_CCl_CCN,-1174.158948,4,4.51,5.2,2.89,3,4.84,-1.78
CBFF_CNHH_CNHH_CNMeMe_CCl_CCN,-1252.750983,3.98,4.36,5.03,2.86,3.05,4.79,-1.75
CBFF_CNHH_CNOO_CSiHHH_CCl_CCN,-1558.568863,2.56,4.07,4.42,1.65,2.87,3,-0.74
CBFF_CNHH_CCN_CSiHHH_CCl_CCN,-1446.330564,3.37,4.03,4.57,2.32,2.71,3.71,-1.28
CBFF_CNHH_CCFFF_CSiHHH_CCl_CCN,-1691.145246,3.49,4.08,4.75,2.42,2.85,3.76,-1.34
CBFF_CNHH_CCl_CSiHHH_CCl_CCN,-1813.694686,3.4,4.21,4.6,2.33,2.75,3.9,-1.26
CBFF_CNHH_CF_CSiHHH_CCl_CCN,-1453.330253,3.47,4.28,4.7,2.36,2.79,3.97,-1.24
CBFF_CNHH_CBFF_CSiHHH_CCl_CCN,-1578.164022,2.64,4.53,4.79,1.73,2.98,3.82,-0.82
CBFF_CNHH_CBHH_CSiHHH_CCl_CCN,-1379.521848,2.52,4.45,4.56,1.61,2.83,3.47,-0.7
CBFF_CNHH_CH_CSiHHH_CCl_CCN,-1354.097719,3.42,4.18,4.75,2.34,2.82,3.88,-1.27
CBFF_CNHH_CSiHHH_CSiHHH_CCl_CCN,-1644.751731,2.96,3.86,4.72,1.98,2.8,3.74,-1
CBFF_CNHH_CCHHH_CSiHHH_CCl_CCN,-1393.409279,3.41,4.26,4.69,2.35,2.78,3.96,-1.29
CBFF_CNHH_CSH_CSiHHH_CCl_CCN,-1752.264522,2.73,4.24,4.29,1.8,2.64,4.11,-0.87
CBFF_CNHH_COCHHH_CSiHHH_CCl_CCN,-1468.607515,3.1,4.25,4.52,2.01,2.72,3.96,-0.92
CBFF_CNHH_COH_CSiHHH_CCl_CCN,-1429.30426,2.84,4.45,4.63,1.87,2.75,4.29,-0.89
CBFF_CNHH_CNMeMe_CSiHHH_CCl_CCN,-1488.022537,2.6,4.04,4.4,1.66,2.62,4.05,-0.71
CNOO_CNOO_CCFFF,-1724.099426,3.13,3.69,3.91,2.16,2.26,2.29,-1.18
CNOO_CCN_CCFFF,-1499.619802,3,3.8,4.06,1.94,2.28,2.29,-0.88
CNOO_CCFFF_CCFFF ,-1989.23982,3.2,3.69,3.89,2.14,2.31,2.34,-1.09
CNOO_CCl_CCFFF   ,-2234.34956,2.7,3.91,4.21,1.83,2.38,2.4,-0.96
CNOO_CF_CCFFF,-1513.628141,2.79,3.87,3.96,1.89,2.33,2.34,-0.99
CNOO_CBFF_CCFFF  ,-1763.32472,2.96,3.82,3.9,2.05,2.44,2.45,-1.15
CNOO_CBHH_CCFFF,-1366.057679,1.52,3.28,3.44,0.9,2.26,2.41,-0.27
CNOO_CH_CCFFF,-1315.181396,3.09,3.83,3.93,2.15,2.4,2.41,-1.21
CNOO_CSiHHH_CCFFF,-1896.529585,2.92,3.76,3.87,2.04,2.42,2.42,-1.16
CNOO_CCHHH_CCFFF,-1393.792543,2.76,3.83,3.89,1.91,2.42,2.43,-1.06
CNOO_CSH_CCFFF,-2111.531039,2.38,3.29,3.82,1.66,2.4,2.42,-0.94
CNOO_COCHHH_CCFFF,-1544.192121,2.44,3.93,3.97,1.63,2.43,2.45,-0.82
CNOO_COH_CCFFF   ,-1465.61627,2.1,3.85,4.11,1.36,2.47,2.47,-0.62
CNOO_CNHH_CCFFF  ,-1425.894253,1.82,3.56,3.87,1.11,2.48,2.97,-0.4
CNOO_CNMeMe_CCFFF,-1583.059646,1.93,3.16,3.5,1.24,2.43,2.62,-0.55
CNOO_CBHH_CNOO,-1100.946632,2.88,3.75,3.9,1.93,2.3,2.31,-0.99
CNOO_CBHH_CCN   ,-876.431724,1.35,3.11,3.34,0.69,2.21,2.35,-0.03
CNOO_CBHH_CCl,-1611.169111,1.28,2.96,3.41,0.7,2.28,2.42,-0.12
CNOO_CBHH_CF,-890.445255,1.44,3.06,3.59,0.84,2.44,2.51,-0.25
CNOO_CBHH_CBFF,-1140.109348,1.35,3.17,3.29,0.7,2.25,2.41,-0.06
CNOO_CBHH_CBHH,-742.819329,1.24,3,3.1,0.56,2.25,2.37,0.11
CNOO_CBHH_CH,-691.962942,1.24,2.95,3.36,0.64,2.36,2.5,-0.04
CNOO_CBHH_CSiHHH,-1273.314326,1.23,2.95,3.25,0.65,2.36,2.48,-0.07
CNOO_CBHH_CCHHH ,-770.590673,1.22,2.83,3.42,0.64,2.42,2.46,-0.07
CNOO_CBHH_CSH   ,-1488.3568,1.05,2.64,3.11,0.41,1.89,2.48,0.24
CNOO_CBHH_COCHHH,-921.0129,1.26,2.75,3.42,0.56,2.23,2.45,0.14
CNOO_CBHH_COH,-842.438155,1.28,2.74,3.53,0.64,2.31,2.54,0
CNOO_CBHH_CNHH,-802.71822,1.71,3.06,3.51,1.01,1.95,2.63,-0.3
CNOO_CBHH_CNMeMe,-959.902692,1.59,2.8,3.41,0.96,1.82,2.43,-0.33
CCN_CBHH_CSH,-1263.850673,2.61,3.35,4.54,1.71,1.76,3.67,-0.8
CCFFF_CBHH_CSH ,-1753.469579,2.77,3.75,4.59,1.81,2.22,3.97,-0.86
CCl_CBHH_CSH   ,-1998.575447,3.02,3.27,4.63,1.91,1.94,3.8,-0.8
CF_CBHH_CSH,-1277.87337,3.24,3.33,4.87,1.95,1.97,4.11,-0.66
CBFF_CBHH_CSH,-1527.532552,2.77,3.44,4.45,1.76,1.91,3.77,-0.75
CBHH_CBHH_CSH  ,-1130.251633,2.73,3.09,4.09,1.47,1.78,3.82,-0.21
CH_CBHH_CSH,-1079.3929,3.18,3.45,4.76,1.9,1.99,3.98,-0.63
CCHHH_CBHH_CSH,-1157.996938,3.08,3.11,4.61,1.8,1.9,3.83,-0.53
CSH_CBHH_CSH,-1875.752538,2.44,4,4.08,1.72,2.54,3.98,-0.99
COCHHH_CBHH_CSH,-1308.41999,3.17,3.34,4.59,1.98,2.12,3.98,-0.79
COH_CBHH_CSH,-1229.862337,2.5,3.2,4.36,1.49,1.87,3.87,-0.48
CNHH_CBHH_CSH,-1190.124539,2.6,3.35,4.15,1.77,2.11,3.64,-0.93
CSiHHH_CBHH_CSH,-1660.732612,2.87,3.25,3.96,1.81,1.94,3.63,-0.75
CNMeMe_CBHH_CSH,-1347.305535,2.78,3.47,4.18,2.11,2.28,3.72,-1.44
CNOO_CNOO_CSH,-1846.417068,2.72,3.43,3.85,1.87,1.91,2.34,-1.03
CNOO_CCN_CSH,-1621.930253,2.5,3.54,4.04,1.68,2.03,2.35,-0.86
CNOO_CCFFF_CSH,-2111.543648,2.65,3.49,3.84,1.88,1.98,2.39,-1.1
CNOO_CCl_CSH,-2356.64832,2.21,3.58,4.11,1.53,2.18,2.38,-0.85
CNOO_CF_CSH,-1635.920879,2.15,3.63,3.88,1.44,2.24,2.39,-0.73
CNOO_CBFF_CSH,-1885.622504,1.37,3.27,3.4,0.67,1.91,2.92,0.04
CNOO_CH_CSH,-1437.467652,2.4,3.67,3.89,1.69,2.25,2.54,-0.97
CNOO_CSiHHH_CSH,-2018.81809,2.39,3.51,3.78,1.72,2.19,2.51,-1.06
CNOO_CCHHH_CSH,-1516.079022,2.18,3.55,3.78,1.53,2.27,2.48,-0.89
CNOO_CSH_CSH,-2233.835236,2.29,3.38,3.64,1.63,2.13,2.42,-0.97
CNOO_COCHHH_CSH,-1666.475363,1.99,3.61,3.86,1.33,2.27,2.46,-0.67
CNOO_COH_CSH,-1587.911603,1.54,3.38,3.46,0.95,2.1,2.59,-0.35
CNOO_CNHH_CSH,-1548.1725,1.97,3.38,3.75,1.35,2.15,2.52,-0.73
CNOO_CNMeMe_CSH,-1705.34358,1.69,2.63,3.45,1.13,2.07,2.51,-0.58
CCN_CBHH_CCFFF,-1141.556047,2.54,4.51,4.78,1.77,2.53,4.5,-0.99
CCFFF_CBHH_CCFFF,-1631.182847,2.99,5.13,5.32,2.04,3.14,4.68,-1.09
CCl_CBHH_CCFFF,-1876.29635,3.34,4.62,4.78,2.38,2.9,4.47,-1.43
CF_CBHH_CCFFF,-1155.587749,3.74,4.88,5.03,2.39,3.03,4.6,-1.05
CBFF_CBHH_CCFFF,-1405.241291,2.62,4.43,4.92,1.8,2.8,4.28,-0.98
CBHH_CBHH_CCFFF,-1007.969703,3.39,3.58,3.97,2.14,2.25,3.76,-0.9
CH_CBHH_CCFFF,-957.101989,3.67,4.54,4.59,2.26,2.64,4.31,-0.85
CCHHH_CBHH_CCFFF,-1035.717857,3.59,4.42,4.82,2.54,2.99,4.13,-1.49
CSH_CBHH_CCFFF,-1753.481036,2.99,4.28,4.54,2.12,2.9,4.3,-1.25
COCHHH_CBHH_CCFFF,-1186.146168,3.72,4.33,5.13,2.42,2.87,4.44,-1.12
CSiHHH_CBHH_CCFFF,-1538.454058,2.95,4.65,4.95,2.05,3.1,4.47,-1.15
CNMeMe_CBHH_CCFFF,-1225.036744,3.76,4.01,5.01,2.84,3.02,3.91,-1.91
CF_CNOO,-839.584631,3.68,3.93,4.15,2.51,2.63,2.64,-1.34
CF_CCN,-615.1037548,3.68,4.97,5.62,2.35,2.93,4.89,-1.02
CF_CCFFF,-1104.730309,4.17,5.23,7.06,2.84,3.02,5.82,-1.52
CF_CCl,-1349.821289,3.49,5.45,5.67,2.39,3.24,5.28,-1.29
CF_CF,-629.0953529,3.64,5.71,5.75,2.5,3.36,5.52,-1.36
CF_CBFF,-878.7854512,4.01,4.75,6.43,2.58,2.77,5.39,-1.16
CF_CBHH,-481.4980062,3.78,4.28,4.92,2.24,2.59,4.67,-0.7
CF_CSiHHH,-1011.98537,3.9,5.24,5.91,2.69,3.07,5.76,-1.47
CF_CCHHH,-509.2455097,3.69,5.45,5.97,2.56,3.3,5.44,-1.43
CF_CSH,-1226.997066,3.36,4.64,5.08,2.35,3.24,4.34,-1.33
CF_COCHHH,-659.6496471,3.34,4.89,5.15,2.34,3.54,4.9,-1.33
CF_COH,-581.0642369,3.12,4.69,5.17,2.1,3.49,4.64,-1.07
CF_CNHH,-541.3326181,2.91,4.15,4.49,1.95,3.55,4.13,-1
CF_CNMeMe,-698.5003392,3.72,3.74,4.11,2.56,3.3,3.69,-1.4
CCN_CBHH,-467.4692809,2.97,4.17,4.59,1.92,2.29,4.28,-0.87
CCFFF_CBHH,-957.090835,3.2,4.66,5.08,2.07,2.88,4.49,-0.93
CCl_CBHH,-1202.198917,3.27,4.49,4.69,2.14,2.71,4.56,-1.02
CBFF_CBHH,-731.1509648,3.22,4.13,4.59,2.01,2.53,4.07,-0.8
CBHH_CBHH,-333.8729563,3.37,3.52,3.98,1.97,2.07,3.81,-0.58
CCHHH_CBHH,-361.6224331,3.59,3.93,4.72,2.2,2.4,4.41,-0.81
CSH_CBHH,-1079.389818,3.02,4.13,4.78,2.03,2.58,4.22,-1.03
COCHHH_CBHH,-512.0462795,3.7,3.88,4.95,2.25,2.42,4.54,-0.81
COH_CBHH,-433.4926781,3.42,3.76,5.12,2.21,2.26,4.55,-1.01
CNHH_CBHH,-393.7534639,3.3,3.76,5.02,2.29,2.3,4.41,-1.28
CSiHHH_CBHH,-864.3588436,2.97,4.15,4.64,1.94,2.82,3.97,-0.92
CNMeMe_CBHH,-550.9303933,3.26,3.72,4.63,2.36,2.43,3.98,-1.45
CNOO_CNOO,-1050.03143,3.08,3.69,3.94,2.07,2.3,2.33,-1.06
CNOO_CCN,-825.5448878,2.82,3.82,3.93,1.82,2.32,2.65,-0.82
CNOO_CCFFF,-1315.170779,3.22,3.84,3.95,2.22,2.41,2.41,-1.22
CNOO_CCl,-1560.268713,2.46,3.88,4.25,1.66,2.39,2.41,-0.86
CNOO_CF,-839.5455294,2.51,3.87,3.94,1.68,2.38,2.85,-0.85
CNOO_CBFF,-1089.238168,3.05,3.78,3.89,2.08,2.4,2.41,-1.12
CNOO_CSiHHH,-1222.442234,2.78,3.84,4.23,1.96,2.49,2.5,-1.14
CNOO_CCHHH,-719.7022949,2.51,3.84,3.88,1.74,2.46,2.48,-0.97
CNOO_CSH,-1437.452736,2.42,3.41,3.82,1.7,2.43,2.78,-0.97
CNOO_COCHHH,-870.1067539,2.15,3.92,3.94,1.43,2.44,2.46,-0.72
CNOO_COH,-791.5289316,1.83,3.72,3.85,1.17,2.51,2.52,-0.5
CNOO_CNHH,-751.7963879,1.72,3.43,3.86,1.07,2.51,2.91,-0.42
CNOO_CNMeMe,-908.9626981,2.09,2.57,3.75,1.45,2.46,2.51,-0.82
CCN_CNOO,-825.5454943,2.91,3.91,3.96,1.97,2.13,2.58,-1.04
CCFFF_CNOO,-1315.172556,3.22,4.03,4.07,2.14,2.69,2.72,-1.07
CCl_CNOO,-1560.286984,3.38,3.94,4.04,2.32,2.39,2.68,-1.25
CBFF_CNOO,-1089.264578,3.5,3.63,3.81,2.1,2.32,2.57,-0.69
CBHH_CNOO,-692.0263306,3.45,3.59,3.6,2.33,2.36,2.57,-1.21
CCHHH_CNOO,-719.7239203,3.54,3.9,4.1,2.42,2.47,2.74,-1.3
CSH_CNOO,-1437.47604,3.27,3.32,3.93,2.06,2.37,2.71,-0.85
COCHHH_CNOO,-870.1541498,3.64,3.78,4,2.55,2.56,2.79,-1.46
COH_CNOO,-791.6128198,3.64,3.85,3.92,2.45,2.73,3.04,-1.27
CNHH_CNOO,-751.866916,3.69,3.7,3.93,2.6,2.86,2.99,-1.51
CSiHHH_CNOO,-1222.454341,3.35,3.41,3.89,2.28,2.32,2.7,-1.2
CNMeMe_CNOO,-909.0550285,3.64,3.84,3.96,2.71,2.86,3.03,-1.78
CBFF_CCN,-864.754951,3.31,4.97,4.97,2.12,2.82,4.75,-0.92
CBFF_CCFFF,-1354.38005,3.58,4.95,5.15,2.44,2.81,4.69,-1.3
CBFF_CCl,-1599.480213,3.03,5.31,5.63,2.06,3.09,5.09,-1.08
CBFF_CF,-878.7518887,3.08,5.51,5.55,2.09,3.17,5.25,-1.09
CBFF_CBFF,-1128.440718,3.3,4.29,4.99,2.19,2.5,4.37,-1.08
CBFF_CSiHHH,-1261.633003,3.01,4.67,4.9,2.1,2.84,4.44,-1.2
CBFF_CCHHH,-758.8966611,3.06,5.32,5.41,2.1,3.13,5.08,-1.15
CBFF_CSH,-1476.659567,3.39,4.08,4.45,2.33,2.95,4.02,-1.26
CBFF_COCHHH,-909.3152275,2.79,5.12,5.4,1.92,3.34,4.99,-1.04
CBFF_COH,-830.7305338,2.79,4.74,4.88,1.88,3.29,4.7,-0.98
CBFF_CNHH,-790.9809347,3.2,3.91,4.77,2.18,3.1,3.83,-1.15
CBFF_CNMeMe,-948.192882,3.88,5.04,5.39,2.75,3.04,4.75,-1.62
CH_CH_CH,-232.1415,3.64,5.48,5.93,2.51,3.08,5.59,-1.37
CNMeMe_CH,-500.0467,3.99,4.21,4.64,2.83,3.02,4.63,-1.67
CNHH_CH_CH,-342.8735,4.06,4.49,4.77,2.89,3,4.77,-1.72
COH_CH_CH,-382.6095,4.15,5.09,5.19,2.95,3.01,5.09,-1.74
COCHHH_CH_CH,-461.1759,4.14,4.73,5.4,3,3.04,5.41,-1.86
CSH_CH_CH,-1028.5159,3.43,4,5.03,2.4,2.46,4.58,-1.38
CCHHH_CH_CH,-310.7596,3.75,5.08,5.67,2.61,2.95,5.68,-1.48
CSiHHH_CH_CH,-813.49,3.29,4.37,4.97,2.29,2.9,4.11,-1.28
CBHH_CH_CH,-282.9932,2.64,3.82,4.2,1.86,2.41,3.56,-1.08
CBFF_CH_CH,-680.288,2.74,4.8,4.95,1.88,2.77,4.51,-1.02
CF_CH_CH,-430.6295,3.97,5.43,5.99,2.74,3.11,6.01,-1.51
CCl_CH_CH,-1151.3396,3.46,4.77,6.06,2.4,2.75,5.53,-1.34
CCFFF_CH_CH,-906.231,3.1,5.42,6.01,2.11,3.04,5.8,-1.11
CCN_CH_CH,-416.6092,2.74,4.58,5.61,1.88,2.44,5.51,-1.03
CNOO_CH_CH,-641.0901,2.78,3.87,3.93,1.93,2.48,2.48,-1.07
CH_CNMeMe_CH,-500.0233,2.56,4.29,4.64,1.74,3.46,4.23,-0.92
CH_CNHH_CH,-342.8467,2.56,4.16,4.46,1.7,3.42,4.14,-0.84
CH_COH_CH,-382.5825,2.82,4.55,4.83,1.89,3.39,4.51,-0.96
CH_COCHHH_CH,-461.1613,3.06,5.15,5.28,2.1,3.33,5.12,-1.13
CH_CSH_CH,-1028.514,2.99,4.37,4.77,2.05,3.18,4.23,-1.1
CH_CCHHH_CH,-310.7586,3.3,5.45,5.47,2.27,3.22,5.45,-1.25
CH_CSiHHH_CH,-813.4966,3.6,5.36,5.93,2.47,3.03,5.19,-1.35
CH_CBHH_CH,-283.013,3.64,4.5,4.59,2.14,2.62,4.4,-0.64
CH_CBFF_CH,-680.3041,3.77,4.87,5.5,2.41,2.72,5.21,-1.06
CH_CF_CH,-430.6146,3.26,5.69,5.76,2.21,3.26,5.4,-1.16
CH_CCl_CH,-1151.3424,3.19,5.47,5.64,2.17,3.16,5.13,-1.15
CH_CCFFF_CH,-906.2484,3.89,5.32,6.2,2.64,2.94,5.65,-1.39
CH_CCN_CH,-416.6238,3.45,5.1,5.41,2.2,2.87,4.79,-0.94
CH_CNOO_CH,-641.1134,3.59,3.81,3.83,2.29,2.47,2.58,-0.99
CH_CH_CNMeMe,-500.0386,3.41,4.56,5.01,2.5,2.66,4.97,-1.58
CH_CH_CNHH,-342.8587,3.52,4.64,4.91,2.52,2.75,4.61,-1.52
CH_CH_COH,-382.5912,3.73,5,5.27,2.67,2.87,4.96,-1.61
CH_CH_COCHHH,-461.1738,3.81,5.15,5.5,2.8,2.89,5.51,-1.78
CH_CH_CSH,-1028.5148,3.36,4.57,4.66,2.37,2.66,4.48,-1.38
CH_CH_CCHHH,-310.7603,3.66,5.36,5.62,2.58,3.03,5.62,-1.51
CH_CH_CSiHHH,-813.493,3.64,5.27,5.43,2.54,2.99,5.21,-1.44
CH_CH_CBHH,-283.0043,3.34,4.75,4.89,2.2,2.72,3.77,-1.06
CH_CH_CBFF,-680.2962,3.57,5.18,5.6,2.42,2.89,4.42,-1.28
CH_CH_CF,-430.6178,3.89,5.51,6.09,2.73,3.04,6.03,-1.57
CH_CH_CCl,-1151.3425,3.65,5.11,6.08,2.55,2.9,5.39,-1.44
CH_CH_CCFFF,-906.2444,3.88,5.47,6.22,2.69,3.05,5.31,-1.5
CH_CH_CCN,-416.6176,3.6,4.99,5.67,2.42,2.78,4.52,-1.24
CH_CH_CNOO,-641.1032,3.74,4.06,4.4,2.58,2.58,2.62,-1.42
CNOO_COH_COH_CCN_CH_CNOO,-883.77475,1.81,3.72,3.83,0.9,2.4,2.55,0
CNOO_COH_COCHHH_CCN_CH_CNOO,-923.05377,1.63,3.78,3.84,0.8,2.49,2.51,0.02
CNOO_COH_COH_CCN_CBFF_CNOO,-1107.84796,1.81,3.77,3.83,0.92,2.52,2.56,-0.02
CNOO_CBFF_COH_CCN_CH_CNOO,-1032.63442,2.13,3.66,3.8,1.08,2.35,2.53,-0.03
CNOO_CBHH_COH_CCN_CH_CNOO,-834.0002,1.68,3.59,3.8,0.82,2.36,2.44,0.03
CNOO_COH_CBHH_CCN_CBFF_CNOO,-1058.0592,1.41,3.54,3.57,0.69,2.24,2.54,0.04
CNOO_COH_COH_CCN_CF_CNOO,-982.99893,1.93,3.8,3.88,0.94,2.49,2.61,0.05
CNOO_COH_CBHH_CCN_CH_CNOO,-833.98892,1.37,3.52,3.65,0.71,2.33,2.56,-0.05
CNOO_COH_COH_CCN_CH_CCN,-771.53433,1.82,3.82,4.21,0.94,2.43,2.67,-0.06
CNOO_COH_COH_CCN_CH_CSiHHH,-969.9811,1.83,3.86,4.28,0.94,2.59,2.75,-0.06
CNOO_COH_COH_CCN_CH_CCFFF,-1016.34844,1.9,3.85,4.36,0.99,2.65,2.7,-0.08
CNOO_COH_COH_CCN_CBHH_CNOO,-909.23467,1.84,3.72,3.79,0.87,2.2,2.65,0.11
CNOO_COH_COH_CCN_CH_CH,-679.30316,1.85,3.87,4.37,0.98,2.62,2.75,-0.11
CNOO_COH_CSH_CCN_CBFF_CNOO,-1430.81415,1.55,3.72,3.81,0.72,2.4,2.53,0.11
CNOO_COH_COH_CBHH_CH_CNOO,-816.98522,1.61,3.63,3.75,0.74,2.25,2.44,0.12
CNOO_COH_COH_CCN_CBFF_CCFFF,-1240.41687,1.93,3.85,4.35,1.03,2.64,2.69,-0.13
CNOO_COH_COH_CCN_CCHHH_CNOO,-923.08392,1.98,3.81,3.89,1.07,2.55,2.62,-0.15
CNOO_COH_COH_CCN_CCN_CNOO,-975.99495,1.88,3.75,3.85,1.02,2.33,2.4,-0.15
CNOO_COH_COH_CCN_CCl_CNOO,-1343.36011,1.95,3.8,3.88,1.05,2.45,2.54,-0.15
CNOO_COH_COH_CCN_CH_CBFF,-903.37761,1.78,3.83,4.29,0.81,2.58,2.71,0.17
CNOO_COH_CSH_CCN_CH_CNOO,-1206.74117,1.53,3.74,3.77,0.68,2.37,2.44,0.18
CNOO_COH_COH_CCN_CBFF_CCN,-995.60297,1.85,3.77,4.15,1.02,2.32,2.64,-0.19
CNOO_COH_COH_CCN_CBFF_CSiHHH,-1194.05073,1.85,3.78,4.21,1.02,2.43,2.71,-0.19
CNOO_COH_COH_CH_CH_CNOO,-791.55196,1.87,3.74,3.79,1.04,2.44,2.54,-0.21
CNOO_COH_COH_CCN_CSH_CNOO,-1281.95767,1.7,3.74,3.85,0.74,2.37,2.65,0.21
CNOO_COH_COH_CCN_CSiHHH_CNOO,-1174.44947,1.97,3.81,3.9,1.11,2.48,2.58,-0.25
CNOO_COH_COH_CCN_CBFF_CBFF,-1127.44343,1.92,3.81,4.32,1.09,2.47,2.68,-0.25
CCN_COH_COH_CCN_CBFF_CNOO,-995.60283,2,3.78,4.23,1.13,2.47,2.52,-0.25
CNOO_COH_COH_CCN_CBFF_CH,-903.37508,1.93,3.82,4.34,1.09,2.51,2.7,-0.26
CCN_COH_COH_CCN_CH_CNOO,-771.52903,2.04,3.74,4.12,1.15,2.4,2.47,-0.27
CNOO_COH_COH_CCN_CH_CNMeMe,-813.2668,1.68,3.61,3.96,0.98,2.01,3.06,-0.27
CNOO_COH_COH_CCN_CH_CCHHH,-718.6161,1.83,3.87,4.27,1.06,2.53,2.77,-0.3
CNOO_COH_COH_CCN_CH_CBHH,-704.73531,1.74,3.82,4.12,0.72,2.48,2.73,0.3
CNOO_COH_CCl_CCN_CH_CNOO,-1268.14195,1.72,3.72,3.83,1.02,2.39,2.51,-0.32
CNOO_COH_COH_CBFF_CH_CNOO,-1015.62148,2.09,3.76,3.85,1.2,2.44,2.67,-0.32
CNOO_COH_COH_CF_CH_CNOO,-890.78115,1.88,3.75,3.89,1.1,2.44,2.56,-0.32
CNOO_COH_COCHHH_CCN_CBFF_CNOO,-1147.1279,1.76,3.76,3.84,1.04,2.5,2.55,-0.32
CBFF_COH_COH_CCN_CBFF_CNOO,-1127.4478,2.11,3.8,4.26,1.22,2.53,2.53,-0.33
CBFF_COH_COH_CCN_CH_CNOO,-903.3738,2.13,3.76,4.15,1.23,2.44,2.53,-0.34
CNOO_COH_COH_CCN_CNOO_CNOO,-1088.23178,2,3.77,3.93,1.17,2.43,2.52,-0.34
CNOO_COH_CCN_CCN_CH_CNOO,-900.781,1.76,3.61,3.81,1.05,2.25,2.52,-0.34
CNOO_COH_COH_CCN_CH_CCl,-1138.90017,1.84,3.84,4.18,1.09,2.41,2.73,-0.34
CNOO_COH_COH_CNOO_CH_CNOO,-996.01173,2.07,3.74,3.81,1.21,2.4,2.45,-0.35
CNOO_COH_CCl_CCN_CBFF_CNOO,-1492.21546,1.76,3.69,3.82,1.05,2.51,2.52,-0.35
CNOO_COH_CSiHHH_CCN_CH_CNOO,-1099.23345,1.68,3.68,3.83,1.02,2.35,2.59,-0.35
CNOO_COH_CBFF_CCN_CH_CNOO,-1032.62673,1.82,3.73,3.82,1.09,2.38,2.6,-0.36
CNOO_COH_COH_CCN_COCHHH_CNOO,-998.28638,1.79,3.77,3.84,0.71,2.64,2.74,0.36
CNOO_COH_CCN_CCN_CBFF_CNOO,-1124.85378,1.79,3.69,3.81,1.08,2.42,2.54,-0.38
CNOO_COH_COH_CCN_CH_COCHHH,-793.81685,1.63,3.83,4,1,2.18,2.84,-0.38
CNOO_COH_CSiHHH_CCN_CBFF_CNOO,-1323.30668,1.72,3.77,3.85,1.05,2.47,2.59,-0.38
CNOO_COH_COH_CCN_CH_CNHH,-734.67468,1.69,3.83,3.95,1.03,2.16,2.97,-0.38
CNOO_COH_CBFF_CCN_CBFF_CNOO,-1256.69886,1.82,3.71,3.81,1.1,2.44,2.59,-0.38
CNOO_COH_CCHHH_CCN_CH_CNOO,-847.86351,1.76,3.7,3.85,1.08,2.39,2.55,-0.4
CNOO_COH_CH_CCN_CH_CNOO,-808.55227,1.79,3.67,3.84,1.09,2.32,2.6,-0.4
CNOO_COH_CF_CCN_CH_CNOO,-907.77687,1.94,3.72,3.85,1.17,2.35,2.56,-0.4
CNOO_COH_COH_CCN_CH_CSH,-1077.49204,1.71,3.66,3.96,1.06,2.14,2.78,-0.41
CNOO_COH_CF_CCN_CBFF_CNOO,-1131.84975,1.94,3.77,3.84,1.18,2.47,2.56,-0.41
CNOO_COH_CCHHH_CCN_CBFF_CNOO,-1071.9371,1.78,3.78,3.85,1.1,2.52,2.56,-0.42
CNOO_COH_COH_CCN_CBFF_CBHH,-928.80303,1.93,3.8,4.24,1.17,2.4,2.73,-0.42
CNOO_COH_COH_CSiHHH_CH_CNOO,-1082.22809,2.07,3.76,3.81,1.24,2.47,2.66,-0.42
CNOO_COH_CH_CCN_CBFF_CNOO,-1032.62536,1.81,3.77,3.85,1.12,2.45,2.59,-0.42
CCFFF_COH_COH_CCN_CBFF_CNOO,-1240.41639,2.26,3.82,4.36,1.34,2.55,2.62,-0.43
CCFFF_COH_COH_CCN_CH_CNOO,-1016.34248,2.29,3.77,4.17,1.36,2.43,2.62,-0.43
CNOO_COH_COH_CCN_CCFFF_CNOO,-1220.80618,2.15,3.83,4.04,1.3,2.53,2.56,-0.45
CNOO_COH_COH_CCl_CH_CNOO,-1251.14005,2.07,3.75,3.82,1.26,2.45,2.54,-0.46
CNOO_CNHH_COH_CCN_CH_CNOO,-863.90878,2.37,3.75,3.81,1.42,2.41,2.56,-0.46
CNOO_COH_COH_CCN_CBFF_CCHHH,-942.68944,1.96,3.81,4.25,1.21,2.44,2.74,-0.46
CNOO_COH_CCFFF_CCN_CH_CNOO,-1145.59142,1.92,3.73,3.82,1.19,2.35,2.59,-0.46
CNOO_COH_COH_CCN_CH_CF,-778.53783,1.91,3.87,4.34,1.19,2.49,2.74,-0.47
CNOO_COH_COH_CCFFF_CH_CNOO,-1128.58466,2.2,3.77,3.88,1.33,2.43,2.63,-0.47
CNOO_COH_COH_CCN_CBFF_CCl,-1362.97232,1.95,3.78,4.15,1.21,2.33,2.7,-0.48
CNOO_COH_COH_CNHH_CH_CNOO,-846.91467,1.95,3.4,3.8,1.22,2.02,2.54,-0.49
CNOO_COH_COH_COCHHH_CH_CNOO,-906.06288,2.05,3.77,3.85,1.27,2.49,2.51,-0.5
CNOO_COH_CCHHH_CCN_CBFF_CCN,-959.69031,1.88,3.79,4.24,1.19,2.39,2.63,-0.5
CNOO_COH_CCHHH_CCN_CBFF_CNMeMe,-1001.42301,1.98,3.55,3.93,1.25,2.09,3.12,-0.51
CNOO_CF_COH_CCN_CH_CNOO,-907.77665,2.41,3.76,3.86,1.46,2.41,2.48,-0.51
CNOO_COH_COH_CSH_CH_CNOO,-1189.72954,2.08,3.59,3.76,1.3,2.33,2.46,-0.52
CNOO_COH_CNOO_CCN_CH_CNOO,-1013.01869,2.01,3.81,3.82,1.26,2.42,2.56,-0.52
CNOO_COH_COH_CCN_CNHH_CNOO,-939.15907,1.51,3.85,3.93,0.49,2.79,3.03,0.53
CNOO_COH_COH_CCN_CH_COH,-754.53054,1.8,3.86,4.15,1.17,2.32,2.81,-0.53
CNOO_COH_CCHHH_CCN_CBFF_CCFFF,-1204.50256,1.89,3.86,4.32,1.21,2.61,2.67,-0.53
CNOO_COH_CCHHH_CCN_CBFF_CSiHHH,-1158.13259,1.84,3.8,4.2,1.19,2.47,2.69,-0.54
CNOO_COH_CCHHH_CCN_CBFF_COCHHH,-981.97954,1.85,3.81,3.92,1.19,2.33,2.91,-0.54
CNMeMe_COH_COH_CCN_CH_CNOO,-813.25193,2.93,3.74,3.91,1.74,2.46,2.68,-0.54
CNOO_CNMeMe_COH_CCN_CH_CNOO,-942.49448,2.22,3.13,3.77,1.38,2.44,2.6,-0.54
CNOO_COH_CNOO_CCN_CBFF_CNOO,-1237.08925,2,3.72,3.82,1.28,2.4,2.54,-0.55
CNOO_COH_CCFFF_CCN_CBFF_CNOO,-1369.66642,2.02,3.73,3.79,1.29,2.55,2.6,-0.56
CNOO_COCHHH_COH_CCN_CH_CNOO,-923.05644,2.4,3.78,3.95,1.48,2.44,2.58,-0.56
CCl_COH_COH_CCN_CBFF_CNOO,-1362.96933,2.36,3.85,4.27,1.47,2.57,2.61,-0.58
COCHHH_COH_COH_CCN_CH_CNOO,-793.81745,2.28,4.19,4.58,1.43,2.39,2.53,-0.58
CNOO_COH_CCHHH_CCN_CBFF_CBFF,-1091.52699,1.92,3.82,4.3,1.25,2.52,2.68,-0.58
CCl_COH_COH_CCN_CH_CNOO,-1138.89481,2.41,3.79,4.22,1.5,2.47,2.57,-0.58
COCHHH_COH_COH_CCN_CBFF_CNOO,-1017.89717,2.17,3.63,4.04,1.38,2.25,3.01,-0.59
CNOO_CH_COH_CCN_CH_CNOO,-808.55628,2.59,3.75,3.76,1.59,2.43,2.5,-0.59
CNOO_COH_COH_CCHHH_CH_CNOO,-830.86261,2.19,3.78,3.85,1.39,2.49,2.66,-0.59
CNOO_COH_CCHHH_CCN_CBFF_CH,-867.45899,1.91,3.83,4.33,1.26,2.54,2.69,-0.6
CNOO_COH_COH_CCN_CBFF_CF,-1002.61177,2.06,3.81,4.32,1.34,2.42,2.71,-0.62
CF_COH_COH_CCN_CBFF_CNOO,-1002.60805,2.39,3.85,4.37,1.51,2.63,2.64,-0.64
CF_COH_COH_CCN_CH_CNOO,-778.53344,2.44,3.8,4.23,1.54,2.48,2.65,-0.64
CNOO_COH_COH_CCN_CBFF_CSH,-1301.56906,1.89,3.58,3.92,1.26,2.02,2.76,-0.64
CNOO_CCl_COH_CCN_CH_CNOO,-1268.14387,2.49,3.77,3.93,1.57,2.42,2.53,-0.65
CNOO_COH_COH_COH_CH_CNOO,-866.77145,2.13,3.75,3.82,1.4,2.42,2.49,-0.66
CSH_COH_COH_CCN_CH_CNOO,-1077.48776,2.79,3.83,3.87,1.72,2.39,2.55,-0.66
CNOO_CCHHH_COH_CCN_CH_CNOO,-847.86003,2.51,3.77,3.89,1.59,2.45,2.57,-0.67
CNOO_COH_CCHHH_CCN_CBFF_CBHH,-892.88661,1.89,3.82,4.28,1.28,2.48,2.73,-0.67
CSH_COH_COH_CCN_CBFF_CNOO,-1301.56267,2.77,3.8,3.9,1.72,2.38,2.69,-0.68
CNOO_CSiHHH_COH_CCN_CH_CNOO,-1099.23637,2.52,3.76,3.8,1.6,2.44,2.57,-0.68
CNOO_COH_CCHHH_CCN_CBFF_CCl,-1327.06033,1.91,3.79,4.18,1.3,2.42,2.7,-0.69
CSiHHH_COH_COH_CCN_CBFF_CNOO,-1194.05337,2.59,3.84,4.31,1.64,2.58,2.6,-0.7
CSiHHH_COH_COH_CCN_CH_CNOO,-969.97858,2.62,3.8,4.2,1.66,2.5,2.58,-0.7
CNOO_COH_CCHHH_CCN_CBFF_CCHHH,-906.77261,1.92,3.81,4.29,1.32,2.48,2.73,-0.72
CNOO_CCN_COH_CCN_CH_CNOO,-900.78639,2.62,3.74,3.79,1.68,2.39,2.42,-0.73
CNHH_COH_COH_CCN_CH_CNOO,-734.66886,3.02,3.89,4.01,1.88,2.48,2.66,-0.74
CBFF_COH_CCHHH_CCN_CBFF_COCHHH,-1001.57426,2.15,4.13,5.25,1.45,2.4,4.26,-0.74
CH_COH_COH_CCN_CBFF_CNOO,-903.37704,2.61,3.84,4.4,1.68,2.59,2.67,-0.74
CNOO_COH_COH_CCN_CBFF_COCHHH,-1017.89413,1.92,3.72,4.01,1.33,2.12,2.8,-0.74
CNOO_COH_CCHHH_CCN_CBFF_CSH,-1265.65603,1.84,3.64,3.9,1.29,2.18,2.77,-0.74
CNMeMe_COH_COH_CCN_CBFF_CNOO,-1037.33329,2.83,3.55,4.01,1.79,2.33,3.22,-0.75
CH_COH_COH_CCN_CH_CNOO,-679.30239,2.65,3.81,4.22,1.7,2.49,2.67,-0.75
CNOO_CSH_COH_CCN_CH_CNOO,-1206.7403,2.58,3.74,3.78,1.68,2.43,2.52,-0.77
CNOO_COH_COH_CCN_CBFF_CNMeMe,-1037.3381,1.87,3.46,3.92,1.33,1.86,2.96,-0.78
CNOO_COH_COH_CNMeMe_CH_CNOO,-925.50413,2.4,3.31,3.85,1.59,2.19,2.63,-0.78
CNOO_COH_CCHHH_CCN_CBFF_CF,-966.70214,2,3.82,4.33,1.39,2.52,2.73,-0.78
CCN_COH_CCHHH_CCN_CBFF_COCHHH,-869.73456,2.23,4.22,5.39,1.51,2.43,4.32,-0.8
CNHH_COH_CCHHH_CCN_CBFF_COCHHH,-832.86823,3.34,4.05,4.88,2.07,2.68,4.43,-0.81
CCHHH_COH_COH_CCN_CH_CNOO,-718.61166,2.78,3.83,4.26,1.79,2.53,2.68,-0.81
CNOO_COH_COH_CCN_COH_CNOO,-958.99752,1.58,3.84,3.97,0.38,2.64,2.73,0.81
CCHHH_COH_COH_CCN_CBFF_CNOO,-942.68663,2.74,3.88,4.39,1.78,2.65,2.67,-0.81
CNOO_COH_CCHHH_CCN_CBFF_CNHH,-922.84618,2.1,3.8,3.92,1.46,2.31,2.99,-0.81
CNOO_COH_COH_CCN_CBFF_COH,-978.61373,2.04,3.78,4.13,1.43,2.26,2.79,-0.82
CNOO_COH_COH_CCN_CNMeMe_CNOO,-1017.74713,2.34,3.84,3.99,1.59,1.79,2.81,-0.84
CNOO_CNOO_COH_CCN_CH_CNOO,-1013.03701,3.03,3.78,3.87,1.95,2.41,2.5,-0.86
CNOO_CCFFF_COH_CCN_CH_CNOO,-1145.59779,2.99,3.78,3.9,1.93,2.43,2.53,-0.87
CNHH_COH_COH_CCN_CBFF_CNOO,-958.74944,2.92,3.72,3.97,1.91,2.36,3.33,-0.9
CCFFF_COH_CCHHH_CCN_CBFF_COCHHH,-1114.5421,2.42,4.4,5.46,1.66,2.55,4.34,-0.9
COH_COH_COH_CCN_CH_CNOO,-754.53019,3.07,3.87,4.31,1.99,2.58,2.59,-0.9
CNOO_COH_CCHHH_CCN_CBFF_COH,-942.70458,2.02,3.82,4.1,1.47,2.4,2.83,-0.91
COH_COH_COH_CCN_CBFF_CNOO,-978.60539,3.05,3.93,4.22,1.99,2.57,2.73,-0.94
CBHH_COH_CCHHH_CCN_CBFF_COCHHH,-802.93785,3.42,4.35,4.87,2.18,2.79,4.65,-0.95
CSH_COH_CCHHH_CCN_CBFF_COCHHH,-1175.6852,2.49,4.34,4.74,1.73,2.63,4.32,-0.96
COCHHH_COH_CCHHH_CCN_CBFF_COCHHH,-892.01753,2.75,4.31,5.1,1.86,2.55,4.33,-0.97
CCl_COH_CCHHH_CCN_CBFF_COCHHH,-1237.09501,2.57,4.37,5.16,1.77,2.57,4.37,-0.98
CNOO_COH_COH_CCN_CBFF_CNHH,-958.75942,2.04,3.7,3.97,1.51,2.1,2.9,-0.99
COH_COH_CCHHH_CCN_CBFF_COCHHH,-852.72859,2.77,4.41,5.02,1.88,2.58,4.33,-0.99
CSiHHH_COH_CCHHH_CCN_CBFF_COCHHH,-1068.17418,2.69,4.36,5.08,1.85,2.59,4.41,-1
CBHH_COH_COH_CCN_CBFF_CNOO,-928.80882,3.11,3.87,4.26,2.06,2.62,2.66,-1.01
CBHH_COH_COH_CCN_CH_CNOO,-704.73445,3.14,3.84,4.26,2.08,2.54,2.62,-1.01
CF_COH_CCHHH_CCN_CBFF_COCHHH,-876.73672,2.75,4.58,5.24,1.88,2.67,4.39,-1.02
CNMeMe_COH_CCHHH_CCN_CBFF_COCHHH,-911.45649,2.61,4.51,4.66,1.82,2.77,4.31,-1.02
CCHHH_COH_CCHHH_CCN_CBFF_COCHHH,-816.805,2.78,4.44,5.16,1.91,2.62,4.42,-1.03
CH_COH_CCHHH_CCN_CBFF_COCHHH,-777.50205,2.76,4.62,5.13,1.9,2.74,4.43,-1.03
CNMeMe_COH_CCHHH_CNHH_CBFF_COCHHH,-874.5885,3.51,4.19,4.54,2.28,2.91,4.43,-1.06
CNMeMe_COH_CCHHH_CBFF_CBFF_COCHHH,-1043.29337,2.84,4.12,4.91,1.96,2.82,4.19,-1.08
CNMeMe_COH_CCHHH_CNOO_CBFF_COCHHH,-1023.70494,2.56,3.8,3.89,1.82,2.64,2.72,-1.09
CNMeMe_COH_CCHHH_CSiHHH_CBFF_COCHHH,-1109.89006,2.85,3.92,4.93,1.98,2.72,4.18,-1.1
CNMeMe_COH_CCHHH_CCFFF_CBFF_COCHHH,-1156.26057,2.72,4.25,5.05,1.92,2.79,4.42,-1.11
CNMeMe_COH_CCHHH_COCHHH_CBFF_COCHHH,-933.73539,3.37,4.26,4.69,2.25,2.86,4.46,-1.13
CNMeMe_COH_CCHHH_CH_CBFF_COCHHH,-819.22372,3.13,4.83,4.94,2.13,3.1,4.4,-1.13
CNMeMe_COH_CCHHH_CSH_CBFF_COCHHH,-1217.40726,3.11,4.14,4.86,2.13,2.76,4.38,-1.16
CNMeMe_COH_CCHHH_CBHH_CBFF_COCHHH,-844.64447,3.37,4.8,5,2.27,3.03,4.61,-1.16
CNMeMe_COH_CCHHH_COH_CBFF_COCHHH,-894.46398,3.47,4.66,4.85,2.32,3.04,4.44,-1.17
CNMeMe_COH_CCHHH_CCl_CBFF_COCHHH,-1278.82282,3.05,4.72,4.99,2.12,2.98,4.54,-1.2
CNMeMe_COH_CCHHH_CF_CBFF_COCHHH,-918.46661,3.29,4.95,4.96,2.24,3.1,4.61,-1.2
CNMeMe_COH_CCHHH_CCHHH_CBFF_COCHHH,-858.52747,3.14,4.41,4.85,2.17,2.93,4.43,-1.21
CNMeMe_COCHHH_CCHHH_COH_CBFF_COCHHH,-933.74657,4.02,4.08,4.93,2.62,3.01,4.78,-1.21
CNMeMe_CBHH_CCHHH_COH_CBFF_COCHHH,-844.6716,3.3,3.86,4.86,2.26,2.51,4.23,-1.22
CNMeMe_CH_CCHHH_COH_CBFF_COCHHH,-819.23704,3.99,4.27,4.88,2.61,3.06,4.84,-1.23
CNMeMe_CCHHH_CCHHH_COH_CBFF_COCHHH,-858.54145,3.92,4.03,4.86,2.58,2.91,4.75,-1.23
CNMeMe_CSiHHH_CCHHH_COH_CBFF_COCHHH,-1109.91153,3.82,4.08,4.93,2.53,2.93,4.77,-1.24
CNMeMe_COH_CCHHH_CNMeMe_CBFF_COCHHH,-953.17564,3.55,3.92,4.43,2.4,2.86,4.35,-1.25
CNMeMe_CNMeMe_CCHHH_COH_CBFF_COCHHH,-953.17583,3.4,4.05,4.32,2.33,2.96,4.24,-1.26
CNMeMe_CBFF_CCHHH_COH_CBFF_COCHHH,-1043.31754,3.59,4.1,4.95,2.43,2.84,4.68,-1.27
CNMeMe_CSiHHH_CCHHH_COH_CNOO_COCHHH,-1090.32871,3.39,3.74,4.13,2.33,2.55,3.45,-1.28
CNMeMe_CNHH_CCHHH_COH_CBFF_COCHHH,-874.57903,3.44,4.22,4.25,2.36,2.88,4.21,-1.28
CNMeMe_CCl_CCHHH_COH_CBFF_COCHHH,-1278.83766,3.99,4,4.98,2.64,2.99,4.76,-1.3
CNMeMe_CF_CCHHH_COH_CBFF_COCHHH,-918.47728,4.12,4.22,5,2.72,3.13,4.84,-1.32
CNMeMe_CSH_CCHHH_COH_CBFF_COCHHH,-1217.42153,3.63,3.95,4.64,2.48,2.83,4.53,-1.32
CNMeMe_CSiHHH_CCHHH_COH_CSiHHH_COCHHH,-1176.50484,3.98,4.07,4.74,2.66,3.05,4.71,-1.34
CNMeMe_CCN_CCHHH_COH_CBFF_COCHHH,-911.48471,3.8,4.11,5.16,2.57,2.89,4.82,-1.34
CNMeMe_CSiHHH_CCHHH_COH_CCN_COCHHH,-978.07447,3.97,4.03,5.09,2.69,2.93,5.02,-1.4
CNMeMe_CSiHHH_CCHHH_COH_CH_COCHHH,-885.82455,4.01,4.19,4.68,2.72,3.08,4.66,-1.42
CNMeMe_CSiHHH_CCHHH_COH_CBHH_COCHHH,-911.2538,3.33,4.44,4.56,2.38,2.84,4.44,-1.43
CNMeMe_CSiHHH_CCHHH_COH_CCFFF_COCHHH,-1222.88285,4.02,4.2,5.03,2.73,3.16,5,-1.45
CNMeMe_CCFFF_CCHHH_COH_CBFF_COCHHH,-1156.28938,3.86,4.26,5.06,2.66,3.08,4.74,-1.46
CNMeMe_CSiHHH_CCHHH_COH_CF_COCHHH,-985.06264,3.92,4.32,4.48,2.71,3.01,4.41,-1.5
CNMeMe_CSiHHH_CCHHH_COH_CCHHH_COCHHH,-925.13105,3.92,4.17,4.62,2.75,2.95,4.59,-1.58
CNMeMe_CNOO_CCHHH_COH_CBFF_COCHHH,-1023.7309,3.39,3.77,4.17,2.49,2.73,2.89,-1.59
CNMeMe_CSiHHH_CCHHH_COH_CNHH_COCHHH,-941.18481,4.05,4.17,4.55,2.84,3.04,4.51,-1.64
CNMeMe_CSiHHH_CCHHH_COH_CSH_COCHHH,-1284.01535,3.89,4.07,4.71,2.76,2.92,4.62,-1.64
CNMeMe_CSiHHH_CCHHH_COH_CNMeMe_COCHHH,-1019.77658,4.1,4.19,4.74,2.88,3.1,4.71,-1.67
CNMeMe_CSiHHH_CCHHH_COH_COCHHH_COCHHH,-1000.33783,3.89,4.3,4.51,2.78,3.06,4.46,-1.68
CNMeMe_CSiHHH_CCHHH_COH_CCl_COCHHH,-1345.42605,3.94,4.16,4.83,2.82,2.96,4.77,-1.7
CNMeMe_CSiHHH_CCHHH_COH_COH_COCHHH,-961.05221,3.84,4.34,4.34,2.81,3.02,4.27,-1.77
CNOO_COH_CNHH_CCN_CBFF_CNOO,-1087.9956,1.46,3.52,3.77,-0.16,2.48,2.64,1.78
CNOO_COH_CNHH_CCN_CH_CNOO,-863.92351,1.46,3.58,3.77,-0.25,2.49,2.6,1.96
CNOO_COH_CNMeMe_CCN_CH_CNOO,-942.50501,1.51,3.54,3.73,-0.33,2.46,2.67,2.17
CNOO_COH_CNMeMe_CCN_CBFF_CNOO,-1166.57682,1.43,3.4,3.71,-0.38,2.37,2.7,2.2